ticket_id,cliente_id,data_abertura,canal,categoria,prioridade,tempo_resposta_horas,tempo_resolucao_horas,satisfacao_cliente
TCK-00001,CLI-017,2026-01-05,chat,duvida_de_uso,media,"1,54",6.833510137215995,4.0
TCK-00002,CLI-140,2026-01-05,email,cobranca,media,"2,05",6.664002767364921,5.0
TCK-00003,CLI-118,2026-01-05,telefone,bug,baixa,"2,04",6.184527877880782,4.0
TCK-00004,CLI-079,2026-01-05,email,bug,critica,"5,19",10.471215329965956,3.0
TCK-00005,CLI-078,2026-01-05,chat,cobranca,baixa,"0,63",3.0494261076841487,4.0
TCK-00006,CLI-155,2026-01-05,email,cobranca,baixa,"1,54",3.4561364576689653,4.0
TCK-00007,CLI-016,2026-01-05,chat,duvida_de_uso,baixa,"2,63",8.843310551020043,4.0
TCK-00008,CLI-126,2026-01-05,email,cobranca,critica,"3,82",11.085605156318962,4.0
TCK-00009,CLI-037,2026-01-05,email,cobranca,alta,"6,75",15.088345465371388,5.0
TCK-00010,CLI-017,2026-01-05,chat,duvida_de_uso,media,"0,73",4.978145461513427,4.0
TCK-00011,CLI-095,2026-01-05,email,elogio,critica,"12,03",25.971921390297602,4.0
TCK-00012,CLI-176,2026-01-05,email,cobranca,baixa,"2,51",7.661045643214115,5.0
TCK-00013,CLI-133,2026-01-05,telefone,cobranca,alta,"3,72",11.778120405285456,4.0
TCK-00014,CLI-138,2026-01-05,email,duvida_de_uso,baixa,"2,41",5.80346580764099,5.0
TCK-00015,CLI-130,2026-01-05,chat,bug,media,"0,63",3.607603028823217,4.0
TCK-00016,CLI-142,2026-01-05,chat,bug,baixa,"2,05",5.982635133461193,4.0
TCK-00017,CLI-093,2026-01-05,email,cobranca,critica,"5,76",14.331575707287422,4.0
TCK-00018,CLI-024,2026-01-05,chat,cobranca,critica,"1,81",4.111610532442782,4.0
TCK-00019,CLI-152,2026-01-05,email,bug,media,"1,70",8.237531901450506,5.0
TCK-00020,CLI-082,2026-01-05,chat,duvida_de_uso,baixa,"4,14",11.303066847935268,3.0
TCK-00021,CLI-091,2026-01-05,email,bug,baixa,"7,09",18.39070144881332,4.0
TCK-00022,CLI-067,2026-01-05,email,bug,media,"2,90",8.152484641499203,5.0
TCK-00023,CLI-033,2026-01-05,email,elogio,media,"4,59",10.439783941176593,5.0
TCK-00024,CLI-167,2026-01-05,telefone,duvida_de_uso,baixa,"6,87",16.355747885341756,
TCK-00025,CLI-141,2026-01-05,chat,bug,alta,"3,43",10.71227412308403,4.0
TCK-00026,CLI-116,2026-01-05,telefone,duvida_de_uso,media,"4,50",10.022125426555853,4.0
TCK-00027,CLI-073,2026-01-06,chat,duvida_de_uso,critica,"3,33",5.989602876496926,3.0
TCK-00028,CLI-149,2026-01-06,chat,cobranca,media,"2,90",5.473165259737995,
TCK-00029,CLI-099,2026-01-06,chat,elogio,media,"2,14",7.241843175552174,4.0
TCK-00030,CLI-080,2026-01-06,telefone,duvida_de_uso,media,"1,19",7.460116717376356,4.0
TCK-00031,CLI-082,2026-01-06,chat,duvida_de_uso,baixa,"0,89",2.651105946205678,
TCK-00032,CLI-041,2026-01-06,email,duvida_de_uso,media,"4,98",11.554900037800344,4.0
TCK-00033,CLI-017,2026-01-06,chat,duvida_de_uso,alta,"1,43",5.059024872961514,
TCK-00034,CLI-100,2026-01-06,chat,bug,baixa,"2,91",11.118496267386128,4.0
TCK-00035,CLI-160,2026-01-06,email,bug,media,"1,16",8.483040120758814,4.0
TCK-00036,CLI-012,2026-01-06,email,cobranca,alta,"1,85",6.961171471695676,5.0
TCK-00037,CLI-155,2026-01-06,email,duvida_de_uso,media,,9.784899088813413,4.0
TCK-00038,CLI-149,2026-01-06,telefone,duvida_de_uso,media,"0,31",4.869629279196028,5.0
TCK-00039,CLI-050,2026-01-06,email,bug,alta,"1,64",4.030363944769249,5.0
TCK-00040,CLI-114,2026-01-06,telefone,cobranca,media,"2,06",7.759932940360746,5.0
TCK-00041,CLI-030,2026-01-06,email,bug,baixa,"4,03",8.728409991426975,4.0
TCK-00042,CLI-137,2026-01-06,chat,duvida_de_uso,alta,"1,73",5.84906682921926,4.0
TCK-00043,CLI-127,2026-01-06,email,cobranca,critica,"4,19",12.260256726127125,5.0
TCK-00044,CLI-064,2026-01-06,telefone,duvida_de_uso,baixa,,9.714221763400216,4.0
TCK-00045,CLI-013,2026-01-06,chat,elogio,baixa,"1,67",7.659020594878742,4.0
TCK-00046,CLI-175,2026-01-07,email,bug,alta,"2,07",8.682417542005213,5.0
TCK-00047,CLI-081,2026-01-07,email,cobranca,media,"3,76",7.1280848718821295,5.0
TCK-00048,CLI-161,2026-01-07,email,elogio,media,"8,21",14.514067691267734,3.0
TCK-00049,CLI-123,2026-01-07,email,duvida_de_uso,media,"2,06",8.457677466770107,4.0
TCK-00050,CLI-141,2026-01-07,chat,cobranca,alta,"7,02",17.447359276517073,3.0
TCK-00051,CLI-137,2026-01-07,telefone,duvida_de_uso,media,"3,81",10.245688019453999,5.0
TCK-00052,CLI-036,2026-01-07,chat,cobranca,baixa,,10.622140694593757,5.0
TCK-00053,CLI-066,2026-01-07,chat,elogio,baixa,"2,78",9.339679721612434,3.0
TCK-00054,CLI-085,2026-01-07,email,cobranca,media,"5,13",13.552211612745541,5.0
TCK-00055,CLI-090,2026-01-07,telefone,elogio,critica,"1,63",5.474005566170936,5.0
TCK-00056,CLI-008,2026-01-07,telefone,duvida_de_uso,media,"2,37",8.705711493696255,5.0
TCK-00057,CLI-099,2026-01-07,email,duvida_de_uso,media,"0,69",3.725591796518948,4.0
TCK-00058,CLI-028,2026-01-07,telefone,bug,critica,,8.70610017114607,4.0
TCK-00059,CLI-134,2026-01-07,email,cobranca,media,"5,48",13.168327384746984,3.0
TCK-00060,CLI-123,2026-01-07,telefone,cobranca,media,"2,98",7.082622555850464,4.0
TCK-00061,CLI-167,2026-01-07,telefone,duvida_de_uso,baixa,"6,76",14.06145237754552,4.0
TCK-00062,CLI-135,2026-01-07,chat,bug,alta,"1,54",9.124024641776947,
TCK-00063,CLI-066,2026-01-07,email,duvida_de_uso,alta,,5.180165865128809,5.0
TCK-00064,CLI-175,2026-01-07,chat,cobranca,alta,"1,37",6.028080176997902,5.0
TCK-00065,CLI-074,2026-01-07,email,elogio,media,"5,86",14.42179450508342,
TCK-00066,CLI-059,2026-01-07,chat,bug,media,"6,03",13.770156922571758,4.0
TCK-00067,CLI-163,2026-01-07,email,bug,baixa,"12,50",26.512273445321775,5.0
TCK-00068,CLI-067,2026-01-07,chat,duvida_de_uso,critica,"3,26",9.363927992351103,4.0
TCK-00069,CLI-014,2026-01-07,telefone,bug,baixa,"6,55",13.48215495796109,3.0
TCK-00070,CLI-085,2026-01-07,email,elogio,media,"0,88",5.380703871196488,5.0
TCK-00071,CLI-144,2026-01-07,email,duvida_de_uso,alta,,4.235047829432826,5.0
TCK-00072,CLI-035,2026-01-07,chat,duvida_de_uso,baixa,"1,01",7.437954943522779,4.0
TCK-00073,CLI-084,2026-01-07,email,bug,media,"8,55",19.034629148327298,4.0
TCK-00074,CLI-024,2026-01-07,email,duvida_de_uso,baixa,"8,47",17.192087759004867,4.0
TCK-00075,CLI-124,2026-01-08,email,elogio,media,"14,38",29.391065606584217,
TCK-00076,CLI-086,2026-01-08,email,duvida_de_uso,critica,"1,66",4.596333038133136,5.0
TCK-00077,CLI-060,2026-01-08,chat,bug,media,"1,95",6.897061155288073,4.0
TCK-00078,CLI-041,2026-01-08,chat,bug,critica,"0,41",3.403063888125379,5.0
TCK-00079,CLI-102,2026-01-08,email,elogio,baixa,"0,97",3.507748200964617,4.0
TCK-00080,CLI-121,2026-01-08,chat,elogio,media,"1,66",4.736563901303895,5.0
TCK-00081,CLI-170,2026-01-08,email,bug,critica,"1,72",9.755048845805934,5.0
TCK-00082,CLI-079,2026-01-08,email,duvida_de_uso,alta,"1,74",6.2729074204906565,5.0
TCK-00083,CLI-029,2026-01-08,chat,bug,media,"1,29",4.668305734568332,5.0
TCK-00084,CLI-150,2026-01-08,email,duvida_de_uso,alta,"9,21",18.679380831127286,3.0
TCK-00085,CLI-114,2026-01-08,chat,bug,alta,"4,45",11.723179896667325,
TCK-00086,CLI-127,2026-01-08,telefone,cobranca,alta,"1,47",4.6835996129415385,
TCK-00087,CLI-018,2026-01-08,chat,elogio,media,"4,37",9.222148337978554,2.0
TCK-00088,CLI-057,2026-01-08,chat,bug,baixa,"1,11",4.947591872709232,4.0
TCK-00089,CLI-139,2026-01-08,email,duvida_de_uso,baixa,"0,86",4.493645313189243,4.0
TCK-00090,CLI-150,2026-01-09,email,bug,media,"2,08",6.118913153253379,5.0
TCK-00091,CLI-079,2026-01-09,email,bug,media,"4,32",9.446666183220294,5.0
TCK-00092,CLI-145,2026-01-09,chat,bug,baixa,"0,97",4.165469348809387,4.0
TCK-00093,CLI-152,2026-01-09,telefone,bug,baixa,"5,37",11.9526149450568,4.0
TCK-00094,CLI-070,2026-01-09,email,elogio,media,"2,21",6.057932479324636,5.0
TCK-00095,CLI-162,2026-01-09,email,bug,media,"4,56",11.616108909399621,
TCK-00096,CLI-052,2026-01-09,email,cobranca,media,"1,45",8.95183914583583,4.0
TCK-00097,CLI-044,2026-01-09,chat,bug,media,"2,10",8.778228423657316,3.0
TCK-00098,CLI-123,2026-01-09,chat,duvida_de_uso,baixa,"1,00",7.713592569649797,4.0
TCK-00099,CLI-115,2026-01-09,chat,duvida_de_uso,alta,"1,70",5.214733479113167,4.0
TCK-00100,CLI-026,2026-01-09,telefone,elogio,media,"11,82",26.79485595475888,3.0
TCK-00101,CLI-150,2026-01-09,email,bug,baixa,"2,45",7.7598368772789135,5.0
TCK-00102,CLI-036,2026-01-09,chat,bug,media,"0,67",5.684535183157961,5.0
TCK-00103,CLI-145,2026-01-09,chat,cobranca,media,"2,20",7.651097401194945,3.0
TCK-00104,CLI-002,2026-01-09,email,cobranca,media,"3,72",9.178326352046964,4.0
TCK-00105,CLI-144,2026-01-09,telefone,cobranca,media,"3,70",10.739898575397158,4.0
TCK-00106,CLI-142,2026-01-09,email,bug,media,"5,15",12.98908676360937,4.0
TCK-00107,CLI-141,2026-01-09,chat,bug,alta,"1,42",2.8971431212171277,4.0
TCK-00108,CLI-120,2026-01-09,chat,cobranca,baixa,"3,31",8.764988133741031,3.0
TCK-00109,CLI-085,2026-01-09,telefone,duvida_de_uso,media,"3,39",10.41425001527689,5.0
TCK-00110,CLI-127,2026-01-09,chat,duvida_de_uso,baixa,"0,63",4.554954017298828,4.0
TCK-00111,CLI-050,2026-01-09,email,bug,media,"6,07",14.622580501016877,
TCK-00112,CLI-141,2026-01-10,telefone,bug,media,,8.963029169450344,4.0
TCK-00113,CLI-101,2026-01-10,chat,elogio,alta,"3,18",9.115955561264919,4.0
TCK-00114,CLI-083,2026-01-10,chat,cobranca,baixa,"0,71",4.1286469647419555,4.0
TCK-00115,CLI-092,2026-01-10,chat,bug,media,"3,79",9.518816009411593,
TCK-00116,CLI-103,2026-01-10,email,elogio,media,"13,91",27.012297745841312,3.0
TCK-00117,CLI-007,2026-01-10,chat,duvida_de_uso,media,"0,66",5.554730783087539,3.0
TCK-00118,CLI-026,2026-01-10,telefone,bug,alta,"6,94",16.014447208846427,4.0
TCK-00119,CLI-045,2026-01-10,email,duvida_de_uso,baixa,"3,95",10.479427334119709,4.0
TCK-00120,CLI-021,2026-01-10,chat,cobranca,media,"2,05",9.769304879316508,4.0
TCK-00121,CLI-080,2026-01-10,telefone,duvida_de_uso,media,,15.175447271452143,
TCK-00122,CLI-121,2026-01-10,chat,duvida_de_uso,alta,,11.16580924568548,4.0
TCK-00123,CLI-118,2026-01-10,telefone,cobranca,baixa,"8,15",18.079486248593902,4.0
TCK-00124,CLI-085,2026-01-10,email,bug,critica,"1,22",4.671910444895077,5.0
TCK-00125,CLI-154,2026-01-10,telefone,elogio,critica,"8,37",16.468636864257736,3.0
TCK-00126,CLI-102,2026-01-10,email,duvida_de_uso,alta,"4,52",11.503741333423633,4.0
TCK-00127,CLI-015,2026-01-10,chat,duvida_de_uso,baixa,"0,43",0.5,5.0
TCK-00128,CLI-138,2026-01-10,chat,cobranca,alta,"1,48",6.080225786394328,4.0
TCK-00129,CLI-104,2026-01-10,chat,duvida_de_uso,baixa,"2,41",7.813934052784698,4.0
TCK-00130,CLI-115,2026-01-10,telefone,duvida_de_uso,alta,"2,43",7.04678719958346,3.0
TCK-00131,CLI-102,2026-01-10,chat,duvida_de_uso,media,"1,86",6.211021448531551,4.0
TCK-00132,CLI-100,2026-01-10,chat,elogio,baixa,"1,29",3.45201589546281,4.0
TCK-00133,CLI-017,2026-01-10,email,cobranca,media,"18,76",38.84605247291354,2.0
TCK-00134,CLI-101,2026-01-10,chat,cobranca,alta,"3,34",8.513854604222676,3.0
TCK-00135,CLI-144,2026-01-10,chat,bug,alta,"2,19",5.491088359603708,5.0
TCK-00136,CLI-055,2026-01-10,email,duvida_de_uso,media,"1,42",6.375277941457965,5.0
TCK-00137,CLI-109,2026-01-11,chat,duvida_de_uso,media,"4,90",11.984316624173978,3.0
TCK-00138,CLI-006,2026-01-11,telefone,bug,alta,"5,07",11.583745513430857,5.0
TCK-00139,CLI-063,2026-01-11,chat,cobranca,alta,,3.9876160958356017,3.0
TCK-00140,CLI-079,2026-01-11,chat,bug,alta,"0,94",4.685992171834498,4.0
TCK-00141,CLI-177,2026-01-11,email,bug,media,"3,16",10.70825932341055,4.0
TCK-00142,CLI-039,2026-01-11,chat,bug,media,"2,21",7.683923923157856,3.0
TCK-00143,CLI-050,2026-01-11,email,bug,alta,"5,48",12.81345778479807,5.0
TCK-00144,CLI-074,2026-01-11,email,bug,baixa,"3,33",10.265323493443857,
TCK-00145,CLI-179,2026-01-11,chat,duvida_de_uso,media,"3,49",9.320891853884769,5.0
TCK-00146,CLI-154,2026-01-11,email,duvida_de_uso,baixa,"2,43",7.978974620944689,4.0
TCK-00147,CLI-007,2026-01-11,email,bug,media,"3,33",9.225726928713174,4.0
TCK-00148,CLI-043,2026-01-11,chat,bug,alta,"5,02",12.92581280470298,3.0
TCK-00149,CLI-148,2026-01-11,email,cobranca,baixa,"6,00",13.13528818743171,
TCK-00150,CLI-011,2026-01-11,email,bug,media,"3,49",7.568966861449106,
TCK-00151,CLI-155,2026-01-11,email,duvida_de_uso,baixa,"4,41",12.29061035657626,5.0
TCK-00152,CLI-051,2026-01-11,chat,duvida_de_uso,alta,"2,01",8.869234386966633,4.0
TCK-00153,CLI-166,2026-01-11,email,duvida_de_uso,alta,"0,98",3.12767701375135,5.0
TCK-00154,CLI-053,2026-01-11,chat,cobranca,media,"6,21",14.440613391546327,5.0
TCK-00155,CLI-079,2026-01-11,chat,duvida_de_uso,alta,"0,99",4.111754666822308,5.0
TCK-00156,CLI-120,2026-01-11,email,elogio,baixa,"2,59",8.979973431736079,5.0
TCK-00157,CLI-023,2026-01-11,telefone,cobranca,alta,,33.399977249210636,3.0
TCK-00158,CLI-101,2026-01-11,email,bug,alta,"1,37",10.458018621198594,4.0
TCK-00159,CLI-091,2026-01-11,chat,bug,baixa,"1,92",6.000139692341032,4.0
TCK-00160,CLI-142,2026-01-11,email,bug,critica,,21.052120770077796,3.0
TCK-00161,CLI-180,2026-01-11,chat,duvida_de_uso,baixa,"7,12",18.26376769565596,4.0
TCK-00162,CLI-120,2026-01-11,email,duvida_de_uso,media,"5,02",12.829330183149416,3.0
TCK-00163,CLI-074,2026-01-11,telefone,bug,baixa,"8,22",17.845065268769453,4.0
TCK-00164,CLI-074,2026-01-11,email,bug,alta,"2,95",8.447021399702741,4.0
TCK-00165,CLI-076,2026-01-11,chat,duvida_de_uso,baixa,"0,12",3.2313072781584884,3.0
TCK-00166,CLI-147,2026-01-12,email,cobranca,baixa,"7,72",18.59834634978688,3.0
TCK-00167,CLI-058,2026-01-12,email,cobranca,media,"3,43",7.858694291231192,5.0
TCK-00168,CLI-031,2026-01-12,email,elogio,critica,"2,68",7.583573428081315,4.0
TCK-00169,CLI-061,2026-01-12,chat,bug,baixa,"1,49",5.267273037411286,5.0
TCK-00170,CLI-005,2026-01-12,chat,duvida_de_uso,media,"3,44",6.603080599201332,
TCK-00171,CLI-020,2026-01-12,telefone,elogio,media,"5,69",14.523716518958944,4.0
TCK-00172,CLI-017,2026-01-12,chat,cobranca,alta,"2,10",8.378903499064215,4.0
TCK-00173,CLI-139,2026-01-12,telefone,duvida_de_uso,baixa,"4,84",10.764954768714102,4.0
TCK-00174,CLI-131,2026-01-12,email,duvida_de_uso,media,"1,35",6.966232671581977,
TCK-00175,CLI-126,2026-01-12,chat,bug,critica,"1,79",3.845074290739861,4.0
TCK-00176,CLI-084,2026-01-12,chat,cobranca,media,"0,84",4.5513681052534345,4.0
TCK-00177,CLI-130,2026-01-12,chat,duvida_de_uso,media,"0,82",4.278626835430773,4.0
TCK-00178,CLI-030,2026-01-12,telefone,duvida_de_uso,alta,"4,51",11.250374926101639,4.0
TCK-00179,CLI-163,2026-01-12,chat,duvida_de_uso,media,"2,19",7.065469796700549,4.0
TCK-00180,CLI-091,2026-01-12,telefone,duvida_de_uso,media,,7.268582327776204,5.0
TCK-00181,CLI-169,2026-01-12,chat,bug,media,"1,72",5.513275813330466,3.0
TCK-00182,CLI-028,2026-01-12,email,cobranca,alta,"4,79",11.461765520454625,4.0
TCK-00183,CLI-090,2026-01-12,chat,duvida_de_uso,critica,"3,49",11.327867257226533,3.0
TCK-00184,CLI-126,2026-01-12,chat,bug,media,"3,10",7.711892781843886,3.0
TCK-00185,CLI-090,2026-01-12,telefone,duvida_de_uso,media,"0,67",7.596456503350337,5.0
TCK-00186,CLI-081,2026-01-13,telefone,elogio,media,"0,29",2.5671248963081212,5.0
TCK-00187,CLI-030,2026-01-13,email,duvida_de_uso,baixa,"1,79",6.590140296406851,5.0
TCK-00188,CLI-069,2026-01-13,email,duvida_de_uso,baixa,,4.386354030793973,5.0
TCK-00189,CLI-043,2026-01-13,email,duvida_de_uso,baixa,,19.73579568364753,4.0
TCK-00190,CLI-055,2026-01-13,chat,cobranca,baixa,"1,67",8.086489192338167,4.0
TCK-00191,CLI-124,2026-01-13,email,cobranca,alta,"1,05",5.70268326703858,5.0
TCK-00192,CLI-114,2026-01-13,chat,cobranca,baixa,"1,66",5.677619078396541,4.0
TCK-00193,CLI-110,2026-01-13,chat,bug,baixa,"0,31",5.606587566736414,5.0
TCK-00194,CLI-066,2026-01-13,telefone,elogio,media,"1,07",3.4055287499764675,5.0
TCK-00195,CLI-173,2026-01-13,email,elogio,baixa,"2,60",6.830586529742283,5.0
TCK-00196,CLI-016,2026-01-13,chat,duvida_de_uso,baixa,"1,35",6.282215697248565,5.0
TCK-00197,CLI-062,2026-01-13,email,duvida_de_uso,baixa,"2,58",8.849553183087128,5.0
TCK-00198,CLI-022,2026-01-13,telefone,bug,baixa,"4,90",12.310426983203005,5.0
TCK-00199,CLI-062,2026-01-13,email,duvida_de_uso,media,"6,85",15.147836236010463,4.0
TCK-00200,CLI-174,2026-01-13,email,bug,alta,,9.514738156813365,5.0
TCK-00201,CLI-066,2026-01-13,email,bug,alta,"7,11",17.49506563069466,4.0
TCK-00202,CLI-164,2026-01-13,telefone,elogio,alta,"2,30",7.503073001471573,4.0
TCK-00203,CLI-090,2026-01-13,email,bug,media,"7,79",15.705484253430104,3.0
TCK-00204,CLI-126,2026-01-13,chat,duvida_de_uso,critica,,5.790335433647941,4.0
TCK-00205,CLI-083,2026-01-13,chat,bug,media,"3,87",12.232637448742812,3.0
TCK-00206,CLI-048,2026-01-13,chat,duvida_de_uso,media,,4.449936018629657,4.0
TCK-00207,CLI-138,2026-01-13,email,duvida_de_uso,media,,10.146378492513287,4.0
TCK-00208,CLI-175,2026-01-13,email,bug,media,"12,92",28.285773703698567,4.0
TCK-00209,CLI-048,2026-01-13,email,duvida_de_uso,media,"3,72",10.512086391520537,4.0
TCK-00210,CLI-141,2026-01-14,email,elogio,baixa,"6,81",14.127341826207108,4.0
TCK-00211,CLI-048,2026-01-14,chat,duvida_de_uso,alta,"4,44",9.474820352059881,3.0
TCK-00212,CLI-130,2026-01-14,email,elogio,baixa,"5,46",15.625742294127209,4.0
TCK-00213,CLI-143,2026-01-14,email,cobranca,alta,"6,16",12.521621495814815,3.0
TCK-00214,CLI-081,2026-01-14,email,duvida_de_uso,alta,"2,35",6.394128654085115,5.0
TCK-00215,CLI-133,2026-01-14,chat,bug,media,,5.441095999174112,3.0
TCK-00216,CLI-050,2026-01-14,email,bug,baixa,"1,42",5.23121538807609,4.0
TCK-00217,CLI-015,2026-01-14,chat,cobranca,media,"2,84",8.97690035242087,5.0
TCK-00218,CLI-018,2026-01-14,email,duvida_de_uso,media,"3,64",7.350918262131055,5.0
TCK-00219,CLI-081,2026-01-14,telefone,duvida_de_uso,critica,,10.78447888951156,4.0
TCK-00220,CLI-163,2026-01-14,chat,cobranca,alta,,5.32032121438869,4.0
TCK-00221,CLI-023,2026-01-14,email,bug,alta,"1,99",7.606485694292421,5.0
TCK-00222,CLI-083,2026-01-14,email,cobranca,media,"6,68",14.169511900856167,4.0
TCK-00223,CLI-127,2026-01-14,email,bug,alta,"4,08",8.810801931769163,3.0
TCK-00224,CLI-037,2026-01-14,email,elogio,alta,"3,90",10.334830466169723,5.0
TCK-00225,CLI-130,2026-01-14,email,bug,baixa,"2,96",6.36758045192705,5.0
TCK-00226,CLI-056,2026-01-14,telefone,bug,baixa,"1,84",8.23586389510904,5.0
TCK-00227,CLI-146,2026-01-15,chat,cobranca,baixa,"4,78",11.836069148031356,3.0
TCK-00228,CLI-105,2026-01-15,email,bug,media,"8,88",17.9341810455474,3.0
TCK-00229,CLI-099,2026-01-15,chat,elogio,alta,"2,25",5.47601433481668,4.0
TCK-00230,CLI-032,2026-01-15,email,cobranca,media,"3,21",7.82800203036266,4.0
TCK-00231,CLI-084,2026-01-15,telefone,bug,media,"9,32",17.429414041364485,2.0
TCK-00232,CLI-155,2026-01-15,email,bug,critica,,7.417933049351,5.0
TCK-00233,CLI-004,2026-01-15,chat,elogio,baixa,"1,48",4.465221551938114,5.0
TCK-00234,CLI-137,2026-01-15,chat,duvida_de_uso,baixa,"3,88",10.582116774642255,4.0
TCK-00235,CLI-089,2026-01-15,email,cobranca,critica,"2,44",8.194536602950095,
TCK-00236,CLI-130,2026-01-15,email,bug,critica,"3,60",10.921926230091746,5.0
TCK-00237,CLI-120,2026-01-15,email,elogio,alta,"0,39",4.080363818033197,5.0
TCK-00238,CLI-078,2026-01-15,telefone,duvida_de_uso,baixa,,20.925723072317318,4.0
TCK-00239,CLI-056,2026-01-15,chat,cobranca,critica,"3,65",11.655549916188617,5.0
TCK-00240,CLI-113,2026-01-15,chat,duvida_de_uso,alta,"4,55",11.583135344703754,3.0
TCK-00241,CLI-026,2026-01-15,chat,bug,alta,"0,96",5.212070933184912,5.0
TCK-00242,CLI-106,2026-01-15,telefone,elogio,baixa,"10,35",20.800492437981806,
TCK-00243,CLI-018,2026-01-15,chat,elogio,media,"2,01",5.132006904452596,
TCK-00244,CLI-117,2026-01-15,chat,duvida_de_uso,alta,"4,83",13.609349894984554,4.0
TCK-00245,CLI-114,2026-01-15,chat,elogio,alta,"2,79",8.923970506917362,3.0
TCK-00246,CLI-016,2026-01-15,email,bug,media,"6,29",15.34792198345456,4.0
TCK-00247,CLI-137,2026-01-15,telefone,bug,media,,10.945867718376615,5.0
TCK-00248,CLI-075,2026-01-15,email,bug,alta,"2,42",9.79637987620657,5.0
TCK-00249,CLI-142,2026-01-15,email,duvida_de_uso,media,"0,79",4.070465379813385,4.0
TCK-00250,CLI-008,2026-01-15,telefone,bug,media,"8,47",17.04078704481409,3.0
TCK-00251,CLI-033,2026-01-15,email,duvida_de_uso,baixa,"0,20",2.4994888122052386,5.0
TCK-00252,CLI-089,2026-01-15,email,bug,baixa,"6,78",17.559521766521854,5.0
TCK-00253,CLI-034,2026-01-15,email,cobranca,alta,"8,46",16.563604248160427,3.0
TCK-00254,CLI-060,2026-01-16,chat,cobranca,baixa,"0,60",2.9593194805664567,4.0
TCK-00255,CLI-119,2026-01-16,telefone,cobranca,baixa,"2,54",11.911793249294664,5.0
TCK-00256,CLI-027,2026-01-16,email,bug,critica,"0,89",6.01908228768275,4.0
TCK-00257,CLI-122,2026-01-16,email,cobranca,alta,"2,13",5.736114694699567,4.0
TCK-00258,CLI-019,2026-01-16,chat,bug,baixa,,9.482046189516963,4.0
TCK-00259,CLI-032,2026-01-16,telefone,cobranca,media,"6,24",11.718347527035728,4.0
TCK-00260,CLI-106,2026-01-16,email,duvida_de_uso,alta,"5,66",13.333285420416534,3.0
TCK-00261,CLI-143,2026-01-16,telefone,duvida_de_uso,media,"2,55",8.682564645010952,5.0
TCK-00262,CLI-031,2026-01-16,telefone,bug,media,"0,23",5.695151950650759,5.0
TCK-00263,CLI-054,2026-01-16,email,cobranca,media,"1,16",2.239854542346288,4.0
TCK-00264,CLI-167,2026-01-16,telefone,elogio,baixa,"2,96",6.347819292611415,5.0
TCK-00265,CLI-179,2026-01-16,chat,cobranca,alta,"0,85",4.34667024402587,4.0
TCK-00266,CLI-105,2026-01-16,chat,elogio,baixa,"4,10",14.557735495287346,3.0
TCK-00267,CLI-081,2026-01-16,email,elogio,media,"10,57",23.359945614088208,4.0
TCK-00268,CLI-063,2026-01-16,telefone,bug,baixa,"4,62",11.870644884385307,4.0
TCK-00269,CLI-111,2026-01-16,chat,cobranca,baixa,"0,60",2.2351919396631468,4.0
TCK-00270,CLI-107,2026-01-16,chat,bug,baixa,"5,21",9.195037722198373,3.0
TCK-00271,CLI-054,2026-01-16,telefone,duvida_de_uso,alta,"3,90",10.076828761255202,5.0
TCK-00272,CLI-005,2026-01-16,chat,bug,baixa,"2,10",6.639324670586213,4.0
TCK-00273,CLI-028,2026-01-16,telefone,elogio,baixa,"5,33",12.184771778436849,4.0
TCK-00274,CLI-173,2026-01-16,telefone,cobranca,baixa,"1,20",4.598247267752425,5.0
TCK-00275,CLI-076,2026-01-16,email,bug,alta,"2,59",6.531238466773416,4.0
TCK-00276,CLI-087,2026-01-16,email,duvida_de_uso,media,"3,32",7.514997436896584,5.0
TCK-00277,CLI-085,2026-01-17,email,duvida_de_uso,critica,"4,33",12.875004314085835,4.0
TCK-00278,CLI-141,2026-01-17,telefone,cobranca,alta,"4,66",10.057055539264146,4.0
TCK-00279,CLI-012,2026-01-17,email,elogio,media,"5,32",12.160202600542666,4.0
TCK-00280,CLI-015,2026-01-17,chat,bug,alta,"1,31",5.296496100309843,4.0
TCK-00281,CLI-050,2026-01-17,email,duvida_de_uso,baixa,"0,63",5.1856078097094755,5.0
TCK-00282,CLI-088,2026-01-17,email,duvida_de_uso,critica,"2,94",7.015324620741303,4.0
TCK-00283,CLI-121,2026-01-17,chat,duvida_de_uso,critica,"1,94",7.966654931329523,
TCK-00284,CLI-089,2026-01-17,email,duvida_de_uso,baixa,"0,59",3.199550643880933,4.0
TCK-00285,CLI-080,2026-01-17,telefone,bug,media,"2,08",6.501478288880144,4.0
TCK-00286,CLI-169,2026-01-17,email,bug,baixa,"4,04",12.733124844611764,
TCK-00287,CLI-029,2026-01-17,telefone,duvida_de_uso,media,"2,37",5.805612277359357,
TCK-00288,CLI-103,2026-01-17,email,elogio,alta,"3,92",11.129369645394345,4.0
TCK-00289,CLI-098,2026-01-17,telefone,bug,critica,,8.611909134499346,5.0
TCK-00290,CLI-086,2026-01-17,chat,bug,media,"3,36",9.517073723103307,4.0
TCK-00291,CLI-146,2026-01-17,email,cobranca,alta,"1,52",5.558336627808,5.0
TCK-00292,CLI-049,2026-01-17,email,elogio,alta,,12.564130280028365,4.0
TCK-00293,CLI-172,2026-01-17,email,duvida_de_uso,baixa,"3,68",9.59613970991697,5.0
TCK-00294,CLI-060,2026-01-17,chat,bug,media,"3,99",10.484090393363779,5.0
TCK-00295,CLI-099,2026-01-17,telefone,cobranca,alta,,7.352591057301375,5.0
TCK-00296,CLI-094,2026-01-17,email,duvida_de_uso,alta,"10,47",22.078451699778444,2.0
TCK-00297,CLI-153,2026-01-17,email,cobranca,critica,"10,21",22.816759011005615,3.0
TCK-00298,CLI-080,2026-01-17,chat,bug,baixa,"0,97",4.328526220923549,4.0
TCK-00299,CLI-052,2026-01-17,chat,bug,baixa,"2,08",3.576489573762828,4.0
TCK-00300,CLI-004,2026-01-17,chat,bug,baixa,"0,66",4.956507000793778,5.0
TCK-00301,CLI-066,2026-01-17,chat,cobranca,baixa,"3,01",6.808405351787764,4.0
TCK-00302,CLI-149,2026-01-17,chat,duvida_de_uso,media,"1,40",6.638703917473883,
TCK-00303,CLI-002,2026-01-17,telefone,bug,alta,"3,86",9.943541057044447,4.0
TCK-00304,CLI-162,2026-01-17,email,duvida_de_uso,media,,9.596898768689325,5.0
TCK-00305,CLI-098,2026-01-17,email,cobranca,alta,"18,31",34.527366482309894,3.0
TCK-00306,CLI-026,2026-01-17,email,bug,media,"3,15",7.869654574270195,5.0
TCK-00307,CLI-055,2026-01-17,chat,cobranca,media,"1,76",5.6602065977280605,4.0
TCK-00308,CLI-100,2026-01-17,email,cobranca,alta,"6,95",13.291877623058765,3.0
TCK-00309,CLI-057,2026-01-18,telefone,duvida_de_uso,alta,"7,66",18.446946146509635,4.0
TCK-00310,CLI-020,2026-01-18,chat,elogio,media,"2,57",5.1966444773999,4.0
TCK-00311,CLI-120,2026-01-18,chat,cobranca,critica,"4,68",13.073421613500669,4.0
TCK-00312,CLI-122,2026-01-18,chat,bug,media,"9,79",21.265322496284323,1.0
TCK-00313,CLI-022,2026-01-18,email,bug,baixa,"2,76",7.665129187432077,4.0
TCK-00314,CLI-051,2026-01-18,telefone,bug,media,"1,23",5.731110680263136,5.0
TCK-00315,CLI-044,2026-01-18,email,bug,alta,"4,74",12.016189142373008,3.0
TCK-00316,CLI-119,2026-01-18,chat,duvida_de_uso,media,,10.28811307906675,4.0
TCK-00317,CLI-132,2026-01-18,telefone,elogio,alta,"9,91",21.276325094977565,3.0
TCK-00318,CLI-131,2026-01-18,chat,cobranca,media,"3,23",9.91023523486431,5.0
TCK-00319,CLI-169,2026-01-18,telefone,bug,media,"3,61",8.080797727661173,
TCK-00320,CLI-139,2026-01-18,email,duvida_de_uso,alta,"1,83",6.8199952348186805,4.0
TCK-00321,CLI-058,2026-01-18,telefone,bug,media,"8,49",14.347027392009496,4.0
TCK-00322,CLI-020,2026-01-18,chat,duvida_de_uso,media,,4.9215496433623365,5.0
TCK-00323,CLI-111,2026-01-18,chat,bug,baixa,"0,39",4.542079093801341,4.0
TCK-00324,CLI-165,2026-01-18,email,elogio,media,"12,90",25.59752153987688,2.0
TCK-00325,CLI-176,2026-01-18,email,cobranca,media,"1,30",4.06649563999861,3.0
TCK-00326,CLI-042,2026-01-18,chat,bug,baixa,"4,44",10.912576665416744,4.0
TCK-00327,CLI-043,2026-01-18,email,cobranca,media,"4,19",9.948948817774575,4.0
TCK-00328,CLI-007,2026-01-18,chat,duvida_de_uso,baixa,"0,42",2.274005507632194,5.0
TCK-00329,CLI-026,2026-01-18,telefone,cobranca,baixa,"3,29",6.467992038826518,4.0
TCK-00330,CLI-100,2026-01-19,telefone,duvida_de_uso,media,"2,76",5.02263592996175,4.0
TCK-00331,CLI-099,2026-01-19,email,bug,baixa,,5.714660716726078,5.0
TCK-00332,CLI-067,2026-01-19,telefone,duvida_de_uso,media,"5,01",11.392535449576721,3.0
TCK-00333,CLI-056,2026-01-19,email,bug,alta,"6,69",16.493758339859003,
TCK-00334,CLI-150,2026-01-19,chat,duvida_de_uso,media,"2,08",6.1026094061389236,4.0
TCK-00335,CLI-083,2026-01-19,telefone,bug,baixa,"2,70",8.399488573892794,5.0
TCK-00336,CLI-146,2026-01-19,email,cobranca,media,"5,30",12.343475785974581,4.0
TCK-00337,CLI-174,2026-01-19,email,cobranca,baixa,"0,20",3.4266700932886445,4.0
TCK-00338,CLI-058,2026-01-19,email,bug,media,"2,46",7.566632899142684,5.0
TCK-00339,CLI-037,2026-01-19,chat,duvida_de_uso,alta,"1,57",5.154460992386878,
TCK-00340,CLI-172,2026-01-19,telefone,cobranca,media,"3,56",7.566725915871019,5.0
TCK-00341,CLI-115,2026-01-19,email,bug,media,"0,83",5.65125425049229,5.0
TCK-00342,CLI-053,2026-01-19,email,duvida_de_uso,critica,"0,46",6.212090299237234,5.0
TCK-00343,CLI-112,2026-01-19,chat,cobranca,baixa,"0,86",7.0294089767589725,4.0
TCK-00344,CLI-093,2026-01-19,email,duvida_de_uso,alta,"4,96",11.09407523654531,5.0
TCK-00345,CLI-163,2026-01-19,chat,cobranca,alta,"1,55",4.683863131313932,4.0
TCK-00346,CLI-047,2026-01-19,telefone,duvida_de_uso,media,"1,42",4.720163623501395,5.0
TCK-00347,CLI-179,2026-01-19,chat,duvida_de_uso,baixa,"6,95",15.248178654490939,
TCK-00348,CLI-169,2026-01-19,telefone,bug,baixa,"2,70",7.784784471341955,4.0
TCK-00349,CLI-033,2026-01-19,chat,bug,critica,"2,15",5.367870427683433,4.0
TCK-00350,CLI-030,2026-01-19,telefone,bug,baixa,"8,40",15.90905774265294,4.0
TCK-00351,CLI-096,2026-01-19,email,elogio,alta,"3,99",10.251944737674032,5.0
TCK-00352,CLI-009,2026-01-20,email,cobranca,media,"5,26",7.167496537200213,
TCK-00353,CLI-054,2026-01-20,chat,cobranca,media,"1,05",4.743167504832302,
TCK-00354,CLI-079,2026-01-20,email,bug,media,"3,73",8.29590082083546,4.0
TCK-00355,CLI-175,2026-01-20,telefone,duvida_de_uso,baixa,"10,61",23.269721907549485,3.0
TCK-00356,CLI-179,2026-01-20,chat,cobranca,media,"2,87",9.736224052560221,3.0
TCK-00357,CLI-028,2026-01-20,telefone,cobranca,critica,"4,29",12.322805156106735,4.0
TCK-00358,CLI-161,2026-01-20,email,bug,baixa,"2,92",7.744480111130221,4.0
TCK-00359,CLI-017,2026-01-20,chat,cobranca,critica,"0,65",2.4662970433638107,5.0
TCK-00360,CLI-135,2026-01-20,chat,bug,critica,"4,68",10.19384549635068,4.0
TCK-00361,CLI-153,2026-01-20,email,bug,baixa,"3,36",9.48369352560139,5.0
TCK-00362,CLI-161,2026-01-20,chat,elogio,media,"1,19",2.6742726502499865,4.0
TCK-00363,CLI-041,2026-01-20,chat,duvida_de_uso,baixa,"0,58",6.135198769809923,4.0
TCK-00364,CLI-161,2026-01-20,telefone,duvida_de_uso,media,"4,45",10.519439906611666,4.0
TCK-00365,CLI-021,2026-01-20,chat,duvida_de_uso,critica,"0,76",5.1132103198137075,5.0
TCK-00366,CLI-094,2026-01-20,email,elogio,alta,"7,84",14.439526963387033,3.0
TCK-00367,CLI-085,2026-01-20,chat,bug,critica,,3.8662779372920815,4.0
TCK-00368,CLI-057,2026-01-20,chat,cobranca,baixa,"2,28",4.2374059402091095,3.0
TCK-00369,CLI-004,2026-01-20,email,bug,media,"4,71",13.015420861367573,5.0
TCK-00370,CLI-139,2026-01-20,email,bug,baixa,"4,32",10.536845061675836,4.0
TCK-00371,CLI-061,2026-01-20,email,duvida_de_uso,alta,"6,70",15.924535207663341,3.0
TCK-00372,CLI-120,2026-01-20,email,duvida_de_uso,baixa,"2,26",7.160497567976316,4.0
TCK-00373,CLI-074,2026-01-20,chat,bug,baixa,"2,16",7.588388911246746,3.0
TCK-00374,CLI-068,2026-01-20,email,duvida_de_uso,baixa,"5,47",12.332818930866434,4.0
TCK-00375,CLI-160,2026-01-21,chat,duvida_de_uso,baixa,"5,96",13.418486365984581,4.0
TCK-00376,CLI-018,2026-01-21,email,duvida_de_uso,baixa,"6,37",14.332001099911317,4.0
TCK-00377,CLI-133,2026-01-21,chat,cobranca,baixa,"4,34",11.412417515829885,2.0
TCK-00378,CLI-135,2026-01-21,email,cobranca,alta,,8.61393161756176,5.0
TCK-00379,CLI-069,2026-01-21,telefone,duvida_de_uso,alta,"4,78",15.821720297458416,4.0
TCK-00380,CLI-048,2026-01-21,email,duvida_de_uso,baixa,"8,97",21.668516145832854,4.0
TCK-00381,CLI-001,2026-01-21,chat,duvida_de_uso,alta,"2,08",4.068580786944752,4.0
TCK-00382,CLI-169,2026-01-21,email,duvida_de_uso,media,"4,80",11.42740757761856,4.0
TCK-00383,CLI-171,2026-01-21,email,bug,alta,"0,75",3.7357391327707545,5.0
TCK-00384,CLI-044,2026-01-21,chat,bug,media,"3,51",11.238040608640121,4.0
TCK-00385,CLI-006,2026-01-21,telefone,bug,media,"4,25",10.181031109005422,4.0
TCK-00386,CLI-023,2026-01-21,telefone,duvida_de_uso,media,"5,58",13.733740540985393,3.0
TCK-00387,CLI-013,2026-01-21,email,elogio,baixa,,4.557419184254284,3.0
TCK-00388,CLI-150,2026-01-21,email,duvida_de_uso,media,"0,56",1.7420058439740194,5.0
TCK-00389,CLI-161,2026-01-21,chat,duvida_de_uso,alta,"3,63",12.67020024328858,
TCK-00390,CLI-028,2026-01-21,chat,duvida_de_uso,alta,"1,18",5.2015321080608485,5.0
TCK-00391,CLI-135,2026-01-21,email,cobranca,media,"0,84",3.0152381460987807,5.0
TCK-00392,CLI-033,2026-01-21,chat,duvida_de_uso,media,"2,42",7.723434700650784,3.0
TCK-00393,CLI-067,2026-01-21,chat,duvida_de_uso,alta,"6,48",13.085974012687851,3.0
TCK-00394,CLI-108,2026-01-21,chat,cobranca,baixa,"1,03",4.428726563563967,4.0
TCK-00395,CLI-130,2026-01-21,email,bug,baixa,"2,04",4.492133763764464,
TCK-00396,CLI-158,2026-01-21,email,duvida_de_uso,media,"6,26",13.091741847063274,4.0
TCK-00397,CLI-009,2026-01-21,email,duvida_de_uso,baixa,"3,03",7.827559809348944,4.0
TCK-00398,CLI-036,2026-01-21,chat,cobranca,media,"3,62",11.196546600219822,3.0
TCK-00399,CLI-051,2026-01-21,email,elogio,baixa,"2,90",8.916011773267934,4.0
TCK-00400,CLI-056,2026-01-21,chat,cobranca,media,"1,52",6.69763522350327,3.0
TCK-00401,CLI-180,2026-01-21,chat,duvida_de_uso,alta,"1,08",4.897767074300197,4.0
TCK-00402,CLI-140,2026-01-21,chat,bug,alta,"2,72",9.132913027030414,4.0
TCK-00403,CLI-058,2026-01-22,email,duvida_de_uso,alta,"1,78",4.898892457108365,4.0
TCK-00404,CLI-175,2026-01-22,email,cobranca,media,"2,41",6.241581117814068,4.0
TCK-00405,CLI-090,2026-01-22,chat,elogio,critica,"4,65",11.985110375722146,4.0
TCK-00406,CLI-091,2026-01-22,chat,cobranca,alta,"8,37",17.64956775019347,3.0
TCK-00407,CLI-079,2026-01-22,telefone,bug,media,,11.916515892778412,4.0
TCK-00408,CLI-026,2026-01-22,email,cobranca,baixa,"7,96",17.084598943601982,3.0
TCK-00409,CLI-169,2026-01-22,telefone,cobranca,media,"2,66",9.663389367246118,5.0
TCK-00410,CLI-003,2026-01-22,email,cobranca,media,"2,96",10.278664647515958,4.0
TCK-00411,CLI-032,2026-01-22,email,cobranca,alta,,9.584224187148926,4.0
TCK-00412,CLI-042,2026-01-22,email,duvida_de_uso,alta,"1,99",3.950342112180317,4.0
TCK-00413,CLI-051,2026-01-22,chat,duvida_de_uso,critica,"1,50",4.640619658453732,4.0
TCK-00414,CLI-024,2026-01-22,email,bug,critica,"5,89",12.252190830583485,4.0
TCK-00415,CLI-004,2026-01-22,email,bug,media,"3,66",10.840126095579869,4.0
TCK-00416,CLI-122,2026-01-22,chat,cobranca,critica,"1,93",7.8461877371932385,5.0
TCK-00417,CLI-175,2026-01-22,chat,elogio,critica,"1,85",4.787294549213154,4.0
TCK-00418,CLI-022,2026-01-22,email,cobranca,baixa,"1,44",4.453942925769278,5.0
TCK-00419,CLI-054,2026-01-22,email,bug,media,"4,06",8.096486018535222,
TCK-00420,CLI-092,2026-01-22,chat,bug,baixa,"1,20",5.356955607123835,5.0
TCK-00421,CLI-167,2026-01-22,email,bug,baixa,"0,74",4.261988419423347,5.0
TCK-00422,CLI-125,2026-01-22,email,cobranca,baixa,"1,25",6.436442544011754,3.0
TCK-00423,CLI-138,2026-01-22,chat,cobranca,media,"1,88",7.129597401717128,4.0
TCK-00424,CLI-105,2026-01-22,email,elogio,baixa,"5,55",13.90571251825233,4.0
TCK-00425,CLI-076,2026-01-22,chat,bug,baixa,"3,97",7.830477110709605,3.0
TCK-00426,CLI-036,2026-01-22,email,duvida_de_uso,baixa,"0,98",3.8212837058918856,5.0
TCK-00427,CLI-156,2026-01-23,email,cobranca,alta,"5,16",13.712959263440002,5.0
TCK-00428,CLI-145,2026-01-23,email,bug,alta,"11,24",22.426246366127273,3.0
TCK-00429,CLI-005,2026-01-23,email,elogio,critica,"6,85",12.88453158653109,
TCK-00430,CLI-129,2026-01-23,email,duvida_de_uso,media,,11.31669401545026,4.0
TCK-00431,CLI-016,2026-01-23,email,bug,baixa,,9.682971560700864,4.0
TCK-00432,CLI-134,2026-01-23,telefone,bug,alta,"3,86",11.545795526703742,4.0
TCK-00433,CLI-149,2026-01-23,telefone,cobranca,baixa,"2,36",7.2185454174468715,
TCK-00434,CLI-024,2026-01-23,email,duvida_de_uso,critica,"7,08",15.32670502187688,4.0
TCK-00435,CLI-079,2026-01-23,chat,cobranca,alta,"0,93",6.723410618250614,
TCK-00436,CLI-023,2026-01-23,chat,cobranca,media,"2,46",5.4787960820613275,4.0
TCK-00437,CLI-103,2026-01-23,telefone,duvida_de_uso,baixa,"0,72",6.454541006348197,5.0
TCK-00438,CLI-167,2026-01-23,email,cobranca,baixa,"7,53",15.59428053864083,4.0
TCK-00439,CLI-015,2026-01-23,email,elogio,media,"3,98",10.410226191827945,4.0
TCK-00440,CLI-072,2026-01-23,email,bug,media,"0,91",4.887429265603954,5.0
TCK-00441,CLI-176,2026-01-23,email,cobranca,alta,"9,30",19.094598642616393,3.0
TCK-00442,CLI-055,2026-01-23,email,bug,media,"3,32",7.837237012188713,5.0
TCK-00443,CLI-024,2026-01-23,telefone,bug,media,"1,13",4.4741935994507145,4.0
TCK-00444,CLI-088,2026-01-23,telefone,duvida_de_uso,baixa,"11,92",22.925427624059388,4.0
TCK-00445,CLI-092,2026-01-23,email,cobranca,media,"2,91",11.17347400255179,4.0
TCK-00446,CLI-120,2026-01-23,chat,bug,baixa,,4.243583479352512,4.0
TCK-00447,CLI-057,2026-01-23,email,duvida_de_uso,alta,,12.399841162082524,5.0
TCK-00448,CLI-173,2026-01-23,chat,cobranca,media,"0,76",5.902256632484356,5.0
TCK-00449,CLI-094,2026-01-23,chat,bug,alta,"1,42",6.092112490644753,4.0
TCK-00450,CLI-052,2026-01-23,email,cobranca,media,"8,57",18.22154306944047,4.0
TCK-00451,CLI-173,2026-01-23,telefone,elogio,baixa,"2,96",8.623890619718242,4.0
TCK-00452,CLI-167,2026-01-24,telefone,bug,alta,"4,94",12.756568620910631,4.0
TCK-00453,CLI-090,2026-01-24,chat,bug,alta,"5,30",12.689870855167438,3.0
TCK-00454,CLI-005,2026-01-24,chat,elogio,alta,"1,73",3.7702674839254833,3.0
TCK-00455,CLI-108,2026-01-24,chat,bug,media,"1,05",2.1646590063918403,5.0
TCK-00456,CLI-100,2026-01-24,email,bug,alta,"5,62",15.387340176556595,4.0
TCK-00457,CLI-027,2026-01-24,email,elogio,baixa,"1,08",0.996803492245272,5.0
TCK-00458,CLI-115,2026-01-24,chat,cobranca,media,,5.002777830728359,4.0
TCK-00459,CLI-152,2026-01-24,email,cobranca,alta,"0,88",4.231045244369188,5.0
TCK-00460,CLI-020,2026-01-24,telefone,duvida_de_uso,baixa,"8,40",18.368841009577615,3.0
TCK-00461,CLI-131,2026-01-24,email,elogio,alta,"3,76",8.051752949391224,
TCK-00462,CLI-026,2026-01-24,email,cobranca,media,"5,78",13.923567661193893,3.0
TCK-00463,CLI-135,2026-01-24,email,cobranca,baixa,"1,68",6.331719614044369,5.0
TCK-00464,CLI-076,2026-01-24,telefone,cobranca,baixa,"4,80",15.785379333643892,3.0
TCK-00465,CLI-002,2026-01-24,email,cobranca,alta,"4,92",12.059146772056055,3.0
TCK-00466,CLI-174,2026-01-24,email,duvida_de_uso,alta,"11,87",26.396601872016667,2.0
TCK-00467,CLI-030,2026-01-24,email,duvida_de_uso,baixa,"5,43",10.522785604272826,4.0
TCK-00468,CLI-108,2026-01-24,chat,duvida_de_uso,baixa,"3,96",11.661806854230022,3.0
TCK-00469,CLI-033,2026-01-24,telefone,duvida_de_uso,baixa,"3,99",10.512506403607098,5.0
TCK-00470,CLI-168,2026-01-24,email,duvida_de_uso,baixa,"0,20",3.7646080260421275,5.0
TCK-00471,CLI-133,2026-01-24,telefone,duvida_de_uso,alta,"4,49",11.513645997140795,4.0
TCK-00472,CLI-145,2026-01-24,email,cobranca,baixa,"3,12",11.168176919165566,5.0
TCK-00473,CLI-078,2026-01-24,chat,duvida_de_uso,baixa,"1,80",6.618866739029035,4.0
TCK-00474,CLI-085,2026-01-25,email,bug,baixa,"2,45",6.231663679504443,5.0
TCK-00475,CLI-115,2026-01-25,chat,bug,media,"1,80",5.312274915097088,4.0
TCK-00476,CLI-142,2026-01-25,chat,bug,alta,"1,25",6.467581590363058,
TCK-00477,CLI-153,2026-01-25,chat,cobranca,alta,"3,70",10.333997386272706,4.0
TCK-00478,CLI-004,2026-01-25,email,duvida_de_uso,media,"1,45",3.3221745748545533,
TCK-00479,CLI-120,2026-01-25,telefone,bug,critica,"10,84",23.289890603931866,3.0
TCK-00480,CLI-020,2026-01-25,telefone,cobranca,media,"5,80",11.825100024788256,4.0
TCK-00481,CLI-052,2026-01-25,chat,bug,alta,"4,40",11.585732542103685,
TCK-00482,CLI-150,2026-01-25,chat,bug,media,"0,93",3.471036203698909,4.0
TCK-00483,CLI-046,2026-01-25,chat,cobranca,baixa,"1,38",5.07036830520277,4.0
TCK-00484,CLI-144,2026-01-25,email,duvida_de_uso,alta,"3,87",9.1438928294,4.0
TCK-00485,CLI-084,2026-01-25,telefone,cobranca,media,"3,59",11.73652338093318,5.0
TCK-00486,CLI-042,2026-01-25,email,cobranca,alta,"5,82",14.069834541331993,4.0
TCK-00487,CLI-061,2026-01-25,chat,elogio,baixa,"2,16",8.778666625999808,3.0
TCK-00488,CLI-096,2026-01-25,email,bug,media,"11,23",27.56367392344777,3.0
TCK-00489,CLI-138,2026-01-25,email,cobranca,alta,"1,59",5.924135974099843,4.0
TCK-00490,CLI-110,2026-01-25,chat,cobranca,baixa,"0,78",6.6556914048698586,
TCK-00491,CLI-168,2026-01-25,chat,bug,baixa,"1,33",4.342984390499834,4.0
TCK-00492,CLI-157,2026-01-25,telefone,elogio,baixa,"3,00",10.28456568142433,5.0
TCK-00493,CLI-136,2026-01-25,telefone,duvida_de_uso,media,,15.808555336901096,3.0
TCK-00494,CLI-109,2026-01-25,email,cobranca,alta,,11.445593195357045,4.0
TCK-00495,CLI-053,2026-01-25,email,duvida_de_uso,media,"0,22",4.20048389324361,5.0
TCK-00496,CLI-075,2026-01-26,email,duvida_de_uso,critica,"0,26",4.50116616395864,5.0
TCK-00497,CLI-022,2026-01-26,chat,bug,media,"1,94",4.575684745061587,5.0
TCK-00498,CLI-068,2026-01-26,chat,elogio,media,,4.430705739327317,3.0
TCK-00499,CLI-167,2026-01-26,telefone,duvida_de_uso,baixa,"3,30",9.859643736963864,4.0
TCK-00500,CLI-077,2026-01-26,chat,bug,baixa,"1,80",5.691598928860119,4.0
TCK-00501,CLI-021,2026-01-26,email,bug,alta,,19.174367461187803,
TCK-00502,CLI-118,2026-01-26,chat,cobranca,baixa,"4,20",10.446816671316936,3.0
TCK-00503,CLI-174,2026-01-26,chat,bug,baixa,"1,39",5.322099725025708,3.0
TCK-00504,CLI-157,2026-01-26,chat,duvida_de_uso,alta,"2,13",7.096682573434405,5.0
TCK-00505,CLI-050,2026-01-26,email,cobranca,media,,8.850415128477398,4.0
TCK-00506,CLI-082,2026-01-26,email,bug,baixa,"0,43",4.464589234977666,5.0
TCK-00507,CLI-096,2026-01-26,email,duvida_de_uso,alta,"2,41",6.180870653720399,5.0
TCK-00508,CLI-045,2026-01-26,email,bug,media,"2,44",6.767118971414749,5.0
TCK-00509,CLI-049,2026-01-26,chat,elogio,alta,"1,20",6.556487241779257,
TCK-00510,CLI-043,2026-01-26,email,cobranca,alta,"2,35",6.411488590520222,5.0
TCK-00511,CLI-180,2026-01-27,chat,bug,baixa,"1,71",5.489534948229699,4.0
TCK-00512,CLI-135,2026-01-27,chat,duvida_de_uso,baixa,"2,99",6.132499510983355,4.0
TCK-00513,CLI-152,2026-01-27,telefone,duvida_de_uso,baixa,"2,15",6.81899340547888,
TCK-00514,CLI-147,2026-01-27,email,elogio,alta,"8,59",18.98671013998994,3.0
TCK-00515,CLI-173,2026-01-27,email,duvida_de_uso,media,"1,57",2.8603800179229504,5.0
TCK-00516,CLI-019,2026-01-27,email,duvida_de_uso,alta,"7,61",15.098576416461912,3.0
TCK-00517,CLI-159,2026-01-27,email,elogio,media,"4,43",8.833304261759583,4.0
TCK-00518,CLI-012,2026-01-27,email,bug,media,"1,19",6.328910627913967,5.0
TCK-00519,CLI-086,2026-01-27,chat,duvida_de_uso,baixa,,3.150180299877194,
TCK-00520,CLI-107,2026-01-27,email,bug,baixa,"10,41",21.620761327163404,3.0
TCK-00521,CLI-065,2026-01-27,email,duvida_de_uso,media,"1,60",6.949962742915118,5.0
TCK-00522,CLI-027,2026-01-27,email,duvida_de_uso,media,"10,61",22.37729142941561,3.0
TCK-00523,CLI-035,2026-01-27,chat,elogio,critica,"3,06",7.839655665067841,4.0
TCK-00524,CLI-149,2026-01-27,telefone,duvida_de_uso,baixa,"4,48",11.585995910566744,5.0
TCK-00525,CLI-058,2026-01-27,chat,bug,alta,"2,93",9.825848881965365,5.0
TCK-00526,CLI-056,2026-01-27,chat,cobranca,baixa,"1,64",5.79557657951383,5.0
TCK-00527,CLI-167,2026-01-27,chat,cobranca,alta,"1,00",1.4348093498886874,
TCK-00528,CLI-026,2026-01-28,chat,cobranca,baixa,"2,20",8.68688606229535,4.0
TCK-00529,CLI-165,2026-01-28,email,cobranca,alta,"4,60",11.883945295042016,5.0
TCK-00530,CLI-166,2026-01-28,chat,bug,baixa,"3,16",8.633472406857795,4.0
TCK-00531,CLI-108,2026-01-28,chat,duvida_de_uso,baixa,"3,07",5.552735593410313,3.0
TCK-00532,CLI-030,2026-01-28,email,bug,media,"6,08",13.497299018872928,4.0
TCK-00533,CLI-029,2026-01-28,chat,bug,media,,16.13259239649824,5.0
TCK-00534,CLI-052,2026-01-28,chat,elogio,media,,5.839662919604267,4.0
TCK-00535,CLI-104,2026-01-28,chat,cobranca,media,"4,97",11.749059653604473,4.0
TCK-00536,CLI-028,2026-01-28,email,bug,critica,"5,40",11.918691165228129,5.0
TCK-00537,CLI-083,2026-01-28,chat,bug,baixa,"8,59",17.762260450189363,4.0
TCK-00538,CLI-021,2026-01-28,telefone,elogio,media,"3,87",11.068438941132662,5.0
TCK-00539,CLI-098,2026-01-28,email,bug,alta,"3,55",9.774850206124013,5.0
TCK-00540,CLI-004,2026-01-28,email,bug,alta,"7,94",16.544469315646666,3.0
TCK-00541,CLI-128,2026-01-28,email,bug,media,"7,94",16.36649443632937,4.0
TCK-00542,CLI-010,2026-01-28,email,bug,media,"2,92",7.578625522770443,4.0
TCK-00543,CLI-036,2026-01-28,telefone,bug,baixa,"5,26",12.100478864640793,3.0
TCK-00544,CLI-032,2026-01-28,chat,elogio,media,"3,67",10.490224095556313,3.0
TCK-00545,CLI-150,2026-01-28,email,bug,media,,12.027167267155258,
TCK-00546,CLI-010,2026-01-28,email,duvida_de_uso,alta,"4,89",13.981543043930227,4.0
TCK-00547,CLI-078,2026-01-28,telefone,cobranca,alta,"0,67",5.075324961063627,4.0
TCK-00548,CLI-107,2026-01-28,email,duvida_de_uso,baixa,"5,94",9.59285248845778,5.0
TCK-00549,CLI-093,2026-01-28,chat,cobranca,baixa,"3,68",9.758689118107437,3.0
TCK-00550,CLI-123,2026-01-28,email,cobranca,media,"5,03",13.612972817016818,4.0
TCK-00551,CLI-145,2026-01-28,email,duvida_de_uso,media,"2,67",8.39168601527047,4.0
TCK-00552,CLI-071,2026-01-28,chat,duvida_de_uso,media,"5,83",12.878261248972391,3.0
TCK-00553,CLI-150,2026-01-28,email,cobranca,media,"1,63",5.84536357361612,5.0
TCK-00554,CLI-058,2026-01-28,chat,cobranca,media,"4,83",11.954401657838387,4.0
TCK-00555,CLI-178,2026-01-28,email,cobranca,critica,"1,61",7.05717123780308,
TCK-00556,CLI-091,2026-01-29,chat,bug,media,"4,43",8.84381951243795,4.0
TCK-00557,CLI-133,2026-01-29,chat,cobranca,baixa,,3.9074753715995856,3.0
TCK-00558,CLI-158,2026-01-29,chat,cobranca,media,"4,25",13.106408649931605,4.0
TCK-00559,CLI-143,2026-01-29,email,bug,media,"11,19",23.19075353248426,2.0
TCK-00560,CLI-154,2026-01-29,chat,cobranca,baixa,,17.407710389759373,3.0
TCK-00561,CLI-097,2026-01-29,telefone,bug,baixa,"9,61",24.77001578858395,3.0
TCK-00562,CLI-008,2026-01-29,email,bug,media,"3,85",9.189044072482453,5.0
TCK-00563,CLI-089,2026-01-29,email,cobranca,alta,"2,32",5.371656705230208,4.0
TCK-00564,CLI-033,2026-01-29,telefone,bug,critica,"3,39",8.711268791755755,4.0
TCK-00565,CLI-161,2026-01-29,email,duvida_de_uso,media,"7,63",18.385999930393545,5.0
TCK-00566,CLI-043,2026-01-29,chat,duvida_de_uso,baixa,"3,53",11.207288218787397,3.0
TCK-00567,CLI-042,2026-01-29,chat,cobranca,media,"9,11",22.802457888230627,3.0
TCK-00568,CLI-045,2026-01-29,email,duvida_de_uso,media,"2,51",7.46333169758995,4.0
TCK-00569,CLI-116,2026-01-29,chat,cobranca,critica,"7,02",16.370201274471402,4.0
TCK-00570,CLI-103,2026-01-29,chat,cobranca,media,"2,16",5.82531916537625,4.0
TCK-00571,CLI-171,2026-01-29,email,duvida_de_uso,alta,"1,61",2.131841705895485,5.0
TCK-00572,CLI-075,2026-01-29,telefone,elogio,critica,,11.519728794975547,
TCK-00573,CLI-051,2026-01-29,email,cobranca,media,"5,77",11.660522147547011,5.0
TCK-00574,CLI-009,2026-01-29,email,duvida_de_uso,baixa,"9,01",20.189212090845384,4.0
TCK-00575,CLI-002,2026-01-29,telefone,elogio,media,"2,50",4.680918699761193,5.0
TCK-00576,CLI-068,2026-01-29,email,duvida_de_uso,media,"4,77",10.46817650673442,5.0
TCK-00577,CLI-167,2026-01-29,telefone,bug,media,"3,90",10.42154530203995,4.0
TCK-00578,CLI-095,2026-01-29,email,bug,critica,"2,91",8.805015275076462,4.0
TCK-00579,CLI-161,2026-01-30,chat,duvida_de_uso,baixa,"6,55",14.714188563206237,3.0
TCK-00580,CLI-019,2026-01-30,email,bug,media,"5,83",16.29868598561728,3.0
TCK-00581,CLI-017,2026-01-30,chat,duvida_de_uso,baixa,"0,22",5.755887066437168,3.0
TCK-00582,CLI-151,2026-01-30,chat,duvida_de_uso,baixa,"2,89",7.181818037134569,3.0
TCK-00583,CLI-020,2026-01-30,telefone,duvida_de_uso,media,,6.939900768752935,4.0
TCK-00584,CLI-010,2026-01-30,telefone,bug,alta,"4,48",13.700551575885473,4.0
TCK-00585,CLI-073,2026-01-30,chat,cobranca,media,"0,61",3.904323731875213,5.0
TCK-00586,CLI-167,2026-01-30,chat,duvida_de_uso,media,"3,51",9.387518341439739,4.0
TCK-00587,CLI-125,2026-01-30,chat,bug,baixa,"0,50",3.8245311129159516,
TCK-00588,CLI-018,2026-01-30,telefone,duvida_de_uso,media,,5.075876425499606,5.0
TCK-00589,CLI-151,2026-01-30,chat,duvida_de_uso,media,"4,08",9.533561073759142,4.0
TCK-00590,CLI-152,2026-01-30,telefone,duvida_de_uso,alta,"3,85",11.90714901820242,4.0
TCK-00591,CLI-145,2026-01-30,email,duvida_de_uso,media,"1,11",5.648343222406655,5.0
TCK-00592,CLI-163,2026-01-30,chat,bug,alta,,13.461223537570387,4.0
TCK-00593,CLI-044,2026-01-30,chat,cobranca,alta,"1,67",4.6092920893605775,5.0
TCK-00594,CLI-177,2026-01-30,email,duvida_de_uso,media,"3,16",7.556271185171183,5.0
TCK-00595,CLI-058,2026-01-30,email,bug,media,"3,39",8.861919947062074,5.0
TCK-00596,CLI-145,2026-01-30,telefone,cobranca,alta,"6,20",15.522361619007686,5.0
TCK-00597,CLI-105,2026-01-30,email,cobranca,critica,"2,95",7.024418817018402,5.0
TCK-00598,CLI-141,2026-01-30,email,duvida_de_uso,media,"3,50",10.65054786308959,4.0
TCK-00599,CLI-114,2026-01-30,email,duvida_de_uso,media,"8,42",18.45993748913944,3.0
TCK-00600,CLI-116,2026-01-30,email,duvida_de_uso,media,"7,72",17.112362362208952,4.0
TCK-00601,CLI-111,2026-01-30,chat,duvida_de_uso,alta,"2,00",8.139051546887865,3.0
TCK-00602,CLI-141,2026-01-30,telefone,bug,critica,"3,42",10.429473282755211,4.0
TCK-00603,CLI-134,2026-01-30,telefone,bug,critica,"0,21",1.2661480072425562,
TCK-00604,CLI-025,2026-01-30,chat,elogio,baixa,"2,65",6.144578978144766,4.0
TCK-00605,CLI-149,2026-01-30,chat,cobranca,baixa,"4,19",10.201962626931945,4.0
TCK-00606,CLI-097,2026-01-30,email,duvida_de_uso,alta,"2,83",8.62370465575251,3.0
TCK-00607,CLI-059,2026-01-30,telefone,bug,media,"9,43",22.0133136888055,3.0
TCK-00608,CLI-093,2026-01-31,email,cobranca,critica,"0,73",4.4195960472512335,5.0
TCK-00609,CLI-175,2026-01-31,email,bug,media,,8.792350694696527,5.0
TCK-00610,CLI-155,2026-01-31,telefone,bug,alta,"8,93",18.00945171172257,4.0
TCK-00611,CLI-151,2026-01-31,telefone,bug,alta,"6,80",14.426306908816246,3.0
TCK-00612,CLI-084,2026-01-31,email,cobranca,baixa,"0,68",3.7738120174847465,5.0
TCK-00613,CLI-142,2026-01-31,chat,duvida_de_uso,baixa,"0,51",2.6854965924620764,4.0
TCK-00614,CLI-070,2026-01-31,chat,bug,alta,"3,55",11.128671008482003,3.0
TCK-00615,CLI-124,2026-01-31,email,bug,baixa,"5,07",7.972900224214621,4.0
TCK-00616,CLI-116,2026-01-31,email,duvida_de_uso,alta,"3,12",7.862994514348122,4.0
TCK-00617,CLI-045,2026-01-31,email,duvida_de_uso,media,"9,21",21.297167517858423,3.0
TCK-00618,CLI-048,2026-01-31,chat,cobranca,media,"1,33",4.921489355419848,3.0
TCK-00619,CLI-012,2026-01-31,email,bug,baixa,"0,40",5.329143353375571,5.0
TCK-00620,CLI-026,2026-01-31,chat,cobranca,critica,"3,72",12.985876626381327,3.0
TCK-00621,CLI-079,2026-01-31,email,elogio,alta,"7,19",16.055503511850016,4.0
TCK-00622,CLI-087,2026-01-31,telefone,duvida_de_uso,alta,"2,32",8.93821731250787,4.0
TCK-00623,CLI-030,2026-01-31,chat,bug,alta,"0,82",8.104783022319477,
TCK-00624,CLI-076,2026-01-31,telefone,cobranca,media,"0,43",4.370906871024818,5.0
TCK-00625,CLI-109,2026-01-31,email,bug,critica,"3,79",9.754597344122748,5.0
TCK-00626,CLI-042,2026-01-31,chat,bug,media,"2,93",9.633097754358904,5.0
TCK-00627,CLI-061,2026-01-31,telefone,bug,media,"7,55",18.369918277202693,4.0
TCK-00628,CLI-067,2026-01-31,email,elogio,baixa,"5,11",12.137152873074372,4.0
TCK-00629,CLI-091,2026-01-31,email,duvida_de_uso,baixa,"2,48",6.742683387564932,5.0
TCK-00630,CLI-066,2026-02-01,email,cobranca,alta,"4,42",13.528120293064546,4.0
TCK-00631,CLI-133,2026-02-01,email,duvida_de_uso,media,"7,82",16.662817069757118,4.0
TCK-00632,CLI-059,2026-02-01,email,duvida_de_uso,alta,"4,84",13.505282181466127,5.0
TCK-00633,CLI-079,2026-02-01,email,bug,critica,"7,05",16.086131632454734,4.0
TCK-00634,CLI-069,2026-02-01,email,duvida_de_uso,media,"1,43",8.31628346193007,5.0
TCK-00635,CLI-033,2026-02-01,chat,bug,baixa,"3,62",8.234907465870492,3.0
TCK-00636,CLI-124,2026-02-01,email,duvida_de_uso,alta,,10.930401567754018,4.0
TCK-00637,CLI-043,2026-02-01,email,bug,baixa,"2,93",9.553011546446951,5.0
TCK-00638,CLI-054,2026-02-01,chat,duvida_de_uso,alta,"4,75",9.853215439295308,4.0
TCK-00639,CLI-143,2026-02-01,email,duvida_de_uso,media,"13,26",27.051842724074934,3.0
TCK-00640,CLI-171,2026-02-01,email,bug,media,"0,66",6.508069686448782,5.0
TCK-00641,CLI-121,2026-02-01,email,bug,media,"3,05",5.806236992942109,5.0
TCK-00642,CLI-165,2026-02-01,email,elogio,media,"3,59",10.058032625736796,3.0
TCK-00643,CLI-154,2026-02-01,chat,bug,media,"2,28",8.916924822355039,4.0
TCK-00644,CLI-087,2026-02-01,email,bug,baixa,,7.027055702396432,4.0
TCK-00645,CLI-139,2026-02-01,email,bug,media,"0,81",3.0678022235913036,5.0
TCK-00646,CLI-060,2026-02-01,telefone,duvida_de_uso,alta,"3,17",8.320304369485825,5.0
TCK-00647,CLI-083,2026-02-01,telefone,cobranca,baixa,"3,61",8.236305054620537,5.0
TCK-00648,CLI-097,2026-02-01,email,bug,media,"2,96",8.432279408313843,4.0
TCK-00649,CLI-173,2026-02-01,email,duvida_de_uso,baixa,"3,67",9.197248999245407,4.0
TCK-00650,CLI-153,2026-02-01,chat,duvida_de_uso,media,"2,70",7.085277970631868,3.0
TCK-00651,CLI-089,2026-02-01,telefone,bug,baixa,"3,27",9.583790157114835,5.0
TCK-00652,CLI-118,2026-02-01,telefone,elogio,alta,,9.394458043889228,5.0
TCK-00653,CLI-037,2026-02-01,email,elogio,baixa,"3,69",10.133417944560275,5.0
TCK-00654,CLI-145,2026-02-01,email,bug,alta,"4,75",13.571571910703476,3.0
TCK-00655,CLI-100,2026-02-02,email,bug,baixa,"3,94",12.465408722382925,
TCK-00656,CLI-096,2026-02-02,telefone,bug,media,"13,85",27.053560451409385,3.0
TCK-00657,CLI-138,2026-02-02,telefone,bug,baixa,"5,00",12.416879733443158,4.0
TCK-00658,CLI-114,2026-02-02,email,duvida_de_uso,alta,"3,81",9.22073027477114,4.0
TCK-00659,CLI-014,2026-02-02,chat,duvida_de_uso,critica,"1,18",2.901080696960122,4.0
TCK-00660,CLI-052,2026-02-02,email,duvida_de_uso,baixa,"2,01",7.148157504083338,5.0
TCK-00661,CLI-032,2026-02-02,chat,bug,critica,"1,78",4.624788545765574,3.0
TCK-00662,CLI-133,2026-02-02,telefone,bug,media,"3,04",9.197397273360401,4.0
TCK-00663,CLI-007,2026-02-02,chat,elogio,media,,3.8501541614267425,4.0
TCK-00664,CLI-037,2026-02-02,email,elogio,alta,"5,16",12.545173113071177,4.0
TCK-00665,CLI-108,2026-02-02,chat,bug,baixa,"4,64",9.00376142958875,3.0
TCK-00666,CLI-126,2026-02-02,email,cobranca,media,"6,21",15.187176998739625,4.0
TCK-00667,CLI-091,2026-02-02,telefone,duvida_de_uso,baixa,"5,71",12.688699604289205,4.0
TCK-00668,CLI-155,2026-02-02,email,cobranca,alta,"1,78",5.470749549121697,
TCK-00669,CLI-166,2026-02-02,telefone,duvida_de_uso,media,"8,53",20.05049902419849,4.0
TCK-00670,CLI-024,2026-02-02,email,cobranca,alta,"1,93",5.9920975813939386,5.0
TCK-00671,CLI-172,2026-02-02,email,bug,baixa,"4,67",11.569510316530822,
TCK-00672,CLI-111,2026-02-02,email,bug,critica,"5,47",12.541413697435233,3.0
TCK-00673,CLI-115,2026-02-02,email,elogio,baixa,,19.4267770809465,3.0
TCK-00674,CLI-018,2026-02-02,email,bug,media,"12,23",26.571885469140266,3.0
TCK-00675,CLI-112,2026-02-02,chat,bug,media,"1,72",7.350260783095331,4.0
TCK-00676,CLI-131,2026-02-02,email,cobranca,baixa,"4,39",10.198168822083105,4.0
TCK-00677,CLI-105,2026-02-02,email,cobranca,baixa,"8,17",19.524245511990166,4.0
TCK-00678,CLI-016,2026-02-02,email,cobranca,alta,"12,92",24.885600769754085,3.0
TCK-00679,CLI-095,2026-02-03,email,cobranca,baixa,"3,12",7.499514654774792,4.0
TCK-00680,CLI-169,2026-02-03,telefone,cobranca,media,"1,86",6.159661746111241,5.0
TCK-00681,CLI-131,2026-02-03,telefone,bug,critica,"1,10",6.558941539680342,5.0
TCK-00682,CLI-025,2026-02-03,email,duvida_de_uso,media,"0,70",2.4971823769503114,4.0
TCK-00683,CLI-173,2026-02-03,chat,cobranca,baixa,"1,29",6.651941413209649,
TCK-00684,CLI-173,2026-02-03,chat,cobranca,baixa,"4,26",10.588203681564696,4.0
TCK-00685,CLI-031,2026-02-03,telefone,bug,baixa,"7,39",15.649113787973324,3.0
TCK-00686,CLI-145,2026-02-03,email,bug,media,"5,00",13.650420894555815,5.0
TCK-00687,CLI-074,2026-02-03,email,cobranca,alta,"3,01",7.213774198071732,5.0
TCK-00688,CLI-107,2026-02-03,chat,bug,baixa,"3,10",12.013657240494542,4.0
TCK-00689,CLI-081,2026-02-03,telefone,bug,baixa,"3,99",9.915938835741246,4.0
TCK-00690,CLI-141,2026-02-03,chat,cobranca,media,"1,87",6.598944185859775,5.0
TCK-00691,CLI-180,2026-02-03,chat,duvida_de_uso,media,"2,90",10.538034596360975,2.0
TCK-00692,CLI-144,2026-02-03,email,bug,media,"2,91",8.496583425240244,4.0
TCK-00693,CLI-168,2026-02-03,chat,bug,critica,"2,89",9.98848640916599,5.0
TCK-00694,CLI-171,2026-02-03,telefone,bug,baixa,"5,38",9.754173651824907,5.0
TCK-00695,CLI-017,2026-02-03,email,cobranca,media,"6,33",13.738245372191116,3.0
TCK-00696,CLI-046,2026-02-03,chat,duvida_de_uso,alta,"0,51",4.508188372552121,3.0
TCK-00697,CLI-130,2026-02-03,email,bug,alta,"8,61",20.124045550110058,4.0
TCK-00698,CLI-107,2026-02-03,chat,duvida_de_uso,alta,,8.048726267487096,4.0
TCK-00699,CLI-010,2026-02-03,chat,bug,alta,"7,39",17.315779066403998,3.0
TCK-00700,CLI-018,2026-02-03,chat,bug,media,"4,28",12.297119703513888,4.0
TCK-00701,CLI-094,2026-02-03,telefone,bug,media,"1,91",7.150323873596512,4.0
TCK-00702,CLI-111,2026-02-04,email,duvida_de_uso,alta,"5,78",10.182612030349095,4.0
TCK-00703,CLI-031,2026-02-04,email,bug,alta,"8,19",19.909241408375795,
TCK-00704,CLI-031,2026-02-04,email,bug,alta,"3,25",7.586777487471124,4.0
TCK-00705,CLI-024,2026-02-04,email,duvida_de_uso,media,"1,79",6.686236334805471,4.0
TCK-00706,CLI-102,2026-02-04,email,duvida_de_uso,alta,"1,53",6.028422596761708,5.0
TCK-00707,CLI-002,2026-02-04,email,bug,baixa,"1,07",5.000810232523354,5.0
TCK-00708,CLI-104,2026-02-04,email,bug,baixa,"0,46",2.166288271661009,4.0
TCK-00709,CLI-086,2026-02-04,email,bug,media,"3,66",6.679781273031519,4.0
TCK-00710,CLI-084,2026-02-04,email,duvida_de_uso,baixa,"1,60",4.384036088882451,4.0
TCK-00711,CLI-123,2026-02-04,chat,cobranca,alta,"1,40",6.753053755454747,4.0
TCK-00712,CLI-095,2026-02-04,email,bug,baixa,"12,51",23.346784890407104,3.0
TCK-00713,CLI-131,2026-02-04,chat,cobranca,alta,"3,24",7.509297024276796,4.0
TCK-00714,CLI-138,2026-02-04,telefone,cobranca,media,"1,86",6.97418043031957,5.0
TCK-00715,CLI-166,2026-02-04,chat,bug,baixa,"9,82",19.13506790843023,3.0
TCK-00716,CLI-144,2026-02-04,email,bug,baixa,"4,79",10.811025390103632,4.0
TCK-00717,CLI-094,2026-02-05,email,bug,media,"15,44",30.90813481873147,4.0
TCK-00718,CLI-089,2026-02-05,chat,bug,alta,"6,35",14.851082768456683,4.0
TCK-00719,CLI-043,2026-02-05,chat,duvida_de_uso,media,"2,95",6.736103748881543,4.0
TCK-00720,CLI-108,2026-02-05,email,bug,baixa,"3,64",9.758267699977583,4.0
TCK-00721,CLI-026,2026-02-05,email,cobranca,baixa,"7,04",16.26234790124959,3.0
TCK-00722,CLI-168,2026-02-05,chat,duvida_de_uso,baixa,"2,77",6.071428604915295,4.0
TCK-00723,CLI-153,2026-02-05,email,cobranca,baixa,"2,72",8.211918590730916,5.0
TCK-00724,CLI-022,2026-02-05,chat,cobranca,critica,"1,55",4.713640331602571,5.0
TCK-00725,CLI-142,2026-02-05,email,duvida_de_uso,baixa,"7,82",17.26303875037141,4.0
TCK-00726,CLI-022,2026-02-05,email,elogio,baixa,"1,86",7.425139310955102,5.0
TCK-00727,CLI-130,2026-02-05,telefone,elogio,alta,"7,75",16.67806639160933,4.0
TCK-00728,CLI-016,2026-02-05,email,duvida_de_uso,alta,"4,07",11.696945217559001,5.0
TCK-00729,CLI-088,2026-02-05,chat,bug,media,"0,53",5.139213784789221,4.0
TCK-00730,CLI-119,2026-02-05,email,duvida_de_uso,media,"8,17",19.072386007602546,5.0
TCK-00731,CLI-132,2026-02-05,email,bug,critica,"1,90",7.023270260072633,4.0
TCK-00732,CLI-076,2026-02-05,telefone,duvida_de_uso,baixa,"2,13",8.483506458168492,4.0
TCK-00733,CLI-166,2026-02-05,email,duvida_de_uso,baixa,"3,37",9.635683990412746,4.0
TCK-00734,CLI-140,2026-02-05,email,duvida_de_uso,alta,,7.332413073102135,
TCK-00735,CLI-038,2026-02-05,telefone,cobranca,alta,"4,94",10.6992087306394,4.0
TCK-00736,CLI-121,2026-02-06,chat,bug,critica,"4,73",11.199566736064229,
TCK-00737,CLI-132,2026-02-06,chat,duvida_de_uso,media,"4,62",11.192349886451527,4.0
TCK-00738,CLI-061,2026-02-06,email,bug,critica,"2,52",8.067674860765582,5.0
TCK-00739,CLI-133,2026-02-06,email,cobranca,media,"2,59",6.443709619804678,5.0
TCK-00740,CLI-162,2026-02-06,chat,duvida_de_uso,alta,"4,39",13.911676493458012,4.0
TCK-00741,CLI-148,2026-02-06,email,bug,alta,"1,61",5.752543280966887,5.0
TCK-00742,CLI-138,2026-02-06,email,cobranca,baixa,"4,07",10.312194887334542,4.0
TCK-00743,CLI-115,2026-02-06,chat,bug,baixa,"6,04",12.862878423593047,4.0
TCK-00744,CLI-049,2026-02-06,email,cobranca,media,"2,83",6.59505033869903,3.0
TCK-00745,CLI-144,2026-02-06,email,duvida_de_uso,alta,"1,05",4.708564865275044,5.0
TCK-00746,CLI-066,2026-02-06,email,duvida_de_uso,baixa,"1,90",6.460771838043625,5.0
TCK-00747,CLI-096,2026-02-06,email,cobranca,alta,"2,01",6.4836414897955885,5.0
TCK-00748,CLI-057,2026-02-06,chat,cobranca,media,"1,06",7.386592147089724,3.0
TCK-00749,CLI-057,2026-02-06,telefone,cobranca,media,"3,24",8.64661971362916,
TCK-00750,CLI-029,2026-02-06,email,duvida_de_uso,media,"15,24",30.299211994579366,2.0
TCK-00751,CLI-174,2026-02-06,email,cobranca,critica,"5,67",14.423860587067377,4.0
TCK-00752,CLI-027,2026-02-06,chat,duvida_de_uso,baixa,"2,09",6.513706898704706,4.0
TCK-00753,CLI-016,2026-02-06,email,cobranca,media,"3,73",10.515391263368816,4.0
TCK-00754,CLI-169,2026-02-06,chat,cobranca,baixa,"1,34",3.5010461147403014,4.0
TCK-00755,CLI-100,2026-02-07,telefone,bug,critica,"3,71",7.7801740463802425,4.0
TCK-00756,CLI-079,2026-02-07,chat,bug,alta,"5,86",13.733079876879293,
TCK-00757,CLI-133,2026-02-07,email,bug,baixa,,10.162328701051726,5.0
TCK-00758,CLI-069,2026-02-07,telefone,bug,baixa,"7,67",15.59939377701017,4.0
TCK-00759,CLI-024,2026-02-07,email,duvida_de_uso,media,"6,99",15.756766470398059,5.0
TCK-00760,CLI-132,2026-02-07,telefone,bug,media,"14,78",29.916803990485104,2.0
TCK-00761,CLI-032,2026-02-07,chat,duvida_de_uso,alta,"4,14",9.38521257436566,4.0
TCK-00762,CLI-100,2026-02-07,chat,bug,media,"8,47",17.46425862514219,2.0
TCK-00763,CLI-171,2026-02-07,telefone,bug,media,"8,07",17.852736145558858,4.0
TCK-00764,CLI-169,2026-02-07,chat,cobranca,alta,"2,96",6.802534410165277,4.0
TCK-00765,CLI-065,2026-02-07,email,duvida_de_uso,media,"2,08",5.837518868739323,4.0
TCK-00766,CLI-141,2026-02-07,email,duvida_de_uso,baixa,"7,64",17.55815358953497,4.0
TCK-00767,CLI-111,2026-02-07,chat,cobranca,baixa,"4,86",11.704369869836764,5.0
TCK-00768,CLI-087,2026-02-07,chat,elogio,media,"4,94",11.184698797281152,3.0
TCK-00769,CLI-026,2026-02-07,email,duvida_de_uso,media,"0,20",2.0053960215269173,5.0
TCK-00770,CLI-068,2026-02-07,chat,bug,baixa,,4.4767702238964695,4.0
TCK-00771,CLI-118,2026-02-07,chat,bug,media,"3,37",8.866748830077071,4.0
TCK-00772,CLI-178,2026-02-07,email,elogio,baixa,"2,95",11.342462569826404,3.0
TCK-00773,CLI-001,2026-02-07,email,cobranca,alta,"2,57",8.473756036375297,5.0
TCK-00774,CLI-130,2026-02-07,email,cobranca,baixa,"2,23",5.019321073689708,5.0
TCK-00775,CLI-153,2026-02-07,email,cobranca,media,"0,91",5.701541383917422,5.0
TCK-00776,CLI-172,2026-02-07,email,bug,baixa,"5,40",11.585687848513507,4.0
TCK-00777,CLI-077,2026-02-07,email,duvida_de_uso,media,"2,42",7.3570355689535045,5.0
TCK-00778,CLI-022,2026-02-07,email,cobranca,baixa,"2,84",7.224292757739685,5.0
TCK-00779,CLI-049,2026-02-07,email,cobranca,media,,12.318103015700867,4.0
TCK-00780,CLI-154,2026-02-07,chat,bug,alta,"3,62",7.823116646555758,5.0
TCK-00781,CLI-159,2026-02-08,email,duvida_de_uso,baixa,"4,84",12.18689372046599,
TCK-00782,CLI-115,2026-02-08,telefone,bug,alta,"4,68",10.394104362526111,4.0
TCK-00783,CLI-023,2026-02-08,telefone,elogio,media,"0,37",4.777831395346867,
TCK-00784,CLI-022,2026-02-08,chat,bug,media,"4,67",11.838939850488817,4.0
TCK-00785,CLI-087,2026-02-08,telefone,cobranca,media,"11,82",26.15952480231477,3.0
TCK-00786,CLI-106,2026-02-08,telefone,bug,media,"4,59",12.330325049533016,4.0
TCK-00787,CLI-006,2026-02-08,email,duvida_de_uso,alta,"1,56",4.772371769977719,5.0
TCK-00788,CLI-124,2026-02-08,chat,cobranca,alta,"1,58",10.20940729813822,4.0
TCK-00789,CLI-099,2026-02-08,email,bug,alta,,6.763514431029299,5.0
TCK-00790,CLI-003,2026-02-08,chat,cobranca,baixa,"6,54",13.951034902899325,3.0
TCK-00791,CLI-018,2026-02-08,chat,cobranca,alta,,6.359365838967826,4.0
TCK-00792,CLI-082,2026-02-08,email,cobranca,baixa,"4,74",12.481799479258482,5.0
TCK-00793,CLI-131,2026-02-08,email,bug,media,"3,38",9.975906172825088,5.0
TCK-00794,CLI-149,2026-02-08,telefone,cobranca,baixa,"5,84",14.263396438035679,3.0
TCK-00795,CLI-078,2026-02-08,email,duvida_de_uso,baixa,"1,96",7.982261956035863,5.0
TCK-00796,CLI-054,2026-02-08,email,duvida_de_uso,media,"4,61",12.592915120961043,4.0
TCK-00797,CLI-175,2026-02-08,email,duvida_de_uso,alta,"2,85",6.853751413269616,5.0
TCK-00798,CLI-083,2026-02-08,chat,duvida_de_uso,baixa,"5,09",15.33214915713264,3.0
TCK-00799,CLI-057,2026-02-08,telefone,bug,media,"0,42",6.714990563407762,5.0
TCK-00800,CLI-080,2026-02-08,chat,duvida_de_uso,media,"1,86",7.554399654838608,3.0
TCK-00801,CLI-003,2026-02-08,email,bug,critica,"7,94",17.354683075403482,4.0
TCK-00802,CLI-055,2026-02-08,email,bug,alta,"7,32",16.252977202239073,4.0
TCK-00803,CLI-093,2026-02-08,email,bug,baixa,"0,98",4.283816280782145,5.0
TCK-00804,CLI-166,2026-02-08,chat,bug,baixa,"4,06",10.01901331505069,4.0
TCK-00805,CLI-133,2026-02-09,telefone,cobranca,media,"1,81",2.969676222996422,5.0
TCK-00806,CLI-141,2026-02-09,chat,duvida_de_uso,baixa,"1,38",7.780191785034942,5.0
TCK-00807,CLI-099,2026-02-09,email,bug,critica,"7,65",18.528179200341672,4.0
TCK-00808,CLI-020,2026-02-09,chat,cobranca,critica,"1,83",3.782765091597796,4.0
TCK-00809,CLI-071,2026-02-09,email,elogio,critica,"0,92",5.982418402070771,5.0
TCK-00810,CLI-180,2026-02-09,chat,cobranca,baixa,"0,85",4.523591847512655,4.0
TCK-00811,CLI-008,2026-02-09,chat,cobranca,alta,"2,46",7.135086384717441,2.0
TCK-00812,CLI-159,2026-02-09,chat,elogio,alta,"1,78",6.9509247696931915,4.0
TCK-00813,CLI-124,2026-02-09,chat,duvida_de_uso,baixa,"1,76",3.5499587610481265,4.0
TCK-00814,CLI-052,2026-02-09,telefone,elogio,baixa,"5,77",13.372185188760298,4.0
TCK-00815,CLI-141,2026-02-09,email,elogio,baixa,"5,05",12.203284090143848,3.0
TCK-00816,CLI-151,2026-02-09,email,bug,media,"3,15",8.782907455126377,4.0
TCK-00817,CLI-008,2026-02-09,email,cobranca,critica,"7,40",14.271822316448697,3.0
TCK-00818,CLI-020,2026-02-09,chat,cobranca,alta,"3,48",9.94182913532769,5.0
TCK-00819,CLI-120,2026-02-09,chat,cobranca,baixa,,9.80609595965211,
TCK-00820,CLI-180,2026-02-09,chat,cobranca,media,"1,56",6.426908773837851,3.0
TCK-00821,CLI-005,2026-02-09,chat,duvida_de_uso,baixa,"4,93",11.5296115318197,3.0
TCK-00822,CLI-120,2026-02-09,email,duvida_de_uso,baixa,"2,90",12.257253642622977,5.0
TCK-00823,CLI-025,2026-02-09,chat,duvida_de_uso,baixa,"1,87",4.979867357701359,4.0
TCK-00824,CLI-118,2026-02-09,chat,cobranca,media,"6,64",16.114845466580093,3.0
TCK-00825,CLI-113,2026-02-09,email,cobranca,alta,"1,89",6.772570815280892,4.0
TCK-00826,CLI-017,2026-02-09,email,cobranca,alta,"1,87",9.385523660595673,5.0
TCK-00827,CLI-123,2026-02-09,email,cobranca,alta,,9.364051191249885,4.0
TCK-00828,CLI-162,2026-02-09,email,elogio,baixa,,6.691082738090261,4.0
TCK-00829,CLI-156,2026-02-09,chat,bug,alta,"0,95",5.472612655563567,
TCK-00830,CLI-006,2026-02-09,telefone,elogio,baixa,"10,86",20.952907042442444,2.0
TCK-00831,CLI-045,2026-02-10,chat,bug,media,"1,90",5.123263662300426,5.0
TCK-00832,CLI-044,2026-02-10,email,duvida_de_uso,media,"4,95",11.490845921939089,5.0
TCK-00833,CLI-082,2026-02-10,chat,bug,baixa,"0,65",5.601945665081237,4.0
TCK-00834,CLI-026,2026-02-10,chat,duvida_de_uso,baixa,"1,05",5.242583838629192,4.0
TCK-00835,CLI-154,2026-02-10,email,duvida_de_uso,baixa,"11,86",24.045230206610867,
TCK-00836,CLI-140,2026-02-10,telefone,bug,baixa,"1,56",7.872346215650728,5.0
TCK-00837,CLI-146,2026-02-10,email,duvida_de_uso,critica,"5,06",9.134556013645184,4.0
TCK-00838,CLI-036,2026-02-10,email,cobranca,baixa,"0,20",1.4162698047584406,5.0
TCK-00839,CLI-003,2026-02-10,email,bug,media,"1,00",1.0543951613196172,5.0
TCK-00840,CLI-164,2026-02-10,email,cobranca,critica,"3,13",10.451717636138985,5.0
TCK-00841,CLI-053,2026-02-10,telefone,bug,media,"7,25",15.898386657237337,4.0
TCK-00842,CLI-119,2026-02-10,email,bug,media,"3,93",11.531823995846224,4.0
TCK-00843,CLI-164,2026-02-10,email,bug,critica,"3,36",8.876460611935565,
TCK-00844,CLI-007,2026-02-10,email,duvida_de_uso,baixa,"6,14",15.588161812717368,5.0
TCK-00845,CLI-001,2026-02-10,email,cobranca,baixa,"4,56",11.01167881594702,
TCK-00846,CLI-001,2026-02-10,email,duvida_de_uso,media,"0,74",4.954090339853751,5.0
TCK-00847,CLI-029,2026-02-10,email,cobranca,media,"3,74",10.131990790118847,5.0
TCK-00848,CLI-010,2026-02-10,chat,duvida_de_uso,alta,"1,59",6.371754296499495,
TCK-00849,CLI-148,2026-02-10,email,cobranca,baixa,"3,26",11.394434171878896,
TCK-00850,CLI-110,2026-02-10,chat,elogio,media,"1,55",3.3615727712806867,4.0
TCK-00851,CLI-177,2026-02-10,email,duvida_de_uso,alta,"3,78",9.702417716594896,5.0
TCK-00852,CLI-145,2026-02-10,chat,bug,critica,"3,11",8.897634072176363,4.0
TCK-00853,CLI-174,2026-02-11,telefone,bug,baixa,"1,21",5.259104334168371,4.0
TCK-00854,CLI-043,2026-02-11,email,duvida_de_uso,baixa,"2,17",6.303849501553418,4.0
TCK-00855,CLI-052,2026-02-11,email,duvida_de_uso,critica,"6,00",12.999506182958918,4.0
TCK-00856,CLI-153,2026-02-11,telefone,bug,media,"6,54",17.06744049296003,5.0
TCK-00857,CLI-045,2026-02-11,chat,cobranca,baixa,"5,90",13.51651254390044,3.0
TCK-00858,CLI-011,2026-02-11,chat,elogio,baixa,"2,40",10.971261674870316,3.0
TCK-00859,CLI-121,2026-02-11,email,bug,alta,"2,06",7.5054197926813995,5.0
TCK-00860,CLI-145,2026-02-11,email,bug,media,"2,20",6.524375933354576,
TCK-00861,CLI-175,2026-02-11,chat,bug,media,"2,34",8.040204563511764,5.0
TCK-00862,CLI-168,2026-02-11,telefone,duvida_de_uso,alta,"1,75",6.308574863341152,5.0
TCK-00863,CLI-022,2026-02-11,email,cobranca,baixa,"9,38",21.905768071963504,
TCK-00864,CLI-139,2026-02-11,chat,duvida_de_uso,baixa,"1,55",4.031574682532691,4.0
TCK-00865,CLI-153,2026-02-11,chat,bug,media,"5,11",9.487401566582959,3.0
TCK-00866,CLI-126,2026-02-11,email,duvida_de_uso,alta,"1,55",6.328741533510647,4.0
TCK-00867,CLI-148,2026-02-11,email,bug,baixa,"3,27",10.139327940655427,4.0
TCK-00868,CLI-151,2026-02-11,email,duvida_de_uso,alta,"2,89",8.63873166439431,5.0
TCK-00869,CLI-081,2026-02-11,email,duvida_de_uso,baixa,"1,05",5.897153229528179,5.0
TCK-00870,CLI-008,2026-02-11,chat,duvida_de_uso,baixa,"1,84",7.109010597647507,4.0
TCK-00871,CLI-083,2026-02-11,email,duvida_de_uso,critica,,8.959311779424443,3.0
TCK-00872,CLI-037,2026-02-11,email,cobranca,baixa,"0,38",4.114679246172275,
TCK-00873,CLI-021,2026-02-11,chat,bug,baixa,"3,32",10.950971046989162,4.0
TCK-00874,CLI-023,2026-02-11,chat,cobranca,alta,"2,90",8.47575920072427,3.0
TCK-00875,CLI-126,2026-02-11,chat,bug,media,"2,23",5.045717492283453,5.0
TCK-00876,CLI-091,2026-02-11,chat,bug,media,"3,80",9.342109544456095,3.0
TCK-00877,CLI-098,2026-02-12,email,cobranca,alta,"6,64",15.791714358243789,4.0
TCK-00878,CLI-135,2026-02-12,chat,cobranca,baixa,"11,24",25.920640986565903,2.0
TCK-00879,CLI-099,2026-02-12,email,bug,alta,"1,00",1.8589020953776387,4.0
TCK-00880,CLI-114,2026-02-12,email,duvida_de_uso,media,"10,32",22.125662336998204,4.0
TCK-00881,CLI-016,2026-02-12,email,cobranca,baixa,"7,50",15.099617167140217,3.0
TCK-00882,CLI-154,2026-02-12,chat,elogio,alta,"2,90",8.977075476430738,3.0
TCK-00883,CLI-081,2026-02-12,chat,duvida_de_uso,media,"0,95",5.583465776784182,3.0
TCK-00884,CLI-028,2026-02-12,email,bug,alta,"2,73",7.561503729970541,5.0
TCK-00885,CLI-147,2026-02-12,telefone,duvida_de_uso,critica,"2,42",8.308362098822434,5.0
TCK-00886,CLI-133,2026-02-12,telefone,bug,alta,"3,43",10.87876062683418,5.0
TCK-00887,CLI-010,2026-02-12,email,bug,media,"6,16",13.846995576104304,4.0
TCK-00888,CLI-035,2026-02-12,chat,duvida_de_uso,baixa,"5,42",10.75767241085206,4.0
TCK-00889,CLI-003,2026-02-12,email,cobranca,alta,,27.315853536081384,3.0
TCK-00890,CLI-049,2026-02-12,telefone,bug,media,"2,75",9.185225085674496,4.0
TCK-00891,CLI-018,2026-02-12,email,cobranca,alta,,11.559956963283444,5.0
TCK-00892,CLI-128,2026-02-12,email,cobranca,alta,"1,85",5.299574570441908,5.0
TCK-00893,CLI-095,2026-02-12,email,cobranca,baixa,"7,74",18.404236450303088,3.0
TCK-00894,CLI-177,2026-02-12,email,bug,baixa,"5,05",15.162092771823854,5.0
TCK-00895,CLI-135,2026-02-13,chat,duvida_de_uso,media,"1,91",6.25869946582088,4.0
TCK-00896,CLI-111,2026-02-13,chat,bug,media,"0,56",4.150786111838511,5.0
TCK-00897,CLI-092,2026-02-13,email,bug,baixa,"4,33",9.19656668519265,4.0
TCK-00898,CLI-010,2026-02-13,chat,bug,media,,6.965013132537753,5.0
TCK-00899,CLI-013,2026-02-13,telefone,bug,alta,"0,66",2.5811806461419784,
TCK-00900,CLI-111,2026-02-13,chat,bug,media,"0,74",4.52860663583828,5.0
TCK-00901,CLI-001,2026-02-13,chat,bug,baixa,"2,55",7.080964695716901,5.0
TCK-00902,CLI-008,2026-02-13,email,elogio,alta,"11,61",24.463023078585586,3.0
TCK-00903,CLI-040,2026-02-13,email,cobranca,alta,"8,30",16.595965625210663,4.0
TCK-00904,CLI-160,2026-02-13,telefone,bug,critica,"3,26",8.610783547186148,5.0
TCK-00905,CLI-083,2026-02-13,chat,elogio,baixa,"1,73",4.685131666242453,5.0
TCK-00906,CLI-128,2026-02-13,chat,bug,alta,"1,27",5.562670239845103,5.0
TCK-00907,CLI-075,2026-02-13,telefone,duvida_de_uso,alta,"1,93",4.025580681620129,5.0
TCK-00908,CLI-032,2026-02-13,email,cobranca,alta,"3,05",8.72413414522148,5.0
TCK-00909,CLI-067,2026-02-13,chat,duvida_de_uso,media,"8,37",17.641675961827737,3.0
TCK-00910,CLI-017,2026-02-13,email,bug,baixa,"2,87",8.432962541326697,5.0
TCK-00911,CLI-139,2026-02-13,email,duvida_de_uso,media,"3,78",7.333644661596129,3.0
TCK-00912,CLI-034,2026-02-13,chat,duvida_de_uso,baixa,"0,79",5.405458780724939,
TCK-00913,CLI-068,2026-02-13,email,duvida_de_uso,baixa,,12.785223704754715,
TCK-00914,CLI-177,2026-02-13,telefone,duvida_de_uso,critica,"3,74",10.04913024860593,4.0
TCK-00915,CLI-107,2026-02-13,email,duvida_de_uso,baixa,"2,73",5.116034255703321,5.0
TCK-00916,CLI-083,2026-02-13,telefone,bug,critica,"1,63",4.062601447144845,4.0
TCK-00917,CLI-098,2026-02-13,chat,duvida_de_uso,media,"1,21",4.5872530245228,
TCK-00918,CLI-142,2026-02-14,chat,bug,alta,"1,55",7.858844055782251,3.0
TCK-00919,CLI-046,2026-02-14,telefone,cobranca,baixa,"2,72",8.693201523713855,4.0
TCK-00920,CLI-115,2026-02-14,email,cobranca,media,"1,61",6.095402348662294,4.0
TCK-00921,CLI-158,2026-02-14,email,duvida_de_uso,media,"3,48",7.8696669191648745,
TCK-00922,CLI-104,2026-02-14,email,cobranca,critica,"4,41",9.27027532387625,5.0
TCK-00923,CLI-081,2026-02-14,email,bug,baixa,"6,41",14.95596339986523,4.0
TCK-00924,CLI-027,2026-02-14,telefone,bug,baixa,"11,19",24.188450734671143,4.0
TCK-00925,CLI-045,2026-02-14,chat,duvida_de_uso,critica,"0,39",4.00952190655949,4.0
TCK-00926,CLI-171,2026-02-14,email,duvida_de_uso,baixa,"4,90",14.378652256133385,5.0
TCK-00927,CLI-098,2026-02-14,email,cobranca,media,"2,98",7.33624219861426,4.0
TCK-00928,CLI-055,2026-02-14,chat,elogio,baixa,"0,27",3.756158538729648,4.0
TCK-00929,CLI-076,2026-02-14,chat,duvida_de_uso,baixa,"1,35",2.882091867079264,5.0
TCK-00930,CLI-105,2026-02-14,email,duvida_de_uso,media,"5,95",14.029448942583844,3.0
TCK-00931,CLI-097,2026-02-14,chat,duvida_de_uso,media,"3,25",11.052852665448526,5.0
TCK-00932,CLI-126,2026-02-14,chat,bug,media,"2,46",5.870422865995629,4.0
TCK-00933,CLI-047,2026-02-14,chat,bug,media,"1,23",6.48205972627335,3.0
TCK-00934,CLI-117,2026-02-14,email,elogio,alta,"9,27",21.843383338313252,3.0
TCK-00935,CLI-080,2026-02-14,chat,cobranca,critica,"0,86",3.517413030540779,4.0
TCK-00936,CLI-170,2026-02-14,email,elogio,baixa,"2,76",8.677346073822877,4.0
TCK-00937,CLI-029,2026-02-14,email,bug,media,"3,17",11.082885016343692,3.0
TCK-00938,CLI-027,2026-02-14,chat,bug,media,"2,12",7.15655920418029,4.0
TCK-00939,CLI-084,2026-02-14,chat,duvida_de_uso,alta,"9,41",21.111528058242303,
TCK-00940,CLI-092,2026-02-15,email,elogio,media,"10,58",19.374148568450973,
TCK-00941,CLI-125,2026-02-15,telefone,bug,alta,"5,29",13.42277932775168,3.0
TCK-00942,CLI-073,2026-02-15,email,bug,media,"3,76",10.53590963219474,5.0
TCK-00943,CLI-165,2026-02-15,chat,bug,media,"2,23",5.032628376829162,
TCK-00944,CLI-086,2026-02-15,telefone,cobranca,alta,"6,26",12.823833650846963,4.0
TCK-00945,CLI-024,2026-02-15,chat,cobranca,media,"4,86",12.648332337884101,4.0
TCK-00946,CLI-022,2026-02-15,telefone,cobranca,media,"1,41",5.076248232862482,4.0
TCK-00947,CLI-176,2026-02-15,chat,bug,baixa,"6,75",16.825998625034728,3.0
TCK-00948,CLI-025,2026-02-15,chat,cobranca,media,"3,06",8.981796390067917,5.0
TCK-00949,CLI-171,2026-02-15,chat,duvida_de_uso,baixa,"1,45",5.692396159838022,4.0
TCK-00950,CLI-051,2026-02-15,chat,bug,alta,"2,02",6.3878057374701305,4.0
TCK-00951,CLI-017,2026-02-15,email,bug,media,"5,31",12.988403452382752,4.0
TCK-00952,CLI-055,2026-02-15,chat,duvida_de_uso,baixa,,10.133871726105983,5.0
TCK-00953,CLI-111,2026-02-15,email,bug,baixa,"1,64",6.743988974349324,5.0
TCK-00954,CLI-078,2026-02-15,telefone,elogio,media,"3,61",8.871049309517655,4.0
TCK-00955,CLI-142,2026-02-16,email,duvida_de_uso,critica,"4,39",12.769487894264367,
TCK-00956,CLI-110,2026-02-16,email,duvida_de_uso,media,"8,18",18.709195298214176,3.0
TCK-00957,CLI-073,2026-02-16,telefone,cobranca,baixa,"8,78",19.38653040041823,3.0
TCK-00958,CLI-115,2026-02-16,email,cobranca,media,"1,26",5.398582398455588,4.0
TCK-00959,CLI-175,2026-02-16,email,bug,critica,,10.769093702501868,4.0
TCK-00960,CLI-075,2026-02-16,chat,duvida_de_uso,alta,,2.7476941359010043,4.0
TCK-00961,CLI-028,2026-02-16,email,bug,baixa,,12.753995413542857,
TCK-00962,CLI-074,2026-02-16,email,duvida_de_uso,media,"15,16",32.75077081491093,3.0
TCK-00963,CLI-152,2026-02-16,chat,cobranca,alta,"4,52",11.467042375026208,3.0
TCK-00964,CLI-040,2026-02-16,email,duvida_de_uso,alta,"5,55",13.118448119888441,5.0
TCK-00965,CLI-171,2026-02-16,email,duvida_de_uso,media,"6,68",14.126966096297917,5.0
TCK-00966,CLI-106,2026-02-16,email,bug,alta,"10,07",21.873251427109523,
TCK-00967,CLI-109,2026-02-16,email,duvida_de_uso,media,"7,08",15.447850159199573,4.0
TCK-00968,CLI-058,2026-02-16,email,bug,baixa,"1,47",7.606776375161052,5.0
TCK-00969,CLI-166,2026-02-16,email,elogio,baixa,"11,82",22.984882240055313,4.0
TCK-00970,CLI-007,2026-02-16,chat,duvida_de_uso,media,"2,52",6.848940287489243,3.0
TCK-00971,CLI-054,2026-02-16,chat,cobranca,baixa,"3,04",7.573965450472707,4.0
TCK-00972,CLI-076,2026-02-16,email,duvida_de_uso,media,"8,78",21.54801931852985,3.0
TCK-00973,CLI-086,2026-02-16,email,cobranca,alta,,29.14253112133871,3.0
TCK-00974,CLI-086,2026-02-16,telefone,bug,alta,"2,76",7.139413539571265,4.0
TCK-00975,CLI-027,2026-02-16,chat,bug,baixa,"5,07",8.99330627660177,4.0
TCK-00976,CLI-041,2026-02-16,email,bug,baixa,"2,62",6.352015284399973,4.0
TCK-00977,CLI-018,2026-02-16,chat,bug,alta,"2,86",8.946005660466273,3.0
TCK-00978,CLI-104,2026-02-16,email,elogio,media,"1,05",5.682938587624273,5.0
TCK-00979,CLI-064,2026-02-16,telefone,cobranca,baixa,"2,63",6.764129684245207,
TCK-00980,CLI-102,2026-02-16,telefone,duvida_de_uso,alta,"4,60",10.385788349215439,5.0
TCK-00981,CLI-107,2026-02-16,telefone,duvida_de_uso,baixa,"5,77",16.16884967060914,4.0
TCK-00982,CLI-127,2026-02-17,email,duvida_de_uso,baixa,,17.010790526640385,5.0
TCK-00983,CLI-099,2026-02-17,email,duvida_de_uso,alta,"7,73",18.63969181983776,3.0
TCK-00984,CLI-117,2026-02-17,email,cobranca,media,"2,95",10.653478901923886,5.0
TCK-00985,CLI-106,2026-02-17,email,duvida_de_uso,media,"3,65",12.230360373701673,4.0
TCK-00986,CLI-118,2026-02-17,email,cobranca,alta,"3,79",13.139740728186954,4.0
TCK-00987,CLI-111,2026-02-17,chat,bug,critica,"1,88",5.9242472438421085,4.0
TCK-00988,CLI-057,2026-02-17,email,elogio,baixa,"1,89",5.092614517565981,4.0
TCK-00989,CLI-045,2026-02-17,telefone,bug,media,"4,21",13.334110273627658,4.0
TCK-00990,CLI-142,2026-02-17,email,duvida_de_uso,baixa,"6,89",13.951891103176939,4.0
TCK-00991,CLI-062,2026-02-17,email,cobranca,media,"5,00",10.448989512983198,4.0
TCK-00992,CLI-099,2026-02-17,telefone,bug,media,"2,83",6.585445701927224,
TCK-00993,CLI-036,2026-02-17,chat,bug,media,"2,56",7.419130054264992,4.0
TCK-00994,CLI-078,2026-02-17,email,duvida_de_uso,baixa,"2,69",4.872940151954841,4.0
TCK-00995,CLI-096,2026-02-17,chat,duvida_de_uso,alta,"3,52",7.188347588244364,4.0
TCK-00996,CLI-113,2026-02-17,email,elogio,media,"7,04",14.74624623311246,4.0
TCK-00997,CLI-095,2026-02-17,email,cobranca,alta,"7,16",14.094175381123343,4.0
TCK-00998,CLI-065,2026-02-18,chat,duvida_de_uso,media,"2,02",8.232745753030553,
TCK-00999,CLI-174,2026-02-18,email,elogio,alta,"2,74",7.942331315313208,5.0
TCK-01000,CLI-093,2026-02-18,chat,duvida_de_uso,media,"4,64",12.214568229101106,4.0
TCK-01001,CLI-146,2026-02-18,email,cobranca,media,"3,17",9.415652055272467,4.0
TCK-01002,CLI-133,2026-02-18,chat,bug,alta,"2,53",7.251679196482874,4.0
TCK-01003,CLI-101,2026-02-18,chat,duvida_de_uso,alta,"2,97",9.837183548638533,5.0
TCK-01004,CLI-160,2026-02-18,email,bug,media,"3,97",10.827603492847588,4.0
TCK-01005,CLI-024,2026-02-18,email,bug,media,"6,46",14.146402965842444,3.0
TCK-01006,CLI-166,2026-02-18,email,cobranca,media,"1,17",2.587997990312253,5.0
TCK-01007,CLI-154,2026-02-18,chat,bug,media,"3,30",9.716575285180703,3.0
TCK-01008,CLI-091,2026-02-18,chat,duvida_de_uso,media,"1,27",3.4008626955581356,4.0
TCK-01009,CLI-133,2026-02-18,chat,cobranca,alta,"1,75",6.71613180539175,3.0
TCK-01010,CLI-094,2026-02-18,email,bug,media,"4,52",11.26151502096804,
TCK-01011,CLI-049,2026-02-18,email,duvida_de_uso,media,"0,91",2.5908277268584774,4.0
TCK-01012,CLI-144,2026-02-18,chat,cobranca,media,"2,11",7.17750073029615,
TCK-01013,CLI-045,2026-02-18,email,cobranca,critica,"3,07",8.818117094449283,4.0
TCK-01014,CLI-057,2026-02-18,chat,bug,baixa,"2,19",7.239094257091766,5.0
TCK-01015,CLI-094,2026-02-18,email,elogio,baixa,"2,94",8.519936172787133,4.0
TCK-01016,CLI-151,2026-02-18,email,cobranca,baixa,"4,24",9.66097820732221,3.0
TCK-01017,CLI-070,2026-02-18,chat,cobranca,alta,"1,57",6.714261851519801,3.0
TCK-01018,CLI-089,2026-02-18,chat,duvida_de_uso,media,"2,32",6.138314720290484,
TCK-01019,CLI-008,2026-02-18,chat,cobranca,media,"2,71",6.265782317136632,4.0
TCK-01020,CLI-021,2026-02-18,email,cobranca,baixa,"7,92",18.26556321180714,4.0
TCK-01021,CLI-011,2026-02-18,telefone,bug,alta,"9,09",20.76532807122066,3.0
TCK-01022,CLI-013,2026-02-18,telefone,elogio,media,"1,27",6.1950926491010065,
TCK-01023,CLI-157,2026-02-18,telefone,elogio,media,"8,33",17.68239994127252,5.0
TCK-01024,CLI-152,2026-02-18,chat,duvida_de_uso,baixa,"1,13",2.1259437421674194,4.0
TCK-01025,CLI-148,2026-02-18,chat,cobranca,baixa,"2,33",9.417721496984372,4.0
TCK-01026,CLI-011,2026-02-18,chat,duvida_de_uso,baixa,,1.1142415339901572,4.0
TCK-01027,CLI-014,2026-02-18,email,cobranca,media,"0,55",4.875630075653003,5.0
TCK-01028,CLI-051,2026-02-18,email,cobranca,media,"14,59",32.421923949003954,3.0
TCK-01029,CLI-102,2026-02-18,chat,bug,baixa,"2,38",7.502264392793788,4.0
TCK-01030,CLI-061,2026-02-18,email,bug,media,"3,35",9.460005623847826,4.0
TCK-01031,CLI-088,2026-02-19,email,bug,baixa,"4,90",12.384010030075162,4.0
TCK-01032,CLI-032,2026-02-19,telefone,elogio,media,"3,41",9.428033044156285,4.0
TCK-01033,CLI-132,2026-02-19,email,duvida_de_uso,baixa,"6,99",19.102251876648133,3.0
TCK-01034,CLI-057,2026-02-19,chat,cobranca,baixa,,6.815856690529239,
TCK-01035,CLI-012,2026-02-19,chat,duvida_de_uso,baixa,"3,74",8.28252701193852,4.0
TCK-01036,CLI-134,2026-02-19,email,bug,alta,"2,14",6.362798628767568,4.0
TCK-01037,CLI-163,2026-02-19,telefone,elogio,critica,"1,11",7.603329607795434,5.0
TCK-01038,CLI-003,2026-02-19,email,duvida_de_uso,media,"7,53",15.681873845310141,
TCK-01039,CLI-079,2026-02-19,telefone,duvida_de_uso,baixa,"5,05",12.729386469013077,4.0
TCK-01040,CLI-149,2026-02-19,chat,bug,critica,"0,88",6.195128871156761,4.0
TCK-01041,CLI-128,2026-02-19,email,bug,critica,"1,49",6.856252613046845,5.0
TCK-01042,CLI-155,2026-02-19,email,bug,media,"4,31",12.286788612032858,5.0
TCK-01043,CLI-075,2026-02-19,email,duvida_de_uso,baixa,"5,91",15.75950533310965,4.0
TCK-01044,CLI-068,2026-02-19,email,duvida_de_uso,alta,"1,87",6.833266147912365,4.0
TCK-01045,CLI-128,2026-02-19,email,bug,critica,"10,40",21.02874250068927,4.0
TCK-01046,CLI-028,2026-02-19,telefone,bug,alta,"6,44",14.814271159254075,4.0
TCK-01047,CLI-044,2026-02-19,email,bug,media,"7,88",16.68274602607209,3.0
TCK-01048,CLI-109,2026-02-19,telefone,duvida_de_uso,media,"4,23",14.399500284799982,5.0
TCK-01049,CLI-121,2026-02-19,email,elogio,critica,,9.361643551561341,4.0
TCK-01050,CLI-022,2026-02-19,telefone,duvida_de_uso,baixa,,6.162971416831569,5.0
TCK-01051,CLI-092,2026-02-19,email,bug,baixa,"2,16",4.631311746862769,3.0
TCK-01052,CLI-066,2026-02-19,email,duvida_de_uso,alta,"3,62",9.71910277534054,4.0
TCK-01053,CLI-091,2026-02-19,chat,elogio,baixa,"3,08",8.120002570834979,5.0
TCK-01054,CLI-173,2026-02-19,email,cobranca,media,"4,51",12.133304296200574,4.0
TCK-01055,CLI-014,2026-02-19,telefone,cobranca,baixa,"0,66",5.247990672458977,5.0
TCK-01056,CLI-180,2026-02-20,email,elogio,baixa,,8.337979709500749,4.0
TCK-01057,CLI-081,2026-02-20,chat,duvida_de_uso,baixa,"2,83",10.105085502377268,4.0
TCK-01058,CLI-139,2026-02-20,chat,elogio,media,"3,14",8.549808320002255,4.0
TCK-01059,CLI-077,2026-02-20,chat,bug,media,"1,74",4.720571941009121,
TCK-01060,CLI-056,2026-02-20,email,cobranca,media,"6,07",12.681331710696472,5.0
TCK-01061,CLI-139,2026-02-20,email,cobranca,media,"6,01",14.265284466099057,5.0
TCK-01062,CLI-124,2026-02-20,email,elogio,critica,"13,96",28.36651396299895,3.0
TCK-01063,CLI-026,2026-02-20,email,duvida_de_uso,media,"4,00",10.582516411015988,5.0
TCK-01064,CLI-127,2026-02-20,email,cobranca,critica,"2,82",7.273862693859614,4.0
TCK-01065,CLI-136,2026-02-20,telefone,bug,media,"1,88",8.544509828426788,
TCK-01066,CLI-070,2026-02-20,chat,duvida_de_uso,baixa,"0,72",2.0859235797655136,3.0
TCK-01067,CLI-167,2026-02-20,chat,duvida_de_uso,alta,"3,50",8.41533846682496,3.0
TCK-01068,CLI-116,2026-02-20,email,duvida_de_uso,alta,"5,40",11.098817275981705,
TCK-01069,CLI-061,2026-02-20,email,cobranca,baixa,"1,34",5.106320411172596,5.0
TCK-01070,CLI-002,2026-02-20,chat,bug,media,"3,52",11.199792563608124,
TCK-01071,CLI-122,2026-02-20,email,bug,alta,"4,40",10.484535400732051,4.0
TCK-01072,CLI-038,2026-02-20,email,bug,baixa,"3,15",8.825749782279033,4.0
TCK-01073,CLI-137,2026-02-20,chat,cobranca,media,"0,36",4.6514107499685,4.0
TCK-01074,CLI-095,2026-02-20,chat,cobranca,baixa,"3,22",8.28550942385585,5.0
TCK-01075,CLI-085,2026-02-20,telefone,cobranca,baixa,"11,34",23.978955348628496,2.0
TCK-01076,CLI-030,2026-02-20,email,bug,alta,"2,09",7.140438847380817,5.0
TCK-01077,CLI-129,2026-02-20,chat,cobranca,media,"2,64",6.059566830565266,3.0
TCK-01078,CLI-030,2026-02-21,email,cobranca,alta,"5,66",12.489077793412868,4.0
TCK-01079,CLI-076,2026-02-21,email,bug,alta,"0,34",4.1444989211908805,4.0
TCK-01080,CLI-151,2026-02-21,chat,bug,critica,"1,09",6.884897016484716,4.0
TCK-01081,CLI-166,2026-02-21,email,duvida_de_uso,media,"1,03",6.7723541726559855,
TCK-01082,CLI-179,2026-02-21,chat,duvida_de_uso,media,"6,78",18.338306318114064,3.0
TCK-01083,CLI-173,2026-02-21,email,bug,baixa,"0,32",4.299841821896251,4.0
TCK-01084,CLI-101,2026-02-21,email,bug,media,"3,14",8.034138380488391,5.0
TCK-01085,CLI-037,2026-02-21,telefone,bug,media,"4,77",11.482005605451201,4.0
TCK-01086,CLI-152,2026-02-21,email,bug,alta,"2,08",6.567735433838625,5.0
TCK-01087,CLI-145,2026-02-21,chat,bug,media,"0,24",2.8277366834090403,4.0
TCK-01088,CLI-179,2026-02-21,email,cobranca,baixa,"3,24",9.410938875623287,4.0
TCK-01089,CLI-118,2026-02-21,telefone,duvida_de_uso,alta,"2,05",7.331096374832275,4.0
TCK-01090,CLI-026,2026-02-21,email,duvida_de_uso,alta,"5,14",10.499504602572248,5.0
TCK-01091,CLI-091,2026-02-21,email,cobranca,media,"6,51",16.348235748364196,4.0
TCK-01092,CLI-081,2026-02-21,chat,duvida_de_uso,alta,"0,81",1.7068166157198768,4.0
TCK-01093,CLI-152,2026-02-21,email,bug,media,"2,23",6.681373368993223,5.0
TCK-01094,CLI-071,2026-02-21,email,bug,alta,"2,33",8.909284945338811,5.0
TCK-01095,CLI-060,2026-02-21,telefone,bug,media,"6,44",15.510277386772643,4.0
TCK-01096,CLI-015,2026-02-21,chat,duvida_de_uso,media,"2,43",6.842140296872617,
TCK-01097,CLI-151,2026-02-21,chat,duvida_de_uso,baixa,"0,84",7.470222813228144,4.0
TCK-01098,CLI-136,2026-02-21,chat,duvida_de_uso,baixa,,10.84654806416133,4.0
TCK-01099,CLI-008,2026-02-21,telefone,duvida_de_uso,alta,"2,07",3.7260676647696247,4.0
TCK-01100,CLI-079,2026-02-21,telefone,elogio,media,"2,56",8.281715800600876,5.0
TCK-01101,CLI-087,2026-02-21,chat,bug,baixa,"1,03",2.1867525046304612,4.0
TCK-01102,CLI-085,2026-02-21,email,duvida_de_uso,baixa,"4,28",9.461931289723555,4.0
TCK-01103,CLI-166,2026-02-21,email,duvida_de_uso,media,"2,90",9.159398119107793,4.0
TCK-01104,CLI-028,2026-02-21,chat,cobranca,alta,"5,68",12.529487612098581,3.0
TCK-01105,CLI-056,2026-02-22,telefone,cobranca,media,,11.239743071361996,
TCK-01106,CLI-033,2026-02-22,chat,cobranca,alta,,3.2181042091785406,5.0
TCK-01107,CLI-044,2026-02-22,email,bug,alta,"3,77",11.075833270053726,4.0
TCK-01108,CLI-164,2026-02-22,email,duvida_de_uso,media,"10,36",19.117528797435128,
TCK-01109,CLI-170,2026-02-22,chat,cobranca,alta,"0,76",6.337062194382344,4.0
TCK-01110,CLI-009,2026-02-22,telefone,duvida_de_uso,baixa,"5,36",11.92773195130721,4.0
TCK-01111,CLI-114,2026-02-22,email,elogio,media,"0,62",6.406346925960019,5.0
TCK-01112,CLI-042,2026-02-22,chat,duvida_de_uso,baixa,"5,41",11.485108987054232,3.0
TCK-01113,CLI-035,2026-02-22,chat,duvida_de_uso,baixa,"1,57",8.706934955616665,4.0
TCK-01114,CLI-053,2026-02-22,telefone,duvida_de_uso,baixa,"1,77",4.743037474270404,4.0
TCK-01115,CLI-035,2026-02-22,email,duvida_de_uso,baixa,"9,95",18.213210470094417,3.0
TCK-01116,CLI-089,2026-02-22,telefone,cobranca,alta,"3,58",9.517501375540656,5.0
TCK-01117,CLI-180,2026-02-22,chat,bug,media,"2,21",8.836180325418402,3.0
TCK-01118,CLI-106,2026-02-22,chat,duvida_de_uso,critica,"1,59",7.040303871984383,4.0
TCK-01119,CLI-131,2026-02-22,email,duvida_de_uso,media,"2,74",9.66974782521616,4.0
TCK-01120,CLI-089,2026-02-22,chat,cobranca,media,"0,33",4.804475456102442,4.0
TCK-01121,CLI-003,2026-02-22,chat,duvida_de_uso,baixa,"3,18",7.493333785652774,4.0
TCK-01122,CLI-016,2026-02-23,email,elogio,media,"1,04",6.012652582277005,4.0
TCK-01123,CLI-049,2026-02-23,email,cobranca,media,"7,16",16.018618600643528,4.0
TCK-01124,CLI-044,2026-02-23,chat,bug,critica,"0,89",3.54038240937858,4.0
TCK-01125,CLI-152,2026-02-23,chat,cobranca,critica,"2,37",7.5347175027510245,4.0
TCK-01126,CLI-152,2026-02-23,email,elogio,baixa,"2,30",7.048721031175869,5.0
TCK-01127,CLI-154,2026-02-23,email,bug,media,"2,64",9.87989369638948,4.0
TCK-01128,CLI-115,2026-02-23,email,duvida_de_uso,media,"3,07",7.747219168750687,5.0
TCK-01129,CLI-101,2026-02-23,telefone,bug,media,"4,73",10.664694910652189,4.0
TCK-01130,CLI-117,2026-02-23,telefone,duvida_de_uso,baixa,"9,76",19.514897335429726,4.0
TCK-01131,CLI-074,2026-02-23,email,bug,alta,"2,59",10.507468498579714,3.0
TCK-01132,CLI-121,2026-02-23,email,cobranca,alta,"0,44",2.8221560916625457,5.0
TCK-01133,CLI-143,2026-02-23,email,duvida_de_uso,media,"8,38",20.032296318950618,4.0
TCK-01134,CLI-138,2026-02-23,chat,duvida_de_uso,media,,7.802485829527146,5.0
TCK-01135,CLI-111,2026-02-23,telefone,bug,baixa,"1,43",6.340225584584876,5.0
TCK-01136,CLI-011,2026-02-23,chat,cobranca,critica,"0,72",4.695482295157168,4.0
TCK-01137,CLI-131,2026-02-23,email,duvida_de_uso,baixa,"4,88",13.638215005336951,4.0
TCK-01138,CLI-066,2026-02-23,email,duvida_de_uso,baixa,"4,29",12.346669929432059,5.0
TCK-01139,CLI-134,2026-02-23,email,bug,baixa,"11,39",23.625222224544586,3.0
TCK-01140,CLI-098,2026-02-23,telefone,bug,alta,"5,34",11.801586416603655,3.0
TCK-01141,CLI-159,2026-02-23,chat,duvida_de_uso,alta,"1,31",7.787025098380099,3.0
TCK-01142,CLI-061,2026-02-23,chat,elogio,baixa,"1,07",3.9619479453277004,
TCK-01143,CLI-168,2026-02-23,email,bug,baixa,,6.534358108342906,4.0
TCK-01144,CLI-153,2026-02-23,telefone,cobranca,alta,,1.2527838719866482,5.0
TCK-01145,CLI-060,2026-02-23,email,bug,media,,2.092743868986419,5.0
TCK-01146,CLI-087,2026-02-23,telefone,cobranca,baixa,"1,28",6.191937837225881,
TCK-01147,CLI-096,2026-02-23,telefone,bug,critica,"2,13",10.153903327471085,5.0
TCK-01148,CLI-139,2026-02-23,chat,duvida_de_uso,baixa,,3.764461781693792,
TCK-01149,CLI-125,2026-02-23,telefone,duvida_de_uso,media,"5,59",11.888017969206969,3.0
TCK-01150,CLI-154,2026-02-23,email,bug,baixa,"8,72",18.82988164860869,2.0
TCK-01151,CLI-067,2026-02-23,chat,bug,alta,"4,57",13.542370320233646,3.0
TCK-01152,CLI-091,2026-02-23,email,duvida_de_uso,alta,"6,82",14.092958232909135,3.0
TCK-01153,CLI-078,2026-02-24,chat,duvida_de_uso,media,"1,54",6.6505434237662415,
TCK-01154,CLI-164,2026-02-24,email,elogio,alta,"1,82",5.89856646814347,
TCK-01155,CLI-055,2026-02-24,email,duvida_de_uso,critica,"4,81",15.569442950410703,3.0
TCK-01156,CLI-106,2026-02-24,email,elogio,alta,"5,03",12.277055272758002,
TCK-01157,CLI-022,2026-02-24,email,duvida_de_uso,media,"1,41",6.0629564486838,5.0
TCK-01158,CLI-154,2026-02-24,chat,bug,media,"1,83",6.425587158856403,
TCK-01159,CLI-070,2026-02-24,chat,bug,alta,"1,01",4.204773401863634,4.0
TCK-01160,CLI-062,2026-02-24,email,duvida_de_uso,baixa,"0,81",5.879754704247307,5.0
TCK-01161,CLI-105,2026-02-24,telefone,bug,baixa,"4,55",9.451184504386857,5.0
TCK-01162,CLI-090,2026-02-24,telefone,cobranca,baixa,"6,73",12.105931386641934,4.0
TCK-01163,CLI-153,2026-02-24,email,cobranca,alta,"10,70",22.03737470997971,3.0
TCK-01164,CLI-096,2026-02-24,email,duvida_de_uso,baixa,"3,24",10.055731547974469,5.0
TCK-01165,CLI-094,2026-02-24,chat,duvida_de_uso,baixa,"0,39",2.832030053513704,4.0
TCK-01166,CLI-019,2026-02-24,chat,duvida_de_uso,media,"7,18",16.208256728280315,3.0
TCK-01167,CLI-004,2026-02-24,email,duvida_de_uso,baixa,"12,68",23.98925190090241,3.0
TCK-01168,CLI-072,2026-02-24,chat,bug,media,"12,27",26.677638473490404,3.0
TCK-01169,CLI-180,2026-02-24,email,bug,media,"15,27",31.463411856858585,1.0
TCK-01170,CLI-166,2026-02-24,email,bug,baixa,"4,35",10.867052520753568,5.0
TCK-01171,CLI-114,2026-02-24,chat,bug,critica,"2,20",7.213285491498582,4.0
TCK-01172,CLI-114,2026-02-24,chat,cobranca,baixa,"3,75",7.653989367245755,4.0
TCK-01173,CLI-071,2026-02-24,telefone,bug,alta,"0,98",2.7419099687350834,3.0
TCK-01174,CLI-032,2026-02-24,email,bug,media,"2,03",6.470953971503417,4.0
TCK-01175,CLI-002,2026-02-24,email,elogio,baixa,"3,28",9.667368554604163,5.0
TCK-01176,CLI-061,2026-02-24,email,elogio,baixa,"7,81",17.903367962839788,4.0
TCK-01177,CLI-057,2026-02-24,email,duvida_de_uso,media,"8,05",16.943316526237385,3.0
TCK-01178,CLI-035,2026-02-24,email,duvida_de_uso,media,"3,42",10.275743874398845,5.0
TCK-01179,CLI-047,2026-02-25,chat,cobranca,baixa,"0,65",6.303654582226179,5.0
TCK-01180,CLI-005,2026-02-25,chat,bug,critica,"3,99",10.044675361314683,4.0
TCK-01181,CLI-110,2026-02-25,chat,duvida_de_uso,media,"0,61",4.5563842653508,4.0
TCK-01182,CLI-167,2026-02-25,email,bug,critica,"2,34",6.9066361354536285,5.0
TCK-01183,CLI-125,2026-02-25,email,duvida_de_uso,baixa,"4,33",10.605923060529292,4.0
TCK-01184,CLI-081,2026-02-25,chat,elogio,baixa,"0,54",4.220459691001112,5.0
TCK-01185,CLI-076,2026-02-25,email,cobranca,media,"1,92",9.010061282599276,5.0
TCK-01186,CLI-056,2026-02-25,telefone,elogio,baixa,"7,36",17.62064428692462,4.0
TCK-01187,CLI-026,2026-02-25,email,cobranca,baixa,"6,25",15.485535882858427,4.0
TCK-01188,CLI-108,2026-02-25,chat,duvida_de_uso,baixa,"0,74",3.6511081325677193,4.0
TCK-01189,CLI-102,2026-02-25,telefone,cobranca,baixa,"4,72",10.152950782525958,4.0
TCK-01190,CLI-002,2026-02-25,chat,cobranca,alta,,4.273577108048363,
TCK-01191,CLI-075,2026-02-25,chat,duvida_de_uso,baixa,"3,47",11.115484316590694,4.0
TCK-01192,CLI-051,2026-02-25,chat,bug,critica,"1,25",7.827511075898722,4.0
TCK-01193,CLI-031,2026-02-25,email,duvida_de_uso,baixa,,4.909796960519504,5.0
TCK-01194,CLI-127,2026-02-25,chat,bug,media,"2,37",10.934691916242764,
TCK-01195,CLI-095,2026-02-25,telefone,duvida_de_uso,media,"1,31",5.982487513654317,5.0
TCK-01196,CLI-115,2026-02-25,telefone,bug,media,"1,94",7.849654890878673,5.0
TCK-01197,CLI-129,2026-02-25,email,duvida_de_uso,alta,"10,97",20.13896097312127,3.0
TCK-01198,CLI-177,2026-02-25,email,bug,alta,"2,93",7.916524098810787,5.0
TCK-01199,CLI-145,2026-02-25,chat,bug,baixa,"2,47",8.682593878033122,4.0
TCK-01200,CLI-112,2026-02-25,chat,duvida_de_uso,media,"2,50",5.74140783298885,4.0
TCK-01201,CLI-159,2026-02-25,email,bug,alta,"8,88",14.654431487032326,
TCK-01202,CLI-086,2026-02-25,email,elogio,baixa,"6,52",15.242325735384512,4.0
TCK-01203,CLI-178,2026-02-25,email,duvida_de_uso,media,"1,38",5.405659089982267,5.0
TCK-01204,CLI-138,2026-02-25,chat,duvida_de_uso,baixa,"5,79",15.585842326274971,3.0
TCK-01205,CLI-118,2026-02-25,email,bug,media,"12,10",24.533691375951797,3.0
TCK-01206,CLI-163,2026-02-25,email,cobranca,media,"1,37",5.335385421588058,4.0
TCK-01207,CLI-093,2026-02-25,email,duvida_de_uso,media,"2,78",9.050615734692306,5.0
TCK-01208,CLI-130,2026-02-26,telefone,duvida_de_uso,alta,,10.592618196326942,5.0
TCK-01209,CLI-052,2026-02-26,email,bug,media,"2,87",7.100499200092752,5.0
TCK-01210,CLI-174,2026-02-26,email,cobranca,critica,"5,81",14.87047436319137,5.0
TCK-01211,CLI-113,2026-02-26,chat,elogio,alta,"1,87",5.588126583345093,5.0
TCK-01212,CLI-141,2026-02-26,email,duvida_de_uso,media,"2,37",7.297895497340345,5.0
TCK-01213,CLI-083,2026-02-26,telefone,bug,media,"6,00",14.80174663616993,4.0
TCK-01214,CLI-157,2026-02-26,telefone,bug,media,"0,45",5.084261025656886,5.0
TCK-01215,CLI-014,2026-02-26,email,bug,alta,"4,36",11.325354890773456,3.0
TCK-01216,CLI-021,2026-02-26,email,cobranca,baixa,"5,33",10.976182694469257,3.0
TCK-01217,CLI-092,2026-02-26,email,elogio,critica,"9,24",16.82638151714587,3.0
TCK-01218,CLI-132,2026-02-26,email,elogio,media,"3,89",9.722660826509042,
TCK-01219,CLI-146,2026-02-26,email,cobranca,media,,5.7067734909712815,4.0
TCK-01220,CLI-080,2026-02-26,email,bug,media,"4,07",11.0028116842993,4.0
TCK-01221,CLI-117,2026-02-26,email,elogio,media,"0,63",4.504484247998575,5.0
TCK-01222,CLI-100,2026-02-26,chat,bug,alta,"2,96",8.30922448873205,3.0
TCK-01223,CLI-174,2026-02-26,email,bug,alta,"8,17",18.174247627841684,4.0
TCK-01224,CLI-118,2026-02-26,email,cobranca,baixa,"3,50",7.802659030257874,3.0
TCK-01225,CLI-076,2026-02-26,chat,bug,media,"1,87",7.5441962731809085,
TCK-01226,CLI-175,2026-02-26,email,cobranca,media,"6,42",15.82365683351798,4.0
TCK-01227,CLI-020,2026-02-26,email,elogio,media,"4,79",11.09607239901361,3.0
TCK-01228,CLI-178,2026-02-26,email,cobranca,media,"6,08",14.606849394274343,5.0
TCK-01229,CLI-028,2026-02-26,email,cobranca,baixa,"15,05",27.519787415453948,3.0
TCK-01230,CLI-052,2026-02-26,email,duvida_de_uso,alta,"2,51",7.781520726993862,5.0
TCK-01231,CLI-148,2026-02-27,telefone,bug,media,"5,17",12.09890039378231,4.0
TCK-01232,CLI-133,2026-02-27,telefone,cobranca,media,"9,76",22.46179112284848,3.0
TCK-01233,CLI-175,2026-02-27,email,duvida_de_uso,alta,"9,87",20.46047381318976,
TCK-01234,CLI-135,2026-02-27,email,elogio,alta,"5,53",14.25396206230877,5.0
TCK-01235,CLI-115,2026-02-27,chat,bug,alta,"1,81",5.677304091843697,4.0
TCK-01236,CLI-063,2026-02-27,chat,bug,baixa,"3,62",6.080737846117265,5.0
TCK-01237,CLI-001,2026-02-27,email,duvida_de_uso,baixa,"6,12",13.674374287293352,4.0
TCK-01238,CLI-023,2026-02-27,email,cobranca,alta,"6,86",15.635763298531012,4.0
TCK-01239,CLI-054,2026-02-27,email,cobranca,baixa,"1,46",5.852392895206697,5.0
TCK-01240,CLI-008,2026-02-27,chat,elogio,baixa,"7,13",16.083429808264466,3.0
TCK-01241,CLI-092,2026-02-27,email,bug,baixa,"9,79",19.857134678521195,4.0
TCK-01242,CLI-140,2026-02-27,email,duvida_de_uso,media,"3,58",8.963418343353812,
TCK-01243,CLI-174,2026-02-27,email,bug,critica,"9,14",17.770564692398153,3.0
TCK-01244,CLI-089,2026-02-27,email,bug,baixa,"3,39",6.110845144918397,4.0
TCK-01245,CLI-158,2026-02-27,chat,duvida_de_uso,baixa,"6,38",14.327858800471876,2.0
TCK-01246,CLI-178,2026-02-27,chat,duvida_de_uso,critica,"2,43",6.253678436317316,3.0
TCK-01247,CLI-155,2026-02-27,chat,duvida_de_uso,critica,"1,05",6.516798544112097,4.0
TCK-01248,CLI-084,2026-02-27,email,duvida_de_uso,baixa,"13,74",24.46025330784464,4.0
TCK-01249,CLI-059,2026-02-27,email,duvida_de_uso,alta,,15.434597608567362,5.0
TCK-01250,CLI-177,2026-02-27,telefone,cobranca,baixa,"3,22",11.979906682954391,5.0
TCK-01251,CLI-044,2026-02-27,chat,bug,alta,"6,74",14.86145187094006,4.0
TCK-01252,CLI-075,2026-02-27,email,bug,baixa,,13.930412891625025,4.0
TCK-01253,CLI-014,2026-02-27,email,cobranca,media,"2,90",8.867763355572514,4.0
TCK-01254,CLI-143,2026-02-27,telefone,cobranca,baixa,,24.153095254406868,3.0
TCK-01255,CLI-117,2026-02-27,chat,cobranca,alta,"4,10",9.769342048291609,2.0
TCK-01256,CLI-016,2026-02-27,telefone,bug,baixa,"4,88",10.27975401372979,4.0
TCK-01257,CLI-040,2026-02-27,chat,duvida_de_uso,media,"2,31",8.13783232331615,4.0
TCK-01258,CLI-100,2026-02-27,email,elogio,alta,"1,70",3.191005221948982,5.0
TCK-01259,CLI-098,2026-02-27,email,duvida_de_uso,baixa,"0,25",4.696099500206767,
TCK-01260,CLI-145,2026-02-27,email,duvida_de_uso,alta,"6,37",13.874749587290085,4.0
TCK-01261,CLI-048,2026-02-28,chat,elogio,media,"0,83",4.499046167927526,
TCK-01262,CLI-167,2026-02-28,chat,bug,baixa,"1,02",4.042421642574146,4.0
TCK-01263,CLI-081,2026-02-28,email,cobranca,baixa,"3,35",11.172613786177253,4.0
TCK-01264,CLI-149,2026-02-28,telefone,cobranca,media,"3,41",9.51882845487729,4.0
TCK-01265,CLI-043,2026-02-28,email,bug,baixa,"1,91",5.948537018197279,5.0
TCK-01266,CLI-007,2026-02-28,email,cobranca,media,"6,36",13.929872515609787,4.0
TCK-01267,CLI-010,2026-02-28,email,duvida_de_uso,media,"0,75",4.122023719331138,5.0
TCK-01268,CLI-068,2026-02-28,telefone,cobranca,media,"6,27",17.889163579244393,3.0
TCK-01269,CLI-172,2026-02-28,telefone,elogio,media,"3,05",6.511974663649001,5.0
TCK-01270,CLI-009,2026-02-28,chat,cobranca,alta,"1,09",6.590157076560217,5.0
TCK-01271,CLI-067,2026-02-28,telefone,bug,media,"0,83",5.343816621186446,4.0
TCK-01272,CLI-020,2026-02-28,telefone,cobranca,media,"4,36",13.15393778192911,
TCK-01273,CLI-168,2026-02-28,telefone,elogio,alta,"1,28",6.24933766147357,4.0
TCK-01274,CLI-122,2026-02-28,telefone,duvida_de_uso,baixa,"1,10",4.989194919791151,
TCK-01275,CLI-138,2026-02-28,email,duvida_de_uso,media,"9,69",21.973389943777335,4.0
TCK-01276,CLI-129,2026-02-28,chat,bug,critica,,4.418776965882582,
TCK-01277,CLI-119,2026-02-28,chat,cobranca,media,"0,44",4.921392710249858,3.0
TCK-01278,CLI-140,2026-02-28,chat,bug,critica,"3,55",11.537685537247361,4.0
TCK-01279,CLI-002,2026-02-28,email,bug,media,"4,63",11.467735486956816,5.0
TCK-01280,CLI-156,2026-03-01,chat,elogio,media,"1,41",4.906532761283731,4.0
TCK-01281,CLI-134,2026-03-01,telefone,elogio,media,"1,60",4.907537548853857,5.0
TCK-01282,CLI-134,2026-03-01,email,elogio,baixa,"2,02",7.310704604133216,4.0
TCK-01283,CLI-071,2026-03-01,telefone,duvida_de_uso,critica,"2,41",6.021661581211136,5.0
TCK-01284,CLI-145,2026-03-01,email,bug,baixa,,12.268281572643877,
TCK-01285,CLI-069,2026-03-01,email,duvida_de_uso,critica,"4,44",9.53561382786646,5.0
TCK-01286,CLI-009,2026-03-01,email,bug,alta,"2,78",8.766819880600135,4.0
TCK-01287,CLI-164,2026-03-01,chat,cobranca,critica,"1,65",4.847051962501479,4.0
TCK-01288,CLI-043,2026-03-01,chat,duvida_de_uso,critica,"3,67",7.674776023962303,4.0
TCK-01289,CLI-019,2026-03-01,email,duvida_de_uso,media,,4.5991685203691075,5.0
TCK-01290,CLI-112,2026-03-01,chat,bug,critica,,3.0047723187543287,4.0
TCK-01291,CLI-043,2026-03-01,email,duvida_de_uso,alta,"8,98",18.44855743262803,4.0
TCK-01292,CLI-155,2026-03-01,email,cobranca,media,"2,78",8.386611566895791,5.0
TCK-01293,CLI-080,2026-03-01,telefone,cobranca,alta,"12,82",25.833084011024415,2.0
TCK-01294,CLI-001,2026-03-01,chat,bug,baixa,"1,48",6.218496430744309,5.0
TCK-01295,CLI-172,2026-03-01,chat,bug,baixa,"2,22",7.664581390135227,4.0
TCK-01296,CLI-093,2026-03-01,chat,duvida_de_uso,baixa,"1,01",5.927667063510987,4.0
TCK-01297,CLI-048,2026-03-01,telefone,bug,media,"4,49",8.223282084508275,5.0
TCK-01298,CLI-122,2026-03-01,email,elogio,baixa,"2,81",6.369739567356142,4.0
TCK-01299,CLI-096,2026-03-01,email,cobranca,media,,9.401750775725114,4.0
TCK-01300,CLI-006,2026-03-01,email,bug,alta,"4,01",10.529521527596104,4.0
TCK-01301,CLI-137,2026-03-01,chat,cobranca,alta,"1,51",7.179536252047713,4.0
TCK-01302,CLI-073,2026-03-01,chat,duvida_de_uso,alta,"2,63",5.418835979907435,5.0
TCK-01303,CLI-126,2026-03-01,chat,bug,critica,"1,23",4.4967325789824395,4.0
TCK-01304,CLI-162,2026-03-01,email,duvida_de_uso,alta,"4,22",10.14244875172038,
TCK-01305,CLI-110,2026-03-02,email,bug,media,"0,64",4.403494847150933,5.0
TCK-01306,CLI-121,2026-03-02,chat,duvida_de_uso,baixa,,4.128036583733224,5.0
TCK-01307,CLI-046,2026-03-02,telefone,cobranca,critica,"1,66",6.685961358149516,4.0
TCK-01308,CLI-043,2026-03-02,email,elogio,baixa,"1,21",5.011657105399304,4.0
TCK-01309,CLI-075,2026-03-02,email,bug,baixa,"1,31",7.418299373850642,5.0
TCK-01310,CLI-154,2026-03-02,email,duvida_de_uso,media,"5,20",14.902443311435103,4.0
TCK-01311,CLI-095,2026-03-02,email,bug,media,"2,87",6.4967412939879345,
TCK-01312,CLI-063,2026-03-02,email,duvida_de_uso,alta,"2,51",7.591368765970928,
TCK-01313,CLI-141,2026-03-02,email,bug,baixa,"4,41",12.143569270485179,5.0
TCK-01314,CLI-154,2026-03-02,chat,duvida_de_uso,alta,"2,80",8.919569149622392,4.0
TCK-01315,CLI-163,2026-03-02,email,bug,baixa,"2,28",6.488301911422741,4.0
TCK-01316,CLI-054,2026-03-02,email,elogio,baixa,"7,47",16.837186500512967,3.0
TCK-01317,CLI-128,2026-03-02,email,cobranca,media,"3,01",6.0408905846575855,4.0
TCK-01318,CLI-107,2026-03-02,telefone,bug,media,"5,56",12.987327842692611,4.0
TCK-01319,CLI-081,2026-03-02,email,cobranca,alta,"2,04",4.487182541850853,
TCK-01320,CLI-072,2026-03-02,email,bug,baixa,"4,29",11.477773863258449,4.0
TCK-01321,CLI-021,2026-03-02,email,cobranca,baixa,"5,94",12.022256735408146,4.0
TCK-01322,CLI-050,2026-03-02,chat,bug,baixa,"3,28",9.14202207076678,5.0
TCK-01323,CLI-099,2026-03-02,telefone,bug,alta,"5,10",12.665754540224002,4.0
TCK-01324,CLI-160,2026-03-02,email,cobranca,critica,"1,96",6.63551043299039,4.0
TCK-01325,CLI-156,2026-03-02,email,duvida_de_uso,alta,"1,16",4.14077337301648,5.0
TCK-01326,CLI-034,2026-03-02,email,duvida_de_uso,media,"1,03",4.537833756199021,4.0
TCK-01327,CLI-123,2026-03-02,chat,duvida_de_uso,critica,"1,45",7.3794956297521175,5.0
TCK-01328,CLI-016,2026-03-02,telefone,bug,baixa,"2,27",6.45207520180624,4.0
TCK-01329,CLI-122,2026-03-02,email,bug,baixa,"4,73",11.538034559564494,4.0
TCK-01330,CLI-062,2026-03-03,email,duvida_de_uso,media,"3,58",8.615579343149571,5.0
TCK-01331,CLI-081,2026-03-03,chat,duvida_de_uso,baixa,"0,64",5.675214149540686,3.0
TCK-01332,CLI-130,2026-03-03,chat,bug,media,,10.34728973056231,3.0
TCK-01333,CLI-077,2026-03-03,email,duvida_de_uso,media,"4,11",9.257345544717587,4.0
TCK-01334,CLI-146,2026-03-03,email,duvida_de_uso,media,"1,84",6.326576970168934,5.0
TCK-01335,CLI-097,2026-03-03,email,cobranca,media,"2,13",6.468042784041042,5.0
TCK-01336,CLI-180,2026-03-03,chat,cobranca,media,"5,36",14.742663421885924,3.0
TCK-01337,CLI-115,2026-03-03,chat,duvida_de_uso,baixa,"0,73",4.2432421241322,3.0
TCK-01338,CLI-054,2026-03-03,chat,duvida_de_uso,alta,"5,56",10.929238585009625,3.0
TCK-01339,CLI-140,2026-03-03,telefone,duvida_de_uso,alta,"2,81",8.814787946546275,
TCK-01340,CLI-074,2026-03-03,email,bug,baixa,"2,97",11.026550087449806,
TCK-01341,CLI-097,2026-03-03,email,bug,baixa,"4,43",12.774900317636453,4.0
TCK-01342,CLI-025,2026-03-03,email,bug,baixa,"0,78",2.742513543613197,5.0
TCK-01343,CLI-022,2026-03-03,telefone,cobranca,baixa,"4,10",9.976836777050291,5.0
TCK-01344,CLI-104,2026-03-03,chat,bug,baixa,"3,52",9.281610550290612,4.0
TCK-01345,CLI-034,2026-03-03,email,duvida_de_uso,baixa,"2,36",7.221660998325669,5.0
TCK-01346,CLI-180,2026-03-03,email,duvida_de_uso,alta,"3,36",9.62616319794856,5.0
TCK-01347,CLI-155,2026-03-03,chat,duvida_de_uso,alta,"7,81",16.534251027754884,3.0
TCK-01348,CLI-127,2026-03-03,chat,cobranca,alta,,8.44688789942429,3.0
TCK-01349,CLI-133,2026-03-03,chat,cobranca,media,"0,93",6.094128497168176,4.0
TCK-01350,CLI-108,2026-03-03,email,bug,alta,"2,24",5.347853829988395,
TCK-01351,CLI-011,2026-03-04,telefone,cobranca,alta,"2,74",6.737457927164294,3.0
TCK-01352,CLI-071,2026-03-04,chat,duvida_de_uso,alta,"3,96",8.43204978471168,4.0
TCK-01353,CLI-090,2026-03-04,chat,bug,alta,"0,92",5.579218163823219,4.0
TCK-01354,CLI-165,2026-03-04,chat,cobranca,alta,"3,28",9.068812229127746,4.0
TCK-01355,CLI-040,2026-03-04,telefone,cobranca,alta,"5,50",14.220071926426968,4.0
TCK-01356,CLI-090,2026-03-04,telefone,bug,media,"3,53",8.174729125193318,5.0
TCK-01357,CLI-062,2026-03-04,chat,elogio,baixa,"4,05",8.416286802732365,3.0
TCK-01358,CLI-025,2026-03-04,email,duvida_de_uso,baixa,"1,68",5.361370425447397,5.0
TCK-01359,CLI-019,2026-03-04,email,duvida_de_uso,media,,16.615426105880783,4.0
TCK-01360,CLI-066,2026-03-04,telefone,bug,baixa,"0,61",4.404846088240022,4.0
TCK-01361,CLI-015,2026-03-04,chat,bug,baixa,"0,92",2.1288785404851645,5.0
TCK-01362,CLI-013,2026-03-04,email,duvida_de_uso,baixa,"0,62",4.839680499886755,4.0
TCK-01363,CLI-064,2026-03-04,email,duvida_de_uso,media,"1,77",4.844944452669928,4.0
TCK-01364,CLI-037,2026-03-04,telefone,duvida_de_uso,critica,"5,57",12.053182264926983,4.0
TCK-01365,CLI-100,2026-03-04,telefone,cobranca,media,"4,58",12.995797362861227,5.0
TCK-01366,CLI-004,2026-03-04,telefone,bug,baixa,"4,07",7.056679670327519,5.0
TCK-01367,CLI-055,2026-03-04,email,cobranca,media,"1,74",6.624261429041775,5.0
TCK-01368,CLI-082,2026-03-04,chat,cobranca,media,"1,99",7.0635666563241,
TCK-01369,CLI-174,2026-03-04,telefone,cobranca,alta,"7,77",15.757718542508249,4.0
TCK-01370,CLI-115,2026-03-04,email,cobranca,media,"1,81",5.591351112990085,5.0
TCK-01371,CLI-159,2026-03-04,email,cobranca,baixa,"1,89",8.229321224408906,
TCK-01372,CLI-062,2026-03-04,telefone,bug,media,"1,96",9.47035834175331,5.0
TCK-01373,CLI-081,2026-03-04,email,cobranca,baixa,"3,91",11.637990601246724,4.0
TCK-01374,CLI-076,2026-03-04,chat,elogio,alta,"3,13",11.463125070041698,4.0
TCK-01375,CLI-160,2026-03-04,chat,duvida_de_uso,critica,"3,66",8.546601296721128,3.0
TCK-01376,CLI-173,2026-03-04,chat,bug,critica,"1,64",3.5878429700296253,5.0
TCK-01377,CLI-174,2026-03-05,email,elogio,baixa,"2,53",7.481617932212871,5.0
TCK-01378,CLI-136,2026-03-05,chat,bug,alta,"1,29",6.536086490936136,3.0
TCK-01379,CLI-091,2026-03-05,email,bug,alta,"4,98",9.186473116114744,5.0
TCK-01380,CLI-098,2026-03-05,telefone,bug,alta,"0,81",3.06500791379097,5.0
TCK-01381,CLI-177,2026-03-05,email,duvida_de_uso,baixa,"3,04",7.249838295209859,4.0
TCK-01382,CLI-052,2026-03-05,chat,duvida_de_uso,media,"1,83",6.835596670514702,3.0
TCK-01383,CLI-063,2026-03-05,chat,duvida_de_uso,baixa,"3,33",9.337746626919849,3.0
TCK-01384,CLI-162,2026-03-05,email,elogio,baixa,"1,07",3.7635438184487486,4.0
TCK-01385,CLI-070,2026-03-05,email,duvida_de_uso,alta,,13.821042617987981,4.0
TCK-01386,CLI-043,2026-03-05,chat,duvida_de_uso,media,"2,86",6.42687209151395,5.0
TCK-01387,CLI-101,2026-03-05,email,cobranca,baixa,"11,10",22.335027320097083,3.0
TCK-01388,CLI-059,2026-03-05,email,cobranca,alta,,18.592872164519825,5.0
TCK-01389,CLI-161,2026-03-05,chat,bug,media,"4,44",10.75898691396091,4.0
TCK-01390,CLI-164,2026-03-05,telefone,bug,critica,"0,43",2.573496933926614,5.0
TCK-01391,CLI-056,2026-03-05,chat,duvida_de_uso,alta,"0,71",5.306514731583614,4.0
TCK-01392,CLI-096,2026-03-05,email,cobranca,alta,"6,77",15.153931681575266,4.0
TCK-01393,CLI-178,2026-03-05,telefone,duvida_de_uso,alta,"2,98",8.028274868931035,4.0
TCK-01394,CLI-134,2026-03-05,chat,bug,baixa,"5,82",16.134840812544102,4.0
TCK-01395,CLI-039,2026-03-05,email,cobranca,baixa,"3,60",10.046367270450098,4.0
TCK-01396,CLI-107,2026-03-05,email,cobranca,critica,"5,42",12.195038973425362,4.0
TCK-01397,CLI-112,2026-03-05,email,duvida_de_uso,baixa,"5,14",11.377996713430289,4.0
TCK-01398,CLI-118,2026-03-05,email,cobranca,media,"3,52",7.5699199949046125,
TCK-01399,CLI-005,2026-03-05,chat,cobranca,media,"4,11",10.302415187127947,3.0
TCK-01400,CLI-054,2026-03-05,email,cobranca,baixa,"5,72",13.76132743831818,
TCK-01401,CLI-154,2026-03-05,chat,cobranca,baixa,"0,77",1.5192313982509473,5.0
TCK-01402,CLI-044,2026-03-05,email,cobranca,media,"13,60",25.425310539802677,3.0
TCK-01403,CLI-054,2026-03-05,email,duvida_de_uso,media,"1,18",4.346674935589688,5.0
TCK-01404,CLI-059,2026-03-05,email,duvida_de_uso,alta,"1,88",4.73821965566774,5.0
TCK-01405,CLI-032,2026-03-05,chat,cobranca,baixa,"3,21",8.842767562547538,5.0
TCK-01406,CLI-028,2026-03-05,chat,duvida_de_uso,media,"2,79",8.302404944363236,3.0
TCK-01407,CLI-063,2026-03-05,email,duvida_de_uso,baixa,"6,06",13.732370619258814,4.0
TCK-01408,CLI-158,2026-03-05,email,bug,media,"2,90",9.052100317607335,4.0
TCK-01409,CLI-001,2026-03-06,email,cobranca,baixa,"4,91",10.956250172067637,
TCK-01410,CLI-051,2026-03-06,telefone,duvida_de_uso,baixa,"2,00",6.524289659990938,5.0
TCK-01411,CLI-011,2026-03-06,email,bug,alta,,7.96476806780062,4.0
TCK-01412,CLI-102,2026-03-06,chat,duvida_de_uso,baixa,,13.072315646080792,
TCK-01413,CLI-046,2026-03-06,email,bug,alta,"1,17",5.2236583871614615,5.0
TCK-01414,CLI-143,2026-03-06,email,elogio,baixa,"7,15",14.067319585836957,4.0
TCK-01415,CLI-106,2026-03-06,chat,cobranca,baixa,"1,84",6.088247394874091,4.0
TCK-01416,CLI-142,2026-03-06,chat,duvida_de_uso,baixa,"0,98",4.7078814051962175,4.0
TCK-01417,CLI-115,2026-03-06,email,duvida_de_uso,alta,"1,74",6.551041385382145,5.0
TCK-01418,CLI-079,2026-03-06,telefone,cobranca,media,"3,00",8.882003714765759,4.0
TCK-01419,CLI-155,2026-03-06,email,duvida_de_uso,baixa,"7,38",15.194567796553272,4.0
TCK-01420,CLI-086,2026-03-06,email,elogio,media,"4,89",12.940688546581788,4.0
TCK-01421,CLI-171,2026-03-06,email,bug,media,"1,08",5.723080089173044,5.0
TCK-01422,CLI-180,2026-03-06,chat,bug,alta,"4,14",9.35978383721932,
TCK-01423,CLI-107,2026-03-06,chat,duvida_de_uso,critica,"3,67",7.895950868820647,3.0
TCK-01424,CLI-122,2026-03-06,email,bug,media,"0,61",3.134252740209517,4.0
TCK-01425,CLI-047,2026-03-06,telefone,duvida_de_uso,media,"1,57",3.610601700911043,5.0
TCK-01426,CLI-147,2026-03-06,chat,cobranca,media,"4,74",11.849776662662574,3.0
TCK-01427,CLI-121,2026-03-06,telefone,bug,critica,"3,54",11.143063296983946,5.0
TCK-01428,CLI-163,2026-03-06,telefone,duvida_de_uso,media,"6,87",17.49158783962461,3.0
TCK-01429,CLI-049,2026-03-06,telefone,cobranca,baixa,"0,29",1.8888252370694194,5.0
TCK-01430,CLI-142,2026-03-06,chat,cobranca,critica,"0,12",4.39620639057039,5.0
TCK-01431,CLI-085,2026-03-06,email,duvida_de_uso,critica,"5,62",13.24085040326148,5.0
TCK-01432,CLI-034,2026-03-06,email,bug,media,"2,17",3.3075168431368014,5.0
TCK-01433,CLI-031,2026-03-07,chat,duvida_de_uso,media,"3,51",8.81487415528543,4.0
TCK-01434,CLI-102,2026-03-07,email,duvida_de_uso,alta,"6,93",14.80714960013287,4.0
TCK-01435,CLI-058,2026-03-07,chat,cobranca,alta,"1,32",7.19427062300981,4.0
TCK-01436,CLI-019,2026-03-07,email,duvida_de_uso,media,"3,28",7.606562546840798,5.0
TCK-01437,CLI-077,2026-03-07,telefone,bug,media,"2,74",8.767991426920538,5.0
TCK-01438,CLI-118,2026-03-07,email,cobranca,media,"2,17",6.74669111050277,5.0
TCK-01439,CLI-058,2026-03-07,telefone,duvida_de_uso,media,"4,18",8.347632514486921,5.0
TCK-01440,CLI-172,2026-03-07,email,bug,baixa,"6,44",13.768878831443311,4.0
TCK-01441,CLI-141,2026-03-07,email,duvida_de_uso,alta,"1,89",8.707767051983609,4.0
TCK-01442,CLI-093,2026-03-07,telefone,elogio,baixa,"1,89",6.135191231642389,5.0
TCK-01443,CLI-169,2026-03-07,telefone,cobranca,media,"2,22",8.352198156389475,5.0
TCK-01444,CLI-078,2026-03-07,chat,bug,alta,"3,21",10.06093331162701,4.0
TCK-01445,CLI-026,2026-03-07,telefone,cobranca,media,"6,90",14.740412993932047,4.0
TCK-01446,CLI-007,2026-03-07,email,bug,baixa,"2,70",5.93029421693865,5.0
TCK-01447,CLI-169,2026-03-07,telefone,duvida_de_uso,critica,"0,46",2.10420836079723,5.0
TCK-01448,CLI-173,2026-03-07,email,duvida_de_uso,baixa,"1,39",7.675394518434233,
TCK-01449,CLI-134,2026-03-07,chat,bug,alta,"1,54",5.9988769485028675,4.0
TCK-01450,CLI-019,2026-03-07,email,bug,baixa,"1,68",3.4252055236476595,5.0
TCK-01451,CLI-053,2026-03-07,email,elogio,media,"1,07",6.17345823474453,5.0
TCK-01452,CLI-008,2026-03-07,chat,bug,media,"2,20",4.2793640725168345,5.0
TCK-01453,CLI-010,2026-03-07,chat,cobranca,media,"9,50",18.853397664884717,4.0
TCK-01454,CLI-045,2026-03-07,email,cobranca,media,"1,48",5.780984519640225,4.0
TCK-01455,CLI-103,2026-03-07,telefone,duvida_de_uso,baixa,"4,21",14.34974664503362,5.0
TCK-01456,CLI-012,2026-03-07,chat,bug,media,"3,10",9.808705212729718,
TCK-01457,CLI-178,2026-03-07,email,bug,baixa,"5,47",12.12741761604995,4.0
TCK-01458,CLI-082,2026-03-07,chat,bug,alta,"2,02",6.675403216860364,3.0
TCK-01459,CLI-048,2026-03-07,email,duvida_de_uso,media,"1,12",6.40286372368165,4.0
TCK-01460,CLI-093,2026-03-07,email,elogio,media,,16.680452782380115,3.0
TCK-01461,CLI-143,2026-03-08,chat,cobranca,baixa,"0,44",3.4141136071706026,4.0
TCK-01462,CLI-057,2026-03-08,email,bug,media,"3,10",8.249453755854947,4.0
TCK-01463,CLI-009,2026-03-08,email,bug,media,"2,85",6.8914809760473705,5.0
TCK-01464,CLI-010,2026-03-08,chat,bug,baixa,"0,73",5.313947379249109,4.0
TCK-01465,CLI-154,2026-03-08,email,elogio,alta,"2,22",8.53232688200469,5.0
TCK-01466,CLI-021,2026-03-08,telefone,bug,baixa,"5,34",9.707484021724703,3.0
TCK-01467,CLI-115,2026-03-08,chat,bug,baixa,"1,86",5.750453327400198,4.0
TCK-01468,CLI-070,2026-03-08,email,duvida_de_uso,alta,"0,88",2.7567123534631195,5.0
TCK-01469,CLI-140,2026-03-08,chat,duvida_de_uso,baixa,"3,53",9.584300266058428,4.0
TCK-01470,CLI-011,2026-03-08,email,bug,baixa,,20.73464241463174,4.0
TCK-01471,CLI-162,2026-03-08,chat,cobranca,alta,"0,61",2.112842308579332,4.0
TCK-01472,CLI-126,2026-03-08,email,bug,alta,"3,30",10.631639378411306,5.0
TCK-01473,CLI-081,2026-03-08,telefone,bug,baixa,"3,40",8.870072015607795,3.0
TCK-01474,CLI-038,2026-03-08,email,bug,baixa,"0,99",4.684667049588979,5.0
TCK-01475,CLI-176,2026-03-08,chat,duvida_de_uso,media,"4,85",12.381921815172968,
TCK-01476,CLI-055,2026-03-08,email,elogio,media,"3,46",10.677150497903725,5.0
TCK-01477,CLI-089,2026-03-08,email,duvida_de_uso,media,"6,57",14.196006049781577,5.0
TCK-01478,CLI-071,2026-03-08,chat,cobranca,media,"2,64",7.157930660478151,4.0
TCK-01479,CLI-042,2026-03-08,chat,bug,alta,"4,73",10.92527954755632,3.0
TCK-01480,CLI-075,2026-03-08,telefone,cobranca,critica,"4,35",12.45909537399737,4.0
TCK-01481,CLI-028,2026-03-09,email,elogio,media,,7.266212741128715,5.0
TCK-01482,CLI-001,2026-03-09,email,duvida_de_uso,baixa,"5,05",11.660804155614045,5.0
TCK-01483,CLI-053,2026-03-09,email,elogio,baixa,"1,72",6.687332722737251,5.0
TCK-01484,CLI-021,2026-03-09,email,duvida_de_uso,baixa,"5,41",15.491145768763637,3.0
TCK-01485,CLI-075,2026-03-09,telefone,cobranca,media,"1,47",5.765824227109269,5.0
TCK-01486,CLI-156,2026-03-09,telefone,bug,alta,"3,21",8.382470600485606,5.0
TCK-01487,CLI-030,2026-03-09,telefone,duvida_de_uso,media,"2,74",10.84253762647127,5.0
TCK-01488,CLI-001,2026-03-09,email,duvida_de_uso,baixa,"4,13",12.426437852080861,4.0
TCK-01489,CLI-020,2026-03-09,email,elogio,media,"8,77",20.557295567919386,4.0
TCK-01490,CLI-092,2026-03-09,chat,elogio,critica,"1,29",4.576347686063156,5.0
TCK-01491,CLI-050,2026-03-09,email,duvida_de_uso,baixa,"6,28",13.403729201800369,4.0
TCK-01492,CLI-089,2026-03-09,chat,elogio,alta,"4,84",8.95367772337262,3.0
TCK-01493,CLI-006,2026-03-09,email,cobranca,alta,"6,15",15.511188017176956,4.0
TCK-01494,CLI-060,2026-03-09,email,duvida_de_uso,media,"4,11",10.50659981616604,4.0
TCK-01495,CLI-074,2026-03-09,telefone,bug,media,"3,95",7.413511372929674,4.0
TCK-01496,CLI-078,2026-03-09,email,bug,media,"2,04",8.480036941035719,4.0
TCK-01497,CLI-100,2026-03-09,telefone,bug,baixa,"0,74",3.8294407425072783,5.0
TCK-01498,CLI-141,2026-03-09,email,bug,media,"3,55",9.07361993658633,5.0
TCK-01499,CLI-085,2026-03-09,email,elogio,baixa,"8,54",16.10142367311883,4.0
TCK-01500,CLI-152,2026-03-09,email,bug,alta,"9,35",20.57010854121145,4.0
TCK-01501,CLI-096,2026-03-09,email,cobranca,alta,"0,92",5.405085649454517,5.0
TCK-01502,CLI-047,2026-03-09,chat,duvida_de_uso,media,"5,50",12.82050395071839,4.0
TCK-01503,CLI-042,2026-03-09,email,duvida_de_uso,media,"5,22",11.775560316664434,5.0
TCK-01504,CLI-059,2026-03-09,chat,bug,baixa,"2,88",12.130371090635414,4.0
TCK-01505,CLI-108,2026-03-09,telefone,duvida_de_uso,baixa,"8,50",16.488328909183835,4.0
TCK-01506,CLI-044,2026-03-09,email,duvida_de_uso,alta,,14.345917308320173,3.0
TCK-01507,CLI-165,2026-03-09,email,duvida_de_uso,baixa,"1,45",6.675355257369767,4.0
TCK-01508,CLI-087,2026-03-09,email,bug,alta,"1,85",4.799574636631144,4.0
TCK-01509,CLI-156,2026-03-09,chat,cobranca,baixa,"0,39",2.062699794425028,4.0
TCK-01510,CLI-123,2026-03-09,chat,bug,alta,"2,79",9.720509599404886,3.0
TCK-01511,CLI-061,2026-03-09,email,duvida_de_uso,media,"1,62",6.81804051610776,5.0
TCK-01512,CLI-042,2026-03-09,chat,duvida_de_uso,media,"1,41",6.269544532053036,4.0
TCK-01513,CLI-134,2026-03-09,chat,bug,alta,"4,69",11.71542261692241,4.0
TCK-01514,CLI-060,2026-03-10,email,cobranca,media,"5,11",11.157632830190604,4.0
TCK-01515,CLI-045,2026-03-10,email,bug,baixa,"5,21",11.99321061894032,
TCK-01516,CLI-168,2026-03-10,telefone,elogio,alta,"13,42",27.033466315961945,2.0
TCK-01517,CLI-087,2026-03-10,email,cobranca,media,"0,20",4.6293245297330845,5.0
TCK-01518,CLI-009,2026-03-10,email,duvida_de_uso,baixa,"1,70",6.69797896892506,5.0
TCK-01519,CLI-090,2026-03-10,email,bug,media,"2,73",6.514068210272672,4.0
TCK-01520,CLI-083,2026-03-10,chat,bug,media,"1,08",6.1308468176469555,4.0
TCK-01521,CLI-156,2026-03-10,email,elogio,media,"6,53",12.23800273321018,4.0
TCK-01522,CLI-129,2026-03-10,email,duvida_de_uso,alta,"2,99",7.901571789882036,5.0
TCK-01523,CLI-035,2026-03-10,email,bug,media,"1,31",3.6409910301555435,
TCK-01524,CLI-028,2026-03-10,chat,duvida_de_uso,baixa,"2,62",6.42244888804249,5.0
TCK-01525,CLI-109,2026-03-11,email,bug,baixa,,14.728883032029149,
TCK-01526,CLI-009,2026-03-11,telefone,duvida_de_uso,baixa,"1,41",3.3385924713074195,5.0
TCK-01527,CLI-058,2026-03-11,email,duvida_de_uso,alta,,7.365548310326324,
TCK-01528,CLI-025,2026-03-11,email,bug,baixa,,12.756691667380084,4.0
TCK-01529,CLI-004,2026-03-11,telefone,cobranca,media,"8,12",16.911053869934246,3.0
TCK-01530,CLI-166,2026-03-11,telefone,bug,media,"1,97",6.783821067922682,
TCK-01531,CLI-017,2026-03-11,email,duvida_de_uso,alta,"5,40",14.861627318390363,4.0
TCK-01532,CLI-002,2026-03-11,telefone,duvida_de_uso,baixa,"2,24",8.005399824064686,5.0
TCK-01533,CLI-168,2026-03-11,chat,elogio,baixa,"2,27",6.377098282463193,5.0
TCK-01534,CLI-034,2026-03-11,email,duvida_de_uso,critica,"1,54",5.563072758300449,4.0
TCK-01535,CLI-147,2026-03-12,telefone,elogio,media,"5,28",13.302769106135443,3.0
TCK-01536,CLI-006,2026-03-12,chat,duvida_de_uso,media,"4,32",11.730963630074777,4.0
TCK-01537,CLI-028,2026-03-12,email,cobranca,alta,"3,22",8.82126507133177,5.0
TCK-01538,CLI-020,2026-03-12,chat,bug,critica,"1,74",6.674819288767589,3.0
TCK-01539,CLI-128,2026-03-12,email,cobranca,baixa,"2,69",8.378294029792006,3.0
TCK-01540,CLI-112,2026-03-12,email,bug,critica,"1,17",4.965445311027867,4.0
TCK-01541,CLI-086,2026-03-12,telefone,elogio,baixa,"6,04",12.964615584104688,4.0
TCK-01542,CLI-044,2026-03-12,chat,elogio,critica,,12.731614844141257,3.0
TCK-01543,CLI-016,2026-03-12,chat,duvida_de_uso,baixa,"1,13",5.46396089555248,
TCK-01544,CLI-103,2026-03-12,chat,duvida_de_uso,baixa,"2,50",4.38190229643191,3.0
TCK-01545,CLI-042,2026-03-12,chat,duvida_de_uso,baixa,"3,11",7.35467860809078,4.0
TCK-01546,CLI-107,2026-03-12,email,bug,alta,"2,20",6.244021249568718,5.0
TCK-01547,CLI-124,2026-03-12,telefone,cobranca,critica,"9,33",19.483413207896074,4.0
TCK-01548,CLI-153,2026-03-12,chat,cobranca,baixa,"2,54",9.371520602464525,4.0
TCK-01549,CLI-089,2026-03-12,chat,duvida_de_uso,media,,8.793623661912557,4.0
TCK-01550,CLI-001,2026-03-12,chat,bug,baixa,"4,48",7.377127661289944,4.0
TCK-01551,CLI-051,2026-03-12,email,elogio,baixa,"3,32",9.42778464611196,5.0
TCK-01552,CLI-154,2026-03-12,email,bug,alta,"2,53",7.656659423783105,4.0
TCK-01553,CLI-096,2026-03-12,email,duvida_de_uso,baixa,,13.02936019808621,4.0
TCK-01554,CLI-112,2026-03-12,email,bug,critica,"2,27",7.893191929597411,4.0
TCK-01555,CLI-083,2026-03-12,chat,bug,critica,"5,36",12.872716237762386,3.0
TCK-01556,CLI-030,2026-03-12,telefone,bug,baixa,"7,65",16.223543569069676,5.0
TCK-01557,CLI-162,2026-03-13,email,duvida_de_uso,media,"9,76",20.617412469330954,4.0
TCK-01558,CLI-140,2026-03-13,email,duvida_de_uso,critica,"12,93",27.110813333855614,3.0
TCK-01559,CLI-180,2026-03-13,chat,duvida_de_uso,alta,"3,07",9.224453496552718,5.0
TCK-01560,CLI-154,2026-03-13,email,cobranca,alta,"3,56",9.690580144587342,5.0
TCK-01561,CLI-053,2026-03-13,telefone,cobranca,baixa,"2,19",6.068530082200331,4.0
TCK-01562,CLI-046,2026-03-13,email,bug,baixa,"5,48",17.098315853014405,5.0
TCK-01563,CLI-045,2026-03-13,email,bug,alta,"12,70",26.395675762530704,3.0
TCK-01564,CLI-166,2026-03-13,email,duvida_de_uso,media,"1,18",6.262748170923907,3.0
TCK-01565,CLI-101,2026-03-13,telefone,cobranca,alta,"4,49",10.327293362012425,
TCK-01566,CLI-082,2026-03-13,email,duvida_de_uso,alta,,4.909568458850771,5.0
TCK-01567,CLI-175,2026-03-13,chat,bug,media,"0,52",4.20556163615991,3.0
TCK-01568,CLI-109,2026-03-13,email,cobranca,baixa,"8,16",14.818694724410971,4.0
TCK-01569,CLI-164,2026-03-13,email,bug,media,"7,28",15.035860965157147,4.0
TCK-01570,CLI-178,2026-03-13,telefone,duvida_de_uso,alta,"2,10",5.6687424529520225,
TCK-01571,CLI-015,2026-03-13,email,bug,media,"1,39",4.597845292471681,5.0
TCK-01572,CLI-066,2026-03-13,email,cobranca,baixa,"10,02",19.430369083775723,4.0
TCK-01573,CLI-133,2026-03-13,chat,duvida_de_uso,critica,"0,89",4.67071919033187,4.0
TCK-01574,CLI-147,2026-03-13,telefone,cobranca,alta,"1,08",7.0417189688463395,5.0
TCK-01575,CLI-027,2026-03-13,email,bug,media,"1,53",5.953111880419945,4.0
TCK-01576,CLI-058,2026-03-13,email,duvida_de_uso,alta,"4,84",9.9398636733558,4.0
TCK-01577,CLI-099,2026-03-13,telefone,bug,media,"14,12",26.871480506366844,2.0
TCK-01578,CLI-144,2026-03-13,chat,cobranca,critica,"1,33",4.8318200178202755,5.0
TCK-01579,CLI-021,2026-03-14,telefone,bug,alta,"8,09",15.43643794074833,4.0
TCK-01580,CLI-109,2026-03-14,chat,bug,baixa,"2,35",7.690669393763296,4.0
TCK-01581,CLI-054,2026-03-14,chat,cobranca,media,"0,28",5.53427301168564,3.0
TCK-01582,CLI-039,2026-03-14,email,bug,baixa,"2,28",6.238220435123541,
TCK-01583,CLI-093,2026-03-14,email,bug,alta,"7,34",16.325833241670836,3.0
TCK-01584,CLI-075,2026-03-14,chat,cobranca,media,"4,24",9.992115850037349,4.0
TCK-01585,CLI-115,2026-03-14,chat,cobranca,media,"1,20",4.22290895588922,4.0
TCK-01586,CLI-058,2026-03-14,telefone,cobranca,critica,"6,02",14.116850004843746,5.0
TCK-01587,CLI-149,2026-03-14,chat,bug,media,"1,96",5.5285487198622665,4.0
TCK-01588,CLI-015,2026-03-14,email,duvida_de_uso,alta,"4,71",10.256413279069841,4.0
TCK-01589,CLI-156,2026-03-14,chat,cobranca,alta,"5,04",9.643517389726764,3.0
TCK-01590,CLI-006,2026-03-14,chat,bug,media,"1,25",5.341374260209077,
TCK-01591,CLI-133,2026-03-14,email,cobranca,baixa,"2,63",9.32901492424752,4.0
TCK-01592,CLI-063,2026-03-14,chat,bug,alta,"5,10",13.248086825677976,4.0
TCK-01593,CLI-070,2026-03-14,chat,elogio,media,,19.44633936995038,3.0
TCK-01594,CLI-004,2026-03-14,email,duvida_de_uso,baixa,"6,72",14.08481339352198,4.0
TCK-01595,CLI-127,2026-03-14,chat,duvida_de_uso,alta,"2,70",9.128274501056609,5.0
TCK-01596,CLI-030,2026-03-14,chat,duvida_de_uso,media,"4,01",8.55746650504502,
TCK-01597,CLI-119,2026-03-14,telefone,bug,media,"2,27",8.146737971804722,4.0
TCK-01598,CLI-131,2026-03-14,email,bug,alta,"3,75",12.21763769199782,
TCK-01599,CLI-153,2026-03-14,chat,cobranca,media,"0,51",4.66964379573826,4.0
TCK-01600,CLI-128,2026-03-14,chat,duvida_de_uso,media,"1,39",7.9895399089475525,4.0
TCK-01601,CLI-055,2026-03-14,chat,duvida_de_uso,media,"2,95",7.415669269097131,4.0
TCK-01602,CLI-133,2026-03-15,email,bug,baixa,"4,17",10.305586932323266,4.0
TCK-01603,CLI-149,2026-03-15,telefone,cobranca,media,"0,30",2.165895471585694,4.0
TCK-01604,CLI-058,2026-03-15,telefone,duvida_de_uso,baixa,"2,96",8.387094716086077,4.0
TCK-01605,CLI-023,2026-03-15,chat,bug,baixa,"2,46",7.840394100105487,4.0
TCK-01606,CLI-161,2026-03-15,chat,elogio,alta,"2,54",7.604610380191538,
TCK-01607,CLI-027,2026-03-15,email,duvida_de_uso,baixa,"1,06",4.193525673717451,5.0
TCK-01608,CLI-107,2026-03-15,chat,duvida_de_uso,critica,"3,66",8.851465395130003,5.0
TCK-01609,CLI-043,2026-03-15,email,elogio,media,"11,94",25.012997121539712,2.0
TCK-01610,CLI-023,2026-03-15,chat,duvida_de_uso,baixa,"3,97",9.914891944444483,4.0
TCK-01611,CLI-140,2026-03-15,email,elogio,critica,"3,75",8.02736007556263,5.0
TCK-01612,CLI-026,2026-03-15,chat,cobranca,media,"6,11",11.150455820571835,3.0
TCK-01613,CLI-121,2026-03-15,email,duvida_de_uso,media,"2,27",6.199509832698875,4.0
TCK-01614,CLI-125,2026-03-15,chat,bug,alta,,6.919788032799506,4.0
TCK-01615,CLI-011,2026-03-15,chat,bug,alta,,5.473713643322261,4.0
TCK-01616,CLI-032,2026-03-15,email,duvida_de_uso,baixa,"10,26",20.828555718480626,4.0
TCK-01617,CLI-143,2026-03-15,email,bug,baixa,"1,59",5.643342136574789,4.0
TCK-01618,CLI-092,2026-03-16,telefone,bug,critica,,4.856986925043313,4.0
TCK-01619,CLI-022,2026-03-16,chat,duvida_de_uso,baixa,"5,18",15.618163960767982,4.0
TCK-01620,CLI-179,2026-03-16,email,cobranca,alta,"5,26",10.584714548780706,4.0
TCK-01621,CLI-048,2026-03-16,email,bug,media,"9,12",21.231802861816227,
TCK-01622,CLI-001,2026-03-16,email,cobranca,media,"1,73",5.876282529147434,4.0
TCK-01623,CLI-167,2026-03-16,chat,elogio,alta,"1,22",4.206859585714202,4.0
TCK-01624,CLI-003,2026-03-16,chat,cobranca,critica,"2,77",8.87012589206713,4.0
TCK-01625,CLI-100,2026-03-16,email,cobranca,baixa,,3.927933365368407,4.0
TCK-01626,CLI-179,2026-03-16,chat,cobranca,media,"2,63",6.523740467095941,4.0
TCK-01627,CLI-105,2026-03-16,chat,bug,alta,"1,56",8.485193845027585,4.0
TCK-01628,CLI-106,2026-03-16,chat,duvida_de_uso,media,"2,06",3.4182499184730415,4.0
TCK-01629,CLI-070,2026-03-16,email,elogio,alta,"6,07",13.565189813157035,5.0
TCK-01630,CLI-023,2026-03-16,email,cobranca,media,"6,30",14.61962089880706,4.0
TCK-01631,CLI-104,2026-03-16,email,cobranca,baixa,"11,55",25.893836012335495,3.0
TCK-01632,CLI-162,2026-03-16,email,elogio,alta,"7,76",16.367728474680828,4.0
TCK-01633,CLI-017,2026-03-16,email,bug,critica,"0,48",7.863999748344151,5.0
TCK-01634,CLI-159,2026-03-16,email,bug,baixa,"1,71",7.222280690274671,
TCK-01635,CLI-075,2026-03-16,email,duvida_de_uso,alta,"1,85",2.774841532775459,4.0
TCK-01636,CLI-097,2026-03-16,chat,bug,baixa,,8.615275840497715,4.0
TCK-01637,CLI-030,2026-03-16,email,duvida_de_uso,baixa,,22.177009325133273,3.0
TCK-01638,CLI-112,2026-03-16,chat,cobranca,baixa,"0,72",2.5874705428753764,5.0
TCK-01639,CLI-033,2026-03-16,email,duvida_de_uso,alta,"7,35",17.044923126114423,5.0
TCK-01640,CLI-050,2026-03-16,chat,bug,baixa,"2,26",6.3784924261807285,4.0
TCK-01641,CLI-130,2026-03-16,email,cobranca,baixa,"3,36",7.250511772405544,4.0
TCK-01642,CLI-010,2026-03-16,chat,bug,alta,"1,35",3.9757802219958513,4.0
TCK-01643,CLI-081,2026-03-16,chat,cobranca,media,"1,80",7.515019591668153,
TCK-01644,CLI-108,2026-03-16,email,bug,baixa,"4,40",7.884765464904092,5.0
TCK-01645,CLI-024,2026-03-16,chat,cobranca,baixa,"1,48",7.236899271442747,4.0
TCK-01646,CLI-054,2026-03-16,email,duvida_de_uso,alta,"5,08",13.749066263736331,4.0
TCK-01647,CLI-062,2026-03-16,chat,duvida_de_uso,media,"2,02",6.142200265960209,3.0
TCK-01648,CLI-120,2026-03-16,email,duvida_de_uso,alta,,6.439647741313238,4.0
TCK-01649,CLI-176,2026-03-17,email,bug,baixa,"5,78",14.23957364695643,
TCK-01650,CLI-151,2026-03-17,email,duvida_de_uso,media,"4,72",10.759153504114257,
TCK-01651,CLI-035,2026-03-17,telefone,cobranca,alta,"0,32",1.3072023107683406,5.0
TCK-01652,CLI-004,2026-03-17,email,cobranca,baixa,"5,24",15.288379556573746,3.0
TCK-01653,CLI-010,2026-03-17,chat,bug,baixa,"2,71",6.557895947941903,4.0
TCK-01654,CLI-108,2026-03-17,email,cobranca,media,"8,10",15.372924265037712,
TCK-01655,CLI-029,2026-03-17,email,cobranca,media,"4,66",11.812016840925818,4.0
TCK-01656,CLI-042,2026-03-17,email,cobranca,baixa,"2,86",8.051856384823223,
TCK-01657,CLI-153,2026-03-17,telefone,duvida_de_uso,critica,"2,17",9.13595171528668,
TCK-01658,CLI-158,2026-03-17,chat,bug,media,"0,44",3.219477190041556,5.0
TCK-01659,CLI-152,2026-03-17,email,elogio,media,"3,72",9.136014316457299,4.0
TCK-01660,CLI-046,2026-03-17,chat,duvida_de_uso,baixa,"1,12",5.518708590705227,5.0
TCK-01661,CLI-112,2026-03-17,email,duvida_de_uso,media,"8,94",19.398502302405408,4.0
TCK-01662,CLI-110,2026-03-17,email,cobranca,media,"3,84",10.259895735798805,5.0
TCK-01663,CLI-034,2026-03-17,chat,bug,critica,"0,85",4.945401974092851,4.0
TCK-01664,CLI-100,2026-03-17,email,cobranca,media,,4.193217465252934,5.0
TCK-01665,CLI-095,2026-03-17,email,bug,alta,"0,78",3.776106947667695,4.0
TCK-01666,CLI-072,2026-03-17,chat,cobranca,media,"2,95",9.5675483494505,3.0
TCK-01667,CLI-136,2026-03-18,email,elogio,media,"9,64",19.819605799550597,
TCK-01668,CLI-122,2026-03-18,telefone,elogio,critica,"5,68",14.439172746378032,3.0
TCK-01669,CLI-096,2026-03-18,chat,elogio,media,"2,06",8.782972932478597,4.0
TCK-01670,CLI-131,2026-03-18,telefone,cobranca,alta,"13,33",25.97325002731726,2.0
TCK-01671,CLI-138,2026-03-18,chat,bug,alta,"3,95",13.714090855234407,3.0
TCK-01672,CLI-103,2026-03-18,telefone,elogio,critica,"4,69",10.372682184022361,
TCK-01673,CLI-049,2026-03-18,email,elogio,baixa,"2,80",6.981354482102905,4.0
TCK-01674,CLI-137,2026-03-18,chat,duvida_de_uso,baixa,"5,99",14.589977188301555,4.0
TCK-01675,CLI-130,2026-03-18,chat,duvida_de_uso,media,"1,81",6.926642859192923,4.0
TCK-01676,CLI-178,2026-03-18,telefone,bug,critica,"1,86",6.456888813630185,4.0
TCK-01677,CLI-027,2026-03-18,email,duvida_de_uso,media,"3,54",10.603418539918872,
TCK-01678,CLI-076,2026-03-18,chat,cobranca,media,"2,46",7.814795892840055,5.0
TCK-01679,CLI-167,2026-03-18,chat,duvida_de_uso,media,"4,19",13.640935295250241,5.0
TCK-01680,CLI-093,2026-03-18,email,duvida_de_uso,baixa,"1,82",6.199609478105965,5.0
TCK-01681,CLI-170,2026-03-18,telefone,duvida_de_uso,baixa,"2,13",5.5581695046254005,
TCK-01682,CLI-003,2026-03-18,email,bug,baixa,"2,23",6.191247385889056,5.0
TCK-01683,CLI-007,2026-03-18,email,elogio,baixa,"3,40",9.822536486120162,5.0
TCK-01684,CLI-144,2026-03-18,chat,bug,alta,"0,87",5.297623001155747,3.0
TCK-01685,CLI-065,2026-03-18,email,bug,media,"8,87",19.276496122744998,4.0
TCK-01686,CLI-094,2026-03-18,email,bug,baixa,"0,79",3.143358687053177,5.0
TCK-01687,CLI-078,2026-03-19,email,cobranca,media,"10,18",22.980603461151553,
TCK-01688,CLI-074,2026-03-19,email,cobranca,media,"6,50",17.61358898165147,4.0
TCK-01689,CLI-170,2026-03-19,chat,bug,media,"1,03",4.903803761538287,
TCK-01690,CLI-017,2026-03-19,telefone,bug,media,"3,18",11.447120021846665,
TCK-01691,CLI-139,2026-03-19,chat,duvida_de_uso,baixa,"1,19",6.437543504064286,
TCK-01692,CLI-161,2026-03-19,email,bug,alta,"6,58",18.179171930300086,3.0
TCK-01693,CLI-119,2026-03-19,chat,cobranca,baixa,"5,68",13.935361888098791,3.0
TCK-01694,CLI-072,2026-03-19,telefone,bug,baixa,"21,48",41.86184816061068,1.0
TCK-01695,CLI-029,2026-03-19,chat,duvida_de_uso,baixa,"3,26",10.123735317623284,5.0
TCK-01696,CLI-123,2026-03-19,email,duvida_de_uso,media,"0,81",3.810778050284373,3.0
TCK-01697,CLI-085,2026-03-19,email,duvida_de_uso,baixa,"1,60",6.495681992444028,4.0
TCK-01698,CLI-027,2026-03-19,telefone,duvida_de_uso,media,"5,23",14.4125442477873,3.0
TCK-01699,CLI-065,2026-03-20,telefone,bug,baixa,"3,29",10.158740136405443,4.0
TCK-01700,CLI-174,2026-03-20,email,bug,baixa,"6,44",14.546778090029372,5.0
TCK-01701,CLI-048,2026-03-20,telefone,bug,alta,"4,75",11.854606587678669,4.0
TCK-01702,CLI-033,2026-03-20,email,bug,media,"1,75",7.278485640447689,3.0
TCK-01703,CLI-123,2026-03-20,email,elogio,baixa,"2,89",9.287994735678161,4.0
TCK-01704,CLI-036,2026-03-20,chat,bug,media,"4,00",11.319615672354532,5.0
TCK-01705,CLI-166,2026-03-20,chat,bug,baixa,"2,97",8.858731897419053,
TCK-01706,CLI-155,2026-03-20,email,bug,alta,"6,49",13.448673758516758,
TCK-01707,CLI-178,2026-03-20,telefone,cobranca,baixa,"1,12",4.022512043947151,5.0
TCK-01708,CLI-165,2026-03-20,telefone,elogio,media,"1,86",7.036019292648589,5.0
TCK-01709,CLI-044,2026-03-20,email,cobranca,critica,"8,43",19.429452698884557,5.0
TCK-01710,CLI-039,2026-03-20,chat,duvida_de_uso,baixa,"0,70",5.314419284254827,4.0
TCK-01711,CLI-062,2026-03-20,chat,cobranca,baixa,"3,73",8.705715038343486,5.0
TCK-01712,CLI-085,2026-03-20,chat,duvida_de_uso,media,"0,62",3.8927333520508123,5.0
TCK-01713,CLI-159,2026-03-20,telefone,cobranca,critica,"4,06",8.544418922543352,4.0
TCK-01714,CLI-133,2026-03-20,chat,cobranca,media,"1,53",3.6718686247638477,3.0
TCK-01715,CLI-116,2026-03-20,email,bug,media,"1,72",6.224008156858259,4.0
TCK-01716,CLI-159,2026-03-20,email,duvida_de_uso,baixa,"4,31",12.793526028022823,
TCK-01717,CLI-117,2026-03-20,telefone,bug,media,"8,15",17.824287760392245,4.0
TCK-01718,CLI-069,2026-03-20,telefone,bug,baixa,"2,09",9.626600429982041,5.0
TCK-01719,CLI-075,2026-03-20,email,cobranca,media,"0,40",3.477818193939364,5.0
TCK-01720,CLI-094,2026-03-20,email,bug,baixa,"3,37",9.112252020540815,4.0
TCK-01721,CLI-016,2026-03-20,chat,cobranca,media,"1,02",3.3574002679935844,5.0
TCK-01722,CLI-134,2026-03-20,email,elogio,baixa,"6,76",14.645616355692177,4.0
TCK-01723,CLI-118,2026-03-21,email,duvida_de_uso,alta,"2,55",5.802113362338673,4.0
TCK-01724,CLI-132,2026-03-21,telefone,duvida_de_uso,alta,"2,16",4.5694568172758405,5.0
TCK-01725,CLI-097,2026-03-21,telefone,duvida_de_uso,alta,"2,79",6.258001301075956,5.0
TCK-01726,CLI-141,2026-03-21,telefone,cobranca,critica,"8,15",17.797297927555878,4.0
TCK-01727,CLI-171,2026-03-21,chat,bug,media,"3,08",7.4422840270404675,4.0
TCK-01728,CLI-103,2026-03-21,email,bug,alta,"1,48",4.921143830516921,5.0
TCK-01729,CLI-080,2026-03-21,telefone,duvida_de_uso,baixa,"1,12",5.631797097994267,5.0
TCK-01730,CLI-019,2026-03-21,email,elogio,critica,"10,08",18.820075525253063,3.0
TCK-01731,CLI-141,2026-03-21,email,bug,media,"2,11",6.9282953879784,4.0
TCK-01732,CLI-163,2026-03-21,telefone,duvida_de_uso,media,"8,32",19.24612827129082,4.0
TCK-01733,CLI-126,2026-03-21,chat,elogio,media,"1,96",7.924863869723228,5.0
TCK-01734,CLI-156,2026-03-21,telefone,bug,alta,"1,88",7.166565932033065,5.0
TCK-01735,CLI-156,2026-03-21,email,bug,alta,"2,02",6.551110183577338,4.0
TCK-01736,CLI-144,2026-03-21,telefone,duvida_de_uso,alta,"3,39",8.159731979778108,5.0
TCK-01737,CLI-091,2026-03-21,chat,bug,media,"0,23",3.2850503108310707,4.0
TCK-01738,CLI-018,2026-03-21,chat,bug,media,"1,16",7.575745623028316,4.0
TCK-01739,CLI-001,2026-03-21,telefone,duvida_de_uso,critica,"12,60",26.093657521097164,3.0
TCK-01740,CLI-037,2026-03-21,email,cobranca,media,"15,13",30.073525263329476,1.0
TCK-01741,CLI-078,2026-03-21,chat,duvida_de_uso,media,"1,27",6.13759655403567,2.0
TCK-01742,CLI-134,2026-03-21,chat,duvida_de_uso,media,"3,59",9.542706430162506,
TCK-01743,CLI-083,2026-03-21,chat,duvida_de_uso,media,"3,02",8.774690039279953,
TCK-01744,CLI-005,2026-03-21,telefone,duvida_de_uso,alta,"1,28",4.939211775055369,4.0
TCK-01745,CLI-038,2026-03-22,chat,cobranca,media,"3,64",8.92466069869337,
TCK-01746,CLI-177,2026-03-22,email,cobranca,alta,"2,74",9.417572887798118,5.0
TCK-01747,CLI-178,2026-03-22,email,cobranca,alta,"3,93",7.1517884697748295,5.0
TCK-01748,CLI-068,2026-03-22,telefone,cobranca,media,"6,94",16.215430652635618,4.0
TCK-01749,CLI-145,2026-03-22,telefone,cobranca,baixa,"2,89",7.485615748783543,
TCK-01750,CLI-130,2026-03-22,telefone,bug,media,"2,86",5.295660573694796,4.0
TCK-01751,CLI-168,2026-03-22,email,elogio,media,"5,59",11.607498546865617,5.0
TCK-01752,CLI-160,2026-03-22,email,cobranca,media,"8,49",18.227983482592457,4.0
TCK-01753,CLI-114,2026-03-22,chat,bug,alta,"3,22",8.948595656725095,4.0
TCK-01754,CLI-072,2026-03-22,chat,bug,baixa,"1,79",7.326393753157698,
TCK-01755,CLI-113,2026-03-22,email,duvida_de_uso,baixa,"7,88",18.388186984131067,4.0
TCK-01756,CLI-058,2026-03-22,chat,duvida_de_uso,alta,"2,93",5.9533289742872535,3.0
TCK-01757,CLI-063,2026-03-22,email,cobranca,critica,"9,76",21.132107013458686,4.0
TCK-01758,CLI-110,2026-03-22,chat,duvida_de_uso,media,"6,93",16.57313776029994,4.0
TCK-01759,CLI-103,2026-03-22,email,bug,baixa,"5,30",12.873194554395898,4.0
TCK-01760,CLI-105,2026-03-22,email,bug,media,"9,29",20.475874938456844,4.0
TCK-01761,CLI-070,2026-03-22,email,cobranca,media,"9,48",17.16720290322145,3.0
TCK-01762,CLI-074,2026-03-22,telefone,bug,media,"3,53",7.877108844505427,4.0
TCK-01763,CLI-002,2026-03-22,chat,cobranca,baixa,"5,69",15.286631726746968,3.0
TCK-01764,CLI-109,2026-03-23,telefone,bug,media,"4,07",9.912604048222288,5.0
TCK-01765,CLI-104,2026-03-23,chat,duvida_de_uso,alta,,13.336840141202703,4.0
TCK-01766,CLI-169,2026-03-23,email,duvida_de_uso,media,"3,77",7.862950045856612,4.0
TCK-01767,CLI-091,2026-03-23,email,bug,alta,"0,93",7.027075851366858,5.0
TCK-01768,CLI-085,2026-03-23,chat,cobranca,media,"8,29",17.009375201228632,
TCK-01769,CLI-013,2026-03-23,email,cobranca,media,"6,30",15.634401690345312,4.0
TCK-01770,CLI-036,2026-03-23,chat,bug,media,"4,02",9.795989906749151,
TCK-01771,CLI-061,2026-03-23,telefone,duvida_de_uso,critica,"4,38",11.060881945077115,4.0
TCK-01772,CLI-068,2026-03-23,telefone,cobranca,media,,20.87201141384707,3.0
TCK-01773,CLI-066,2026-03-23,email,cobranca,media,,8.328403758877748,5.0
TCK-01774,CLI-071,2026-03-23,chat,duvida_de_uso,media,"2,19",8.150594726446794,4.0
TCK-01775,CLI-139,2026-03-23,email,cobranca,alta,"1,50",5.303852118045302,4.0
TCK-01776,CLI-024,2026-03-23,email,bug,media,"4,73",11.781022166191045,4.0
TCK-01777,CLI-060,2026-03-23,chat,bug,media,"5,46",8.866170370963431,4.0
TCK-01778,CLI-030,2026-03-23,chat,cobranca,alta,"2,10",6.280129034294928,5.0
TCK-01779,CLI-056,2026-03-23,chat,cobranca,baixa,"0,79",6.310519873049509,3.0
TCK-01780,CLI-124,2026-03-23,email,cobranca,media,"7,83",18.12742385692187,4.0
TCK-01781,CLI-009,2026-03-23,telefone,bug,media,"5,63",14.468888390833284,3.0
TCK-01782,CLI-062,2026-03-23,telefone,duvida_de_uso,critica,"12,74",26.014053574004947,3.0
TCK-01783,CLI-005,2026-03-23,chat,cobranca,alta,"1,21",7.695583229650622,3.0
TCK-01784,CLI-172,2026-03-23,telefone,bug,baixa,"6,32",14.803813498514248,4.0
TCK-01785,CLI-131,2026-03-23,email,duvida_de_uso,alta,"1,25",4.268391602669842,5.0
TCK-01786,CLI-044,2026-03-23,chat,duvida_de_uso,alta,,8.440750478977076,5.0
TCK-01787,CLI-036,2026-03-23,telefone,bug,media,"4,44",12.37247893094518,4.0
TCK-01788,CLI-018,2026-03-23,telefone,duvida_de_uso,baixa,"0,83",5.432707639039633,5.0
TCK-01789,CLI-086,2026-03-24,telefone,bug,baixa,"8,65",17.96676138913571,3.0
TCK-01790,CLI-136,2026-03-24,chat,elogio,media,"4,24",11.054024408096913,3.0
TCK-01791,CLI-106,2026-03-24,telefone,bug,media,"5,63",15.228497229873902,5.0
TCK-01792,CLI-159,2026-03-24,chat,bug,alta,"0,80",5.1618472781549585,4.0
TCK-01793,CLI-062,2026-03-24,email,bug,baixa,"2,20",4.740453837787728,5.0
TCK-01794,CLI-051,2026-03-24,email,bug,media,"7,65",15.833289677667043,4.0
TCK-01795,CLI-087,2026-03-24,chat,bug,baixa,"2,29",6.1131421056077055,3.0
TCK-01796,CLI-037,2026-03-24,chat,duvida_de_uso,media,"1,95",5.371557214110948,5.0
TCK-01797,CLI-176,2026-03-24,chat,bug,baixa,,9.85919731765985,3.0
TCK-01798,CLI-034,2026-03-24,telefone,bug,media,,13.603755707373104,5.0
TCK-01799,CLI-087,2026-03-24,chat,bug,baixa,"0,87",3.2555797019534785,5.0
TCK-01800,CLI-094,2026-03-24,email,duvida_de_uso,media,"7,59",15.450840216436344,4.0
TCK-01801,CLI-011,2026-03-24,email,bug,media,"1,28",2.386691948125618,
TCK-01802,CLI-085,2026-03-24,chat,duvida_de_uso,alta,"2,31",8.453309293181604,5.0
TCK-01803,CLI-082,2026-03-24,chat,cobranca,baixa,"2,87",8.032312706443454,
TCK-01804,CLI-047,2026-03-24,chat,cobranca,media,"3,89",9.48387451130792,4.0
TCK-01805,CLI-024,2026-03-24,chat,bug,media,"0,60",3.634426979365449,5.0
TCK-01806,CLI-009,2026-03-24,chat,cobranca,baixa,"0,18",4.203115038764016,4.0
TCK-01807,CLI-002,2026-03-24,chat,cobranca,baixa,"0,19",2.620066050793239,4.0
TCK-01808,CLI-087,2026-03-24,telefone,bug,media,"10,09",18.183501847237682,4.0
TCK-01809,CLI-017,2026-03-24,email,duvida_de_uso,media,,2.5567611717505248,4.0
TCK-01810,CLI-173,2026-03-24,chat,cobranca,critica,"7,13",13.822964711349272,4.0
TCK-01811,CLI-045,2026-03-25,chat,bug,baixa,"4,90",12.233337728212527,4.0
TCK-01812,CLI-118,2026-03-25,email,duvida_de_uso,alta,"1,71",7.4678740072837915,5.0
TCK-01813,CLI-122,2026-03-25,chat,duvida_de_uso,alta,"0,28",5.701251079372616,4.0
TCK-01814,CLI-090,2026-03-25,chat,bug,alta,,4.951652654689045,5.0
TCK-01815,CLI-160,2026-03-25,chat,elogio,media,"1,50",6.636760407882936,4.0
TCK-01816,CLI-020,2026-03-25,chat,bug,critica,,12.218618529806589,3.0
TCK-01817,CLI-043,2026-03-25,email,bug,media,,15.934020187267155,3.0
TCK-01818,CLI-046,2026-03-25,email,bug,alta,"3,88",12.060660012663462,5.0
TCK-01819,CLI-025,2026-03-25,email,duvida_de_uso,baixa,"3,26",11.417046476609482,5.0
TCK-01820,CLI-054,2026-03-25,email,cobranca,alta,"6,48",15.864936077823034,
TCK-01821,CLI-057,2026-03-25,chat,cobranca,critica,"2,16",7.467544529820631,4.0
TCK-01822,CLI-138,2026-03-25,telefone,elogio,critica,"13,50",26.694444621987458,3.0
TCK-01823,CLI-055,2026-03-25,chat,duvida_de_uso,media,"0,48",2.961446559917331,
TCK-01824,CLI-158,2026-03-25,email,duvida_de_uso,alta,"2,98",7.166561815948407,5.0
TCK-01825,CLI-140,2026-03-25,email,duvida_de_uso,baixa,"5,82",14.411228524445027,3.0
TCK-01826,CLI-163,2026-03-25,email,bug,alta,"5,28",14.843175830512461,4.0
TCK-01827,CLI-019,2026-03-25,chat,elogio,media,"8,08",17.01628956939691,4.0
TCK-01828,CLI-178,2026-03-25,email,duvida_de_uso,alta,"2,05",5.610991608939912,4.0
TCK-01829,CLI-111,2026-03-25,chat,duvida_de_uso,media,"0,12",0.9907448922862776,5.0
TCK-01830,CLI-177,2026-03-25,chat,duvida_de_uso,baixa,"4,64",11.714788281385232,
TCK-01831,CLI-064,2026-03-25,chat,cobranca,baixa,"2,75",9.792102346290442,4.0
TCK-01832,CLI-172,2026-03-25,email,bug,baixa,"7,78",18.9184409272972,4.0
TCK-01833,CLI-106,2026-03-26,email,cobranca,media,"5,09",14.229667963807104,4.0
TCK-01834,CLI-013,2026-03-26,chat,cobranca,alta,"0,14",3.8816227773526224,4.0
TCK-01835,CLI-074,2026-03-26,chat,cobranca,alta,"3,20",8.895161666671289,4.0
TCK-01836,CLI-025,2026-03-26,email,bug,alta,"2,04",8.593728385055991,4.0
TCK-01837,CLI-170,2026-03-26,telefone,bug,alta,"2,98",6.705239943288721,3.0
TCK-01838,CLI-055,2026-03-26,chat,duvida_de_uso,media,,6.129463790898216,4.0
TCK-01839,CLI-041,2026-03-26,chat,cobranca,media,"0,77",6.944584443738955,4.0
TCK-01840,CLI-100,2026-03-26,email,elogio,media,"1,98",4.946083465979867,
TCK-01841,CLI-077,2026-03-26,email,duvida_de_uso,baixa,"6,80",15.187188684346102,3.0
TCK-01842,CLI-018,2026-03-26,email,bug,media,"6,79",16.172005569227238,4.0
TCK-01843,CLI-147,2026-03-26,email,bug,alta,"0,69",4.374955559587729,5.0
TCK-01844,CLI-153,2026-03-26,chat,duvida_de_uso,media,"2,77",9.714070935145386,4.0
TCK-01845,CLI-134,2026-03-26,chat,bug,alta,"4,40",13.211304772785446,4.0
TCK-01846,CLI-112,2026-03-26,telefone,duvida_de_uso,baixa,"4,27",11.401480449216079,5.0
TCK-01847,CLI-073,2026-03-26,telefone,cobranca,alta,"4,83",13.770400379315646,3.0
TCK-01848,CLI-098,2026-03-26,email,duvida_de_uso,baixa,"0,76",2.970488746347272,5.0
TCK-01849,CLI-094,2026-03-26,email,duvida_de_uso,alta,"9,14",19.221107072632453,4.0
TCK-01850,CLI-030,2026-03-26,chat,bug,baixa,"0,84",8.113065941717828,4.0
TCK-01851,CLI-015,2026-03-26,telefone,bug,media,"2,86",11.055332493666423,5.0
TCK-01852,CLI-046,2026-03-26,telefone,cobranca,media,"7,38",14.375968176262258,
TCK-01853,CLI-082,2026-03-26,email,duvida_de_uso,baixa,"11,41",23.511758272886336,
TCK-01854,CLI-029,2026-03-26,email,bug,media,"3,06",8.706680201767336,5.0
TCK-01855,CLI-020,2026-03-26,email,bug,baixa,"15,76",31.990117986367594,3.0
TCK-01856,CLI-154,2026-03-26,telefone,bug,media,"4,39",12.805254285903388,
TCK-01857,CLI-068,2026-03-26,chat,cobranca,critica,"2,41",10.09046738847853,3.0
TCK-01858,CLI-106,2026-03-26,chat,duvida_de_uso,media,"0,96",4.7826305826377356,4.0
TCK-01859,CLI-095,2026-03-26,chat,duvida_de_uso,media,"1,75",7.824149668078914,5.0
TCK-01860,CLI-133,2026-03-27,email,duvida_de_uso,alta,"4,68",12.402763457035586,5.0
TCK-01861,CLI-134,2026-03-27,chat,bug,media,,9.320215780028692,
TCK-01862,CLI-054,2026-03-27,email,duvida_de_uso,alta,"5,68",10.67958104377858,5.0
TCK-01863,CLI-153,2026-03-27,chat,bug,media,"1,59",7.394198034440018,
TCK-01864,CLI-067,2026-03-27,chat,elogio,media,"6,02",14.74073337501409,4.0
TCK-01865,CLI-151,2026-03-27,chat,bug,baixa,"2,47",8.029088417952735,4.0
TCK-01866,CLI-073,2026-03-27,email,duvida_de_uso,baixa,"3,91",8.562979714441903,4.0
TCK-01867,CLI-020,2026-03-27,telefone,bug,media,"1,49",8.627975037216508,5.0
TCK-01868,CLI-137,2026-03-27,chat,cobranca,alta,"3,79",10.058891374712108,5.0
TCK-01869,CLI-006,2026-03-27,email,bug,baixa,"3,73",8.008859888244784,4.0
TCK-01870,CLI-140,2026-03-27,email,elogio,critica,"3,09",6.610587100229962,
TCK-01871,CLI-008,2026-03-27,chat,bug,media,"0,64",5.168781643602642,4.0
TCK-01872,CLI-038,2026-03-27,email,cobranca,media,"1,11",6.06762356877452,4.0
TCK-01873,CLI-109,2026-03-27,email,cobranca,alta,"5,06",11.415683160581839,
TCK-01874,CLI-170,2026-03-27,email,bug,alta,"11,05",23.59168232898385,4.0
TCK-01875,CLI-074,2026-03-27,email,bug,media,"3,29",9.924822708240773,4.0
TCK-01876,CLI-022,2026-03-27,chat,duvida_de_uso,baixa,"1,96",6.744286019168339,5.0
TCK-01877,CLI-042,2026-03-27,chat,cobranca,baixa,"3,83",8.83960732758298,3.0
TCK-01878,CLI-162,2026-03-27,email,cobranca,baixa,"8,91",20.48887291367575,4.0
TCK-01879,CLI-131,2026-03-27,chat,bug,alta,"1,47",6.8997468314574615,4.0
TCK-01880,CLI-019,2026-03-27,email,duvida_de_uso,media,"1,52",6.582502955104309,4.0
TCK-01881,CLI-070,2026-03-27,email,bug,alta,"3,65",8.326902587572098,5.0
TCK-01882,CLI-048,2026-03-28,email,bug,baixa,"5,62",11.124809031434184,4.0
TCK-01883,CLI-033,2026-03-28,chat,duvida_de_uso,media,"0,19",3.4576834531353966,5.0
TCK-01884,CLI-153,2026-03-28,telefone,bug,media,"2,75",9.339290541378702,4.0
TCK-01885,CLI-112,2026-03-28,chat,bug,media,"2,02",8.193861897504263,4.0
TCK-01886,CLI-033,2026-03-28,email,cobranca,media,"3,01",9.30105400981494,5.0
TCK-01887,CLI-118,2026-03-28,email,cobranca,critica,"0,96",4.0558269039035055,5.0
TCK-01888,CLI-075,2026-03-28,email,cobranca,alta,"2,76",6.75439713062811,4.0
TCK-01889,CLI-012,2026-03-28,telefone,bug,alta,"3,41",9.110790199949884,
TCK-01890,CLI-081,2026-03-28,email,elogio,baixa,"1,76",6.156544420725223,5.0
TCK-01891,CLI-034,2026-03-28,telefone,duvida_de_uso,critica,"4,71",13.139482544297802,4.0
TCK-01892,CLI-045,2026-03-28,chat,duvida_de_uso,alta,"4,24",9.91549204693574,4.0
TCK-01893,CLI-159,2026-03-28,chat,bug,alta,"4,35",10.237038955459136,3.0
TCK-01894,CLI-128,2026-03-28,telefone,cobranca,media,"2,16",9.976167401531292,5.0
TCK-01895,CLI-025,2026-03-29,email,duvida_de_uso,baixa,"5,54",15.306169140099016,
TCK-01896,CLI-154,2026-03-29,chat,cobranca,alta,"3,12",7.299140869468652,
TCK-01897,CLI-104,2026-03-29,email,cobranca,media,"12,74",28.132502953711867,1.0
TCK-01898,CLI-158,2026-03-29,telefone,cobranca,media,,11.334032782580625,3.0
TCK-01899,CLI-135,2026-03-29,chat,cobranca,media,"3,49",8.626588846573144,5.0
TCK-01900,CLI-062,2026-03-29,email,elogio,media,"8,09",17.083014699112063,3.0
TCK-01901,CLI-097,2026-03-29,telefone,bug,media,"1,22",5.087034892691472,4.0
TCK-01902,CLI-096,2026-03-29,email,bug,alta,"4,03",11.187917080423928,4.0
TCK-01903,CLI-130,2026-03-29,email,cobranca,media,"11,53",23.90682784156204,3.0
TCK-01904,CLI-045,2026-03-29,chat,duvida_de_uso,media,"7,01",16.54453561216277,3.0
TCK-01905,CLI-060,2026-03-29,chat,duvida_de_uso,baixa,"1,65",5.372909078139181,4.0
TCK-01906,CLI-045,2026-03-29,telefone,cobranca,critica,"11,32",23.92843755848859,3.0
TCK-01907,CLI-054,2026-03-29,chat,duvida_de_uso,media,"1,86",6.468808373543008,
TCK-01908,CLI-030,2026-03-29,chat,cobranca,media,"2,90",6.142732670897002,5.0
TCK-01909,CLI-007,2026-03-29,email,bug,media,"0,80",5.1685669684040425,5.0
TCK-01910,CLI-170,2026-03-29,email,cobranca,media,"9,72",20.634695032336026,3.0
TCK-01911,CLI-014,2026-03-29,telefone,bug,alta,"2,98",7.289919319378138,
TCK-01912,CLI-160,2026-03-29,email,duvida_de_uso,baixa,"1,00",4.154852263795439,5.0
TCK-01913,CLI-001,2026-03-29,chat,cobranca,alta,"2,09",6.153871356989739,4.0
TCK-01914,CLI-140,2026-03-29,email,bug,baixa,"0,21",3.005284620583331,5.0
TCK-01915,CLI-060,2026-03-29,email,bug,critica,,16.76721988352027,4.0
TCK-01916,CLI-094,2026-03-29,chat,bug,media,"5,11",15.328731130365377,3.0
TCK-01917,CLI-051,2026-03-30,chat,duvida_de_uso,baixa,"0,94",0.5983285452751765,4.0
TCK-01918,CLI-089,2026-03-30,chat,duvida_de_uso,media,"0,90",5.361110608366004,3.0
TCK-01919,CLI-082,2026-03-30,telefone,bug,media,"5,86",14.987132356242382,2.0
TCK-01920,CLI-096,2026-03-30,email,cobranca,critica,"6,39",14.171692864041557,4.0
TCK-01921,CLI-071,2026-03-30,chat,bug,alta,"1,35",6.824624162401312,4.0
TCK-01922,CLI-097,2026-03-30,email,duvida_de_uso,media,"1,77",8.663586460732057,4.0
TCK-01923,CLI-149,2026-03-30,chat,duvida_de_uso,media,"4,49",9.031346427686017,
TCK-01924,CLI-079,2026-03-30,email,bug,critica,"0,89",4.808477241377811,4.0
TCK-01925,CLI-066,2026-03-30,chat,bug,alta,"1,58",8.77426595845934,5.0
TCK-01926,CLI-024,2026-03-30,email,elogio,media,"1,73",4.251006125754186,5.0
TCK-01927,CLI-065,2026-03-30,telefone,cobranca,media,"5,80",13.26535661905314,
TCK-01928,CLI-023,2026-03-30,telefone,bug,media,"1,85",5.6658496176458994,
TCK-01929,CLI-033,2026-03-30,telefone,cobranca,alta,"8,20",19.3314573925593,3.0
TCK-01930,CLI-172,2026-03-30,email,duvida_de_uso,media,"2,55",9.368395825860537,5.0
TCK-01931,CLI-017,2026-03-30,telefone,bug,alta,"5,07",12.362851824269143,
TCK-01932,CLI-087,2026-03-30,email,cobranca,media,"1,89",6.444604837524143,4.0
TCK-01933,CLI-151,2026-03-30,email,duvida_de_uso,media,"4,38",8.298122467853236,5.0
TCK-01934,CLI-172,2026-03-30,email,bug,media,"2,11",8.928403080248026,
TCK-01935,CLI-027,2026-03-30,email,cobranca,alta,"1,43",5.040774701967564,5.0
TCK-01936,CLI-030,2026-03-30,chat,bug,media,,9.655618197056297,2.0
TCK-01937,CLI-068,2026-03-30,email,bug,alta,"1,84",7.767936447982514,5.0
TCK-01938,CLI-100,2026-03-30,email,bug,media,"1,87",6.661841672909949,4.0
TCK-01939,CLI-173,2026-03-30,chat,cobranca,alta,"2,45",8.923558845241507,5.0
TCK-01940,CLI-038,2026-03-30,telefone,cobranca,alta,"4,64",12.265336089118538,4.0
TCK-01941,CLI-030,2026-03-30,chat,elogio,alta,"0,83",4.793203455829255,4.0
TCK-01942,CLI-046,2026-03-30,chat,bug,media,,9.3679194318651,4.0
TCK-01943,CLI-158,2026-03-30,email,cobranca,alta,"1,98",4.8784677165829,5.0
TCK-01944,CLI-006,2026-03-30,telefone,duvida_de_uso,baixa,"1,05",4.673067080279766,
TCK-01945,CLI-069,2026-03-30,email,bug,baixa,"2,94",9.915350019812529,4.0
TCK-01946,CLI-022,2026-03-30,email,bug,alta,"2,90",6.8745927796022785,5.0
TCK-01947,CLI-029,2026-03-31,email,cobranca,alta,"5,14",11.178705677477236,4.0
TCK-01948,CLI-166,2026-03-31,chat,bug,baixa,,15.783751099384304,2.0
TCK-01949,CLI-001,2026-03-31,email,duvida_de_uso,critica,"4,04",10.494478633445597,5.0
TCK-01950,CLI-058,2026-03-31,chat,duvida_de_uso,media,"3,40",11.222592998494877,4.0
TCK-01951,CLI-165,2026-03-31,email,bug,critica,"0,78",5.220073157462056,5.0
TCK-01952,CLI-110,2026-03-31,chat,elogio,alta,"5,08",8.877056369102018,3.0
TCK-01953,CLI-013,2026-03-31,chat,cobranca,critica,"2,00",7.579799126180152,4.0
TCK-01954,CLI-084,2026-03-31,email,duvida_de_uso,alta,"1,15",4.401174991393265,5.0
TCK-01955,CLI-175,2026-03-31,email,cobranca,critica,"8,24",18.601409460810626,
TCK-01956,CLI-073,2026-03-31,chat,duvida_de_uso,media,"2,07",6.508011898942703,5.0
TCK-01957,CLI-096,2026-03-31,chat,cobranca,baixa,,9.62204114981261,3.0
TCK-01958,CLI-096,2026-03-31,email,bug,media,,28.114223123052344,3.0
TCK-01959,CLI-119,2026-03-31,chat,duvida_de_uso,alta,"0,52",3.28144810208435,4.0
TCK-01960,CLI-034,2026-03-31,email,bug,baixa,"1,91",6.893249736713281,5.0
TCK-01961,CLI-152,2026-03-31,email,duvida_de_uso,critica,"6,43",13.249625770019897,3.0
TCK-01962,CLI-178,2026-03-31,email,duvida_de_uso,baixa,"3,64",7.870520136874632,
TCK-01963,CLI-026,2026-03-31,chat,bug,alta,"0,14",4.357231118129085,4.0
TCK-01964,CLI-148,2026-03-31,email,elogio,media,"2,68",9.482892384881467,4.0
TCK-01965,CLI-148,2026-03-31,chat,bug,alta,"1,83",7.160802803044249,4.0
TCK-01966,CLI-134,2026-03-31,email,bug,critica,"3,46",8.253499272122047,3.0
TCK-01967,CLI-067,2026-03-31,chat,duvida_de_uso,media,"1,11",3.8813074179856253,4.0
TCK-01968,CLI-085,2026-03-31,email,duvida_de_uso,alta,"9,97",19.919850265385488,4.0
TCK-01969,CLI-152,2026-03-31,chat,bug,baixa,"0,47",5.176360776723825,4.0
TCK-01970,CLI-028,2026-03-31,chat,duvida_de_uso,alta,"2,92",7.019831815947978,4.0
TCK-01971,CLI-150,2026-03-31,email,cobranca,alta,"2,27",8.419815671265617,4.0
TCK-01972,CLI-166,2026-03-31,email,bug,baixa,"2,13",7.795364564604419,5.0
TCK-01973,CLI-123,2026-04-01,chat,elogio,baixa,"5,45",14.658175818916552,4.0
TCK-01974,CLI-062,2026-04-01,telefone,bug,media,"2,92",9.842609954468665,4.0
TCK-01975,CLI-101,2026-04-01,telefone,duvida_de_uso,baixa,"4,89",12.613453795751418,4.0
TCK-01976,CLI-010,2026-04-01,email,bug,alta,"6,75",12.93833620514934,4.0
TCK-01977,CLI-168,2026-04-01,chat,cobranca,baixa,"2,27",7.992841870151525,4.0
TCK-01978,CLI-062,2026-04-01,email,cobranca,critica,"9,16",19.66611526795224,3.0
TCK-01979,CLI-011,2026-04-01,email,bug,critica,"1,03",4.293506418627823,5.0
TCK-01980,CLI-144,2026-04-01,chat,bug,critica,"3,07",10.565048820522025,3.0
TCK-01981,CLI-119,2026-04-01,chat,bug,media,"7,89",16.977839539818664,3.0
TCK-01982,CLI-113,2026-04-01,chat,bug,baixa,,7.386052461910784,5.0
TCK-01983,CLI-010,2026-04-01,telefone,elogio,alta,"0,59",5.7485360720523015,5.0
TCK-01984,CLI-136,2026-04-01,email,duvida_de_uso,alta,"5,25",11.837726746625556,4.0
TCK-01985,CLI-115,2026-04-01,chat,duvida_de_uso,critica,"6,15",13.197864682342722,4.0
TCK-01986,CLI-143,2026-04-01,email,elogio,media,"2,71",6.181570864377643,
TCK-01987,CLI-149,2026-04-01,email,cobranca,baixa,"2,68",6.592203871200667,4.0
TCK-01988,CLI-039,2026-04-01,email,cobranca,critica,"6,25",13.142938017206852,4.0
TCK-01989,CLI-038,2026-04-01,telefone,bug,alta,"5,45",13.74233520056026,4.0
TCK-01990,CLI-167,2026-04-01,chat,bug,baixa,"2,33",5.666797029307988,4.0
TCK-01991,CLI-096,2026-04-01,email,bug,alta,"1,97",3.75176902414605,5.0
TCK-01992,CLI-079,2026-04-02,chat,bug,baixa,"1,48",6.115468596309364,5.0
TCK-01993,CLI-052,2026-04-02,telefone,duvida_de_uso,media,"1,47",4.70258554491899,5.0
TCK-01994,CLI-116,2026-04-02,telefone,bug,media,"0,52",3.902721788026915,
TCK-01995,CLI-136,2026-04-02,chat,duvida_de_uso,media,"5,08",14.071295723523775,2.0
TCK-01996,CLI-001,2026-04-02,email,duvida_de_uso,baixa,"6,49",14.794389331538326,5.0
TCK-01997,CLI-100,2026-04-02,chat,bug,baixa,"3,62",11.781764840302245,4.0
TCK-01998,CLI-179,2026-04-02,telefone,bug,media,"5,95",13.612584646043436,4.0
TCK-01999,CLI-051,2026-04-02,telefone,duvida_de_uso,baixa,"3,13",10.138968857708852,4.0
TCK-02000,CLI-051,2026-04-02,telefone,duvida_de_uso,media,"2,79",7.207084145269719,4.0
TCK-02001,CLI-159,2026-04-02,chat,cobranca,media,"0,70",4.412860646744865,4.0
TCK-02002,CLI-012,2026-04-02,email,cobranca,alta,"6,89",13.998572869353497,3.0
TCK-02003,CLI-072,2026-04-02,chat,bug,alta,"11,08",21.71441595109009,1.0
TCK-02004,CLI-083,2026-04-02,email,bug,baixa,"5,08",11.809027334045478,5.0
TCK-02005,CLI-144,2026-04-02,email,bug,baixa,"7,60",14.691876049316342,4.0
TCK-02006,CLI-024,2026-04-02,chat,bug,alta,"4,57",11.472695238532115,3.0
TCK-02007,CLI-079,2026-04-02,chat,duvida_de_uso,alta,"6,42",14.11003863786691,4.0
TCK-02008,CLI-028,2026-04-02,telefone,elogio,critica,"1,74",6.483380434805401,5.0
TCK-02009,CLI-142,2026-04-02,chat,bug,critica,"0,48",1.8876697025487197,4.0
TCK-02010,CLI-114,2026-04-03,telefone,bug,media,"4,34",11.866595487223613,5.0
TCK-02011,CLI-090,2026-04-03,chat,cobranca,alta,"2,02",9.180359412880355,5.0
TCK-02012,CLI-071,2026-04-03,chat,duvida_de_uso,media,"10,45",24.03904996889227,2.0
TCK-02013,CLI-028,2026-04-03,email,bug,alta,"1,50",8.54932741731216,5.0
TCK-02014,CLI-166,2026-04-03,chat,bug,critica,"7,81",17.12623039161868,3.0
TCK-02015,CLI-117,2026-04-03,email,elogio,alta,"3,39",8.57703717978385,5.0
TCK-02016,CLI-058,2026-04-03,email,bug,media,"1,33",6.1251543907691595,5.0
TCK-02017,CLI-075,2026-04-03,email,duvida_de_uso,media,"11,41",23.186620712763514,3.0
TCK-02018,CLI-131,2026-04-03,telefone,cobranca,baixa,"1,77",3.5667023039864256,5.0
TCK-02019,CLI-130,2026-04-03,chat,bug,media,,12.475451882822018,5.0
TCK-02020,CLI-083,2026-04-03,telefone,cobranca,alta,"4,44",10.637727025024581,4.0
TCK-02021,CLI-055,2026-04-03,telefone,bug,alta,"12,99",24.179602424171815,3.0
TCK-02022,CLI-119,2026-04-03,telefone,bug,baixa,"8,82",18.114450892808122,3.0
TCK-02023,CLI-119,2026-04-03,email,bug,alta,"3,32",8.659792450764316,5.0
TCK-02024,CLI-108,2026-04-03,telefone,elogio,media,"11,45",23.634339735452304,4.0
TCK-02025,CLI-014,2026-04-03,telefone,bug,media,,13.044520744780053,4.0
TCK-02026,CLI-086,2026-04-03,telefone,bug,media,,12.195114716334214,4.0
TCK-02027,CLI-111,2026-04-03,email,elogio,media,"4,36",8.923822753335669,4.0
TCK-02028,CLI-172,2026-04-03,email,bug,alta,"7,85",16.90125856240769,
TCK-02029,CLI-095,2026-04-04,telefone,cobranca,alta,"3,18",7.413314481802961,5.0
TCK-02030,CLI-062,2026-04-04,email,cobranca,alta,"2,48",9.351613161711523,5.0
TCK-02031,CLI-101,2026-04-04,email,duvida_de_uso,media,"2,00",5.766223909139834,4.0
TCK-02032,CLI-032,2026-04-04,chat,cobranca,alta,"3,02",7.915307591223595,3.0
TCK-02033,CLI-017,2026-04-04,email,cobranca,baixa,"2,14",8.417745061250098,5.0
TCK-02034,CLI-123,2026-04-04,email,bug,media,"7,93",19.265271304757142,4.0
TCK-02035,CLI-178,2026-04-04,telefone,elogio,media,"3,12",10.826793087581418,5.0
TCK-02036,CLI-153,2026-04-04,telefone,elogio,alta,"5,88",11.127279706566613,3.0
TCK-02037,CLI-106,2026-04-04,telefone,cobranca,critica,"9,17",20.235498505838848,4.0
TCK-02038,CLI-008,2026-04-04,email,duvida_de_uso,media,,23.06929479149555,3.0
TCK-02039,CLI-178,2026-04-04,email,duvida_de_uso,alta,,11.282423309172115,5.0
TCK-02040,CLI-081,2026-04-04,email,duvida_de_uso,media,"0,43",3.8763194011112985,4.0
TCK-02041,CLI-053,2026-04-04,chat,bug,media,"0,28",5.433350999886986,5.0
TCK-02042,CLI-161,2026-04-04,email,duvida_de_uso,alta,"7,78",18.565935109628192,5.0
TCK-02043,CLI-135,2026-04-04,chat,duvida_de_uso,alta,"0,99",6.129794594618781,4.0
TCK-02044,CLI-135,2026-04-04,telefone,cobranca,alta,"3,00",8.715168031085897,5.0
TCK-02045,CLI-050,2026-04-04,chat,bug,alta,,15.705561637521564,
TCK-02046,CLI-179,2026-04-04,email,duvida_de_uso,baixa,"2,51",6.917203542696184,4.0
TCK-02047,CLI-082,2026-04-04,email,duvida_de_uso,critica,"1,16",2.668868857236104,5.0
TCK-02048,CLI-096,2026-04-04,email,duvida_de_uso,critica,,8.154448042752083,5.0
TCK-02049,CLI-136,2026-04-04,email,elogio,media,"6,74",15.226939936405392,5.0
TCK-02050,CLI-119,2026-04-04,chat,cobranca,baixa,"1,48",7.619687510170397,3.0
TCK-02051,CLI-032,2026-04-04,email,bug,media,"6,09",13.188592842313867,5.0
TCK-02052,CLI-055,2026-04-04,chat,bug,alta,"0,72",5.033898235061107,4.0
TCK-02053,CLI-066,2026-04-04,telefone,cobranca,critica,"1,95",4.295038951412808,5.0
TCK-02054,CLI-171,2026-04-04,email,duvida_de_uso,alta,"3,12",10.241421583361534,5.0
TCK-02055,CLI-129,2026-04-04,email,cobranca,media,"9,41",20.048337920039682,5.0
TCK-02056,CLI-066,2026-04-04,email,bug,baixa,"2,74",7.517857448645983,5.0
TCK-02057,CLI-133,2026-04-04,email,bug,media,"2,41",10.543712262910311,5.0
TCK-02058,CLI-133,2026-04-05,chat,duvida_de_uso,media,"1,45",7.221925749917309,4.0
TCK-02059,CLI-071,2026-04-05,telefone,cobranca,baixa,"6,08",12.386731852949506,4.0
TCK-02060,CLI-073,2026-04-05,telefone,elogio,baixa,"7,22",15.833952163862023,3.0
TCK-02061,CLI-161,2026-04-05,chat,cobranca,baixa,,16.960555251762155,3.0
TCK-02062,CLI-102,2026-04-05,email,duvida_de_uso,baixa,"14,39",31.87331514617867,3.0
TCK-02063,CLI-027,2026-04-05,email,cobranca,alta,"5,05",13.481581430515362,4.0
TCK-02064,CLI-130,2026-04-05,email,bug,media,"2,16",4.119195762608742,5.0
TCK-02065,CLI-107,2026-04-05,email,duvida_de_uso,media,"3,49",11.275202219231907,5.0
TCK-02066,CLI-092,2026-04-05,telefone,elogio,media,"1,73",5.167392693893432,5.0
TCK-02067,CLI-131,2026-04-05,chat,duvida_de_uso,critica,"2,63",9.716049189072919,4.0
TCK-02068,CLI-164,2026-04-05,email,elogio,alta,"2,01",5.534633035961683,5.0
TCK-02069,CLI-060,2026-04-05,email,bug,media,"9,09",20.09178870719752,4.0
TCK-02070,CLI-076,2026-04-05,email,bug,alta,"4,76",10.615494637097088,4.0
TCK-02071,CLI-035,2026-04-05,telefone,duvida_de_uso,alta,"11,14",22.49851083470784,4.0
TCK-02072,CLI-117,2026-04-05,email,elogio,alta,"7,04",16.602405231104047,
TCK-02073,CLI-073,2026-04-05,email,bug,media,,12.878957244341809,3.0
TCK-02074,CLI-062,2026-04-05,email,cobranca,media,"1,15",8.634662918499862,4.0
TCK-02075,CLI-126,2026-04-05,telefone,bug,media,"6,07",12.39141601305055,4.0
TCK-02076,CLI-074,2026-04-05,chat,cobranca,media,"8,51",16.69613141844306,3.0
TCK-02077,CLI-084,2026-04-05,chat,duvida_de_uso,baixa,"1,69",6.975829915644052,4.0
TCK-02078,CLI-080,2026-04-06,email,bug,media,"8,14",19.5989057771631,4.0
TCK-02079,CLI-047,2026-04-06,email,cobranca,media,"0,84",4.0207605609945425,4.0
TCK-02080,CLI-023,2026-04-06,telefone,cobranca,media,"1,50",4.0988578173151256,3.0
TCK-02081,CLI-149,2026-04-06,email,duvida_de_uso,media,"3,68",8.248137750062767,
TCK-02082,CLI-017,2026-04-06,email,bug,baixa,"2,45",5.8627648088784845,4.0
TCK-02083,CLI-059,2026-04-06,chat,bug,media,"1,19",5.6043855756983945,4.0
TCK-02084,CLI-121,2026-04-06,email,elogio,media,"2,46",7.321824104294278,4.0
TCK-02085,CLI-024,2026-04-06,email,cobranca,alta,"5,60",13.714681688079972,4.0
TCK-02086,CLI-118,2026-04-06,telefone,cobranca,media,"8,21",18.332918404688044,3.0
TCK-02087,CLI-132,2026-04-06,chat,cobranca,baixa,,10.658623424938659,4.0
TCK-02088,CLI-120,2026-04-06,email,cobranca,baixa,"6,20",13.53952886360365,4.0
TCK-02089,CLI-055,2026-04-06,email,bug,media,"3,81",8.752669651262755,5.0
TCK-02090,CLI-004,2026-04-06,chat,duvida_de_uso,baixa,"0,88",4.8145723245996,5.0
TCK-02091,CLI-160,2026-04-06,email,cobranca,media,,9.358814619728848,
TCK-02092,CLI-059,2026-04-06,email,bug,media,"4,47",11.418172657864712,5.0
TCK-02093,CLI-145,2026-04-06,chat,bug,critica,"5,08",11.07957047219543,4.0
TCK-02094,CLI-036,2026-04-06,chat,duvida_de_uso,alta,"7,40",17.285127277886563,4.0
TCK-02095,CLI-030,2026-04-06,telefone,cobranca,baixa,"5,26",10.700989037371468,5.0
TCK-02096,CLI-141,2026-04-06,email,cobranca,media,"7,87",16.51226441196878,4.0
TCK-02097,CLI-170,2026-04-06,email,bug,alta,"0,33",5.279207381783168,4.0
TCK-02098,CLI-155,2026-04-06,chat,elogio,baixa,"1,85",4.628092377740234,4.0
TCK-02099,CLI-136,2026-04-06,chat,bug,critica,"2,28",8.676174333622802,3.0
TCK-02100,CLI-045,2026-04-06,email,bug,media,"5,84",11.391892436239731,5.0
TCK-02101,CLI-165,2026-04-07,chat,elogio,baixa,,14.157684238101922,3.0
TCK-02102,CLI-121,2026-04-07,email,cobranca,baixa,"5,03",9.813081882402258,4.0
TCK-02103,CLI-031,2026-04-07,telefone,elogio,critica,"0,72",4.468778402801648,4.0
TCK-02104,CLI-024,2026-04-07,telefone,cobranca,critica,,15.34395734879418,4.0
TCK-02105,CLI-157,2026-04-07,email,cobranca,alta,"2,90",10.150269729052994,4.0
TCK-02106,CLI-050,2026-04-07,telefone,bug,media,"5,82",15.292636040874934,5.0
TCK-02107,CLI-138,2026-04-07,telefone,bug,alta,"6,62",16.212979734522,4.0
TCK-02108,CLI-025,2026-04-07,email,elogio,baixa,"0,66",2.9433236210523566,5.0
TCK-02109,CLI-051,2026-04-07,email,cobranca,media,"3,64",8.292614045772751,3.0
TCK-02110,CLI-052,2026-04-07,chat,duvida_de_uso,alta,"2,25",8.230479748749232,3.0
TCK-02111,CLI-051,2026-04-07,email,duvida_de_uso,critica,"4,98",14.103175233530123,4.0
TCK-02112,CLI-122,2026-04-07,email,bug,media,"2,12",5.274016689711862,4.0
TCK-02113,CLI-165,2026-04-07,email,bug,media,"1,62",7.865223841358874,5.0
TCK-02114,CLI-164,2026-04-07,telefone,cobranca,baixa,"12,39",22.429822302265386,3.0
TCK-02115,CLI-134,2026-04-07,email,bug,media,"4,61",11.888253676067176,4.0
TCK-02116,CLI-037,2026-04-07,chat,duvida_de_uso,baixa,"1,07",4.774658742536628,4.0
TCK-02117,CLI-173,2026-04-07,email,elogio,alta,,7.208299065030059,5.0
TCK-02118,CLI-098,2026-04-07,email,duvida_de_uso,baixa,"12,78",26.053425986884427,2.0
TCK-02119,CLI-099,2026-04-07,telefone,duvida_de_uso,alta,"9,61",19.019529525916507,
TCK-02120,CLI-127,2026-04-07,email,bug,baixa,"2,28",7.770471640567537,5.0
TCK-02121,CLI-139,2026-04-07,email,bug,media,"1,48",5.7628514047998936,5.0
TCK-02122,CLI-172,2026-04-07,email,bug,baixa,"1,59",7.267032203361276,5.0
TCK-02123,CLI-105,2026-04-07,chat,bug,media,"5,35",15.016283522067571,2.0
TCK-02124,CLI-110,2026-04-08,email,bug,media,"2,74",8.116581869428126,3.0
TCK-02125,CLI-135,2026-04-08,email,bug,media,"0,95",3.4766384852784045,5.0
TCK-02126,CLI-046,2026-04-08,email,bug,critica,"2,58",5.928790368270236,5.0
TCK-02127,CLI-056,2026-04-08,email,bug,media,"4,94",14.446917695786285,4.0
TCK-02128,CLI-113,2026-04-08,email,elogio,media,"3,59",11.81655804887711,5.0
TCK-02129,CLI-012,2026-04-08,chat,bug,critica,"5,84",14.83422005524397,3.0
TCK-02130,CLI-058,2026-04-08,email,duvida_de_uso,baixa,"4,99",12.072192519007118,4.0
TCK-02131,CLI-130,2026-04-08,email,cobranca,alta,"5,51",14.139621560908799,4.0
TCK-02132,CLI-176,2026-04-08,chat,bug,critica,"4,53",13.102835337968305,4.0
TCK-02133,CLI-094,2026-04-08,chat,duvida_de_uso,alta,"4,36",9.918572619909321,3.0
TCK-02134,CLI-072,2026-04-08,email,cobranca,media,"2,56",7.660747028282186,4.0
TCK-02135,CLI-080,2026-04-08,email,duvida_de_uso,alta,"1,51",4.058331420740609,5.0
TCK-02136,CLI-124,2026-04-08,email,bug,media,"4,70",11.258087778837826,4.0
TCK-02137,CLI-099,2026-04-08,telefone,cobranca,media,"4,22",12.909003693175041,4.0
TCK-02138,CLI-005,2026-04-08,email,cobranca,critica,,13.650659174678879,4.0
TCK-02139,CLI-098,2026-04-08,email,duvida_de_uso,baixa,"5,34",12.806773240155808,4.0
TCK-02140,CLI-073,2026-04-08,email,bug,alta,"11,77",20.138420099551848,3.0
TCK-02141,CLI-127,2026-04-08,email,bug,media,"3,17",7.725502755210444,4.0
TCK-02142,CLI-158,2026-04-08,email,cobranca,baixa,"5,49",13.042211465651745,4.0
TCK-02143,CLI-174,2026-04-08,email,bug,media,"1,50",5.382581067579016,4.0
TCK-02144,CLI-110,2026-04-08,chat,bug,alta,"1,19",5.188037090736258,4.0
TCK-02145,CLI-066,2026-04-08,chat,duvida_de_uso,media,"2,41",7.702080660553268,4.0
TCK-02146,CLI-080,2026-04-08,chat,elogio,alta,,4.067266784236825,3.0
TCK-02147,CLI-032,2026-04-08,chat,bug,media,"3,80",9.832648519878424,4.0
TCK-02148,CLI-169,2026-04-08,email,bug,critica,"5,67",12.97985126988447,4.0
TCK-02149,CLI-153,2026-04-08,telefone,duvida_de_uso,media,"2,31",6.0960602122378935,4.0
TCK-02150,CLI-154,2026-04-08,chat,cobranca,alta,"2,02",9.398257433367903,5.0
TCK-02151,CLI-060,2026-04-08,telefone,duvida_de_uso,baixa,"8,98",18.450118734428823,4.0
TCK-02152,CLI-058,2026-04-09,chat,cobranca,media,"2,79",4.644589718700479,3.0
TCK-02153,CLI-155,2026-04-09,email,bug,critica,"16,49",35.34793707372883,3.0
TCK-02154,CLI-099,2026-04-09,email,bug,baixa,"3,36",7.782886712901796,5.0
TCK-02155,CLI-127,2026-04-09,email,duvida_de_uso,media,"3,68",10.976481390836806,4.0
TCK-02156,CLI-089,2026-04-09,email,bug,alta,"4,02",9.20935296634436,4.0
TCK-02157,CLI-080,2026-04-09,chat,duvida_de_uso,alta,"0,49",4.7411656571323135,4.0
TCK-02158,CLI-114,2026-04-09,email,cobranca,alta,"3,55",9.313915972677075,
TCK-02159,CLI-147,2026-04-09,email,bug,alta,"3,45",10.712078142538004,5.0
TCK-02160,CLI-061,2026-04-09,telefone,cobranca,critica,"6,76",14.838781545503963,4.0
TCK-02161,CLI-146,2026-04-09,chat,bug,media,"5,54",11.988290020674977,4.0
TCK-02162,CLI-044,2026-04-09,chat,duvida_de_uso,media,"1,88",6.769791206528256,4.0
TCK-02163,CLI-073,2026-04-09,email,duvida_de_uso,alta,"0,43",3.1961464827968906,5.0
TCK-02164,CLI-165,2026-04-09,chat,duvida_de_uso,alta,"2,70",4.968908483273825,3.0
TCK-02165,CLI-172,2026-04-09,telefone,bug,baixa,,5.176325346054362,5.0
TCK-02166,CLI-167,2026-04-09,chat,elogio,media,"2,88",12.494645458251334,3.0
TCK-02167,CLI-057,2026-04-09,chat,elogio,media,"2,83",5.358723837603108,4.0
TCK-02168,CLI-152,2026-04-09,chat,cobranca,alta,"1,29",5.690463105962625,4.0
TCK-02169,CLI-169,2026-04-09,email,cobranca,media,"4,53",10.791626353998115,4.0
TCK-02170,CLI-177,2026-04-09,chat,bug,alta,"0,59",6.814566860406254,4.0
TCK-02171,CLI-004,2026-04-09,telefone,duvida_de_uso,alta,"5,03",10.38900766917159,4.0
TCK-02172,CLI-135,2026-04-09,email,bug,baixa,"7,21",16.130756327389758,4.0
TCK-02173,CLI-180,2026-04-09,email,cobranca,media,"5,85",14.56676688826951,4.0
TCK-02174,CLI-138,2026-04-09,email,bug,media,"2,61",7.435870730415543,5.0
TCK-02175,CLI-042,2026-04-09,email,bug,baixa,"6,84",14.151836117463189,3.0
TCK-02176,CLI-138,2026-04-09,telefone,cobranca,media,"6,29",14.289493818198904,4.0
TCK-02177,CLI-019,2026-04-09,chat,bug,media,"3,90",9.55123120100538,4.0
TCK-02178,CLI-087,2026-04-09,email,cobranca,alta,"10,00",20.53320812858624,3.0
TCK-02179,CLI-113,2026-04-09,email,bug,media,"5,39",14.094352603192217,4.0
TCK-02180,CLI-083,2026-04-09,email,cobranca,baixa,"1,55",6.398734675799747,
TCK-02181,CLI-126,2026-04-10,email,cobranca,media,"1,81",7.085562586025535,4.0
TCK-02182,CLI-044,2026-04-10,chat,duvida_de_uso,alta,"3,23",9.317923708037466,
TCK-02183,CLI-110,2026-04-10,telefone,bug,media,"3,50",10.747564546043517,4.0
TCK-02184,CLI-117,2026-04-10,chat,bug,media,"1,80",8.195779921295955,5.0
TCK-02185,CLI-115,2026-04-10,email,bug,critica,"6,16",13.65852054432222,3.0
TCK-02186,CLI-053,2026-04-10,chat,bug,baixa,"0,77",5.6220223459403345,3.0
TCK-02187,CLI-055,2026-04-10,chat,duvida_de_uso,media,"3,75",7.803778350892899,3.0
TCK-02188,CLI-047,2026-04-10,email,bug,media,"3,34",5.634610809221417,3.0
TCK-02189,CLI-084,2026-04-10,chat,bug,alta,"3,08",11.283148995699554,3.0
TCK-02190,CLI-106,2026-04-10,chat,bug,alta,"0,84",4.015546952699877,3.0
TCK-02191,CLI-066,2026-04-10,telefone,elogio,baixa,"6,42",14.940480170807005,3.0
TCK-02192,CLI-074,2026-04-10,email,bug,alta,"8,11",15.763927480000069,
TCK-02193,CLI-052,2026-04-10,email,bug,alta,"25,88",47.67934937354182,1.0
TCK-02194,CLI-040,2026-04-10,chat,duvida_de_uso,alta,"2,93",7.20815109769624,4.0
TCK-02195,CLI-119,2026-04-10,email,bug,critica,"7,91",18.208471887850685,4.0
TCK-02196,CLI-147,2026-04-10,email,elogio,alta,"1,72",5.328906399977214,5.0
TCK-02197,CLI-053,2026-04-10,chat,bug,baixa,"5,78",12.904070049571692,4.0
TCK-02198,CLI-155,2026-04-10,email,cobranca,media,"1,06",3.786098362983595,5.0
TCK-02199,CLI-103,2026-04-10,chat,duvida_de_uso,critica,"7,37",18.009772665029775,
TCK-02200,CLI-031,2026-04-10,telefone,cobranca,media,"4,53",12.460366580077023,5.0
TCK-02201,CLI-066,2026-04-10,chat,cobranca,media,"0,70",3.5291585020290364,4.0
TCK-02202,CLI-002,2026-04-10,chat,cobranca,critica,"1,84",7.3388688488815985,
TCK-02203,CLI-008,2026-04-11,chat,duvida_de_uso,alta,,11.115690470372115,4.0
TCK-02204,CLI-061,2026-04-11,email,duvida_de_uso,alta,"3,56",8.895494637347817,4.0
TCK-02205,CLI-082,2026-04-11,email,cobranca,alta,"3,52",9.259935453591154,
TCK-02206,CLI-144,2026-04-11,chat,duvida_de_uso,baixa,"4,41",11.911022828498687,4.0
TCK-02207,CLI-025,2026-04-11,email,duvida_de_uso,alta,"3,79",8.487511634579977,3.0
TCK-02208,CLI-152,2026-04-11,email,bug,critica,"9,23",20.3631801459369,3.0
TCK-02209,CLI-043,2026-04-11,email,bug,baixa,"2,55",11.329636113730547,5.0
TCK-02210,CLI-025,2026-04-11,telefone,duvida_de_uso,baixa,"0,75",4.621520321583684,5.0
TCK-02211,CLI-126,2026-04-11,email,bug,alta,"3,97",10.191257660087441,4.0
TCK-02212,CLI-140,2026-04-11,chat,duvida_de_uso,media,"2,60",7.554025451311634,3.0
TCK-02213,CLI-109,2026-04-11,email,bug,baixa,"2,46",8.15343737067011,5.0
TCK-02214,CLI-021,2026-04-11,chat,duvida_de_uso,baixa,"3,02",6.014333678060572,4.0
TCK-02215,CLI-021,2026-04-11,email,cobranca,media,,7.15528980779673,5.0
TCK-02216,CLI-071,2026-04-11,email,duvida_de_uso,media,"5,13",13.714226662331212,5.0
TCK-02217,CLI-082,2026-04-11,chat,cobranca,alta,"0,89",3.6329462423990453,4.0
TCK-02218,CLI-180,2026-04-11,chat,bug,alta,"0,70",4.298521348086951,3.0
TCK-02219,CLI-052,2026-04-11,email,bug,alta,"4,24",9.801271597340309,4.0
TCK-02220,CLI-035,2026-04-11,email,cobranca,baixa,"1,07",5.371580412142126,5.0
TCK-02221,CLI-171,2026-04-11,email,cobranca,media,"0,50",3.9832452555858477,5.0
TCK-02222,CLI-028,2026-04-11,email,cobranca,media,"5,64",13.493606215383213,3.0
TCK-02223,CLI-005,2026-04-11,chat,cobranca,alta,"0,99",3.232149626256292,4.0
TCK-02224,CLI-077,2026-04-11,email,cobranca,critica,"6,06",13.19047425706543,4.0
TCK-02225,CLI-073,2026-04-11,chat,cobranca,media,"1,94",8.217246456230082,5.0
TCK-02226,CLI-112,2026-04-11,email,cobranca,critica,"4,24",9.831257891716923,4.0
TCK-02227,CLI-158,2026-04-11,chat,cobranca,baixa,"4,76",7.610859339965161,4.0
TCK-02228,CLI-168,2026-04-12,email,bug,media,"5,42",12.528371100620983,4.0
TCK-02229,CLI-053,2026-04-12,chat,bug,alta,"3,69",13.265305732731399,4.0
TCK-02230,CLI-177,2026-04-12,email,duvida_de_uso,media,"6,00",15.068416432327323,4.0
TCK-02231,CLI-114,2026-04-12,telefone,duvida_de_uso,critica,"2,27",6.217531078932074,3.0
TCK-02232,CLI-013,2026-04-12,chat,cobranca,baixa,,8.58777749669576,4.0
TCK-02233,CLI-169,2026-04-12,telefone,bug,alta,"1,84",7.331197395815433,
TCK-02234,CLI-025,2026-04-12,email,bug,baixa,"5,25",9.820368954360548,3.0
TCK-02235,CLI-106,2026-04-12,email,cobranca,baixa,,7.329438242237513,4.0
TCK-02236,CLI-143,2026-04-12,email,bug,media,"3,64",10.153037584456214,4.0
TCK-02237,CLI-045,2026-04-12,email,cobranca,critica,"11,36",25.845190058091028,3.0
TCK-02238,CLI-049,2026-04-12,chat,bug,media,"3,49",8.62572989592604,4.0
TCK-02239,CLI-086,2026-04-12,telefone,duvida_de_uso,media,"2,42",9.71385887158472,3.0
TCK-02240,CLI-160,2026-04-12,chat,duvida_de_uso,baixa,"0,53",2.8245000430711995,3.0
TCK-02241,CLI-041,2026-04-12,chat,bug,baixa,"2,61",2.611164558919847,5.0
TCK-02242,CLI-120,2026-04-12,email,bug,baixa,"1,01",5.934072751567963,5.0
TCK-02243,CLI-082,2026-04-12,email,bug,alta,"12,34",26.0182797749832,3.0
TCK-02244,CLI-021,2026-04-12,chat,bug,baixa,,8.124843964120537,3.0
TCK-02245,CLI-128,2026-04-12,email,bug,media,,17.370967766516543,4.0
TCK-02246,CLI-150,2026-04-12,email,cobranca,media,"1,23",5.506487322564079,5.0
TCK-02247,CLI-104,2026-04-12,telefone,bug,media,"5,71",12.89580092145543,
TCK-02248,CLI-032,2026-04-12,telefone,duvida_de_uso,media,"8,48",17.940756777372435,3.0
TCK-02249,CLI-029,2026-04-12,chat,bug,baixa,"3,63",8.843436402098204,3.0
TCK-02250,CLI-077,2026-04-12,email,elogio,media,"7,02",15.035526329544009,5.0
TCK-02251,CLI-092,2026-04-12,telefone,cobranca,alta,"5,35",9.90566020201213,4.0
TCK-02252,CLI-100,2026-04-12,email,elogio,baixa,"2,90",6.39132158709069,5.0
TCK-02253,CLI-044,2026-04-12,email,elogio,alta,"1,91",6.1864609033206435,5.0
TCK-02254,CLI-091,2026-04-12,email,bug,baixa,"2,18",3.5655596977024926,4.0
TCK-02255,CLI-054,2026-04-12,telefone,cobranca,critica,"12,53",22.54745582250983,3.0
TCK-02256,CLI-124,2026-04-12,telefone,bug,critica,"4,69",10.93327173041063,5.0
TCK-02257,CLI-144,2026-04-13,chat,cobranca,baixa,"5,42",12.56236081886712,4.0
TCK-02258,CLI-118,2026-04-13,email,duvida_de_uso,media,"2,54",7.1108673043792185,4.0
TCK-02259,CLI-001,2026-04-13,chat,duvida_de_uso,media,"4,04",6.700416307850374,3.0
TCK-02260,CLI-179,2026-04-13,email,elogio,alta,"1,79",8.548101394094008,5.0
TCK-02261,CLI-005,2026-04-13,telefone,cobranca,media,"3,31",6.800191086115994,
TCK-02262,CLI-180,2026-04-13,email,elogio,media,"2,79",6.79293492063863,5.0
TCK-02263,CLI-006,2026-04-13,email,bug,baixa,"11,59",21.97704143257056,3.0
TCK-02264,CLI-093,2026-04-13,chat,bug,baixa,"1,24",7.180417572506883,4.0
TCK-02265,CLI-020,2026-04-13,chat,bug,alta,"3,73",10.346943677799565,4.0
TCK-02266,CLI-018,2026-04-13,telefone,duvida_de_uso,media,"5,45",12.093231430655816,4.0
TCK-02267,CLI-124,2026-04-13,email,duvida_de_uso,alta,"1,34",4.605274545662863,4.0
TCK-02268,CLI-132,2026-04-13,telefone,bug,alta,,19.644942143688105,4.0
TCK-02269,CLI-022,2026-04-13,email,cobranca,media,"9,82",18.808298983793406,4.0
TCK-02270,CLI-176,2026-04-13,email,bug,media,"4,70",12.032212760646418,4.0
TCK-02271,CLI-058,2026-04-13,chat,cobranca,critica,"2,48",6.64682960445529,4.0
TCK-02272,CLI-058,2026-04-13,email,cobranca,alta,"0,73",5.098597034936039,5.0
TCK-02273,CLI-054,2026-04-13,chat,duvida_de_uso,alta,"0,70",4.982472962300605,
TCK-02274,CLI-084,2026-04-13,email,duvida_de_uso,critica,"3,24",7.938553740443076,5.0
TCK-02275,CLI-033,2026-04-13,email,bug,media,"1,84",3.233285006352938,5.0
TCK-02276,CLI-077,2026-04-13,chat,bug,alta,"4,45",10.631503638497852,4.0
TCK-02277,CLI-038,2026-04-13,email,cobranca,alta,"1,12",2.8348708675481187,5.0
TCK-02278,CLI-010,2026-04-14,chat,duvida_de_uso,baixa,"0,61",4.216326801101231,3.0
TCK-02279,CLI-067,2026-04-14,chat,bug,media,"3,50",8.911511561493363,3.0
TCK-02280,CLI-122,2026-04-14,email,elogio,media,"5,18",11.442489058260293,4.0
TCK-02281,CLI-138,2026-04-14,chat,cobranca,media,"2,67",5.868067662772184,4.0
TCK-02282,CLI-064,2026-04-14,email,cobranca,baixa,"6,75",16.92992391432248,
TCK-02283,CLI-059,2026-04-14,email,duvida_de_uso,alta,"2,37",6.586049861714748,5.0
TCK-02284,CLI-142,2026-04-14,email,elogio,alta,"2,89",11.736839464766145,4.0
TCK-02285,CLI-123,2026-04-14,telefone,bug,media,,12.167727852204253,5.0
TCK-02286,CLI-150,2026-04-14,chat,bug,baixa,"2,81",8.581913255444741,4.0
TCK-02287,CLI-164,2026-04-14,chat,cobranca,media,"1,19",5.1960956836888315,3.0
TCK-02288,CLI-148,2026-04-14,telefone,cobranca,baixa,"8,25",18.359410310677962,3.0
TCK-02289,CLI-169,2026-04-14,email,duvida_de_uso,media,"1,38",7.127635877241445,4.0
TCK-02290,CLI-075,2026-04-14,telefone,bug,media,,10.208079066896204,5.0
TCK-02291,CLI-072,2026-04-14,chat,bug,alta,"0,89",1.9465517944470951,4.0
TCK-02292,CLI-058,2026-04-14,telefone,cobranca,media,"16,10",33.26994604867434,2.0
TCK-02293,CLI-043,2026-04-14,telefone,cobranca,media,"4,22",11.347103879095503,4.0
TCK-02294,CLI-135,2026-04-14,telefone,bug,alta,"1,74",6.183011675909288,
TCK-02295,CLI-129,2026-04-14,email,bug,media,"2,81",10.621857622599101,5.0
TCK-02296,CLI-145,2026-04-14,chat,cobranca,alta,"3,01",11.040852499328121,4.0
TCK-02297,CLI-031,2026-04-14,telefone,cobranca,baixa,,17.627105644743406,4.0
TCK-02298,CLI-089,2026-04-14,chat,duvida_de_uso,media,"1,14",4.231271279547589,5.0
TCK-02299,CLI-040,2026-04-15,email,duvida_de_uso,baixa,"10,16",19.500919964136703,4.0
TCK-02300,CLI-161,2026-04-15,telefone,elogio,media,"4,10",11.515769106324612,4.0
TCK-02301,CLI-049,2026-04-15,email,bug,critica,"5,87",15.60261929539938,4.0
TCK-02302,CLI-026,2026-04-15,chat,duvida_de_uso,alta,"1,58",2.802369768039494,5.0
TCK-02303,CLI-103,2026-04-15,chat,duvida_de_uso,media,"3,17",10.337188486369799,4.0
TCK-02304,CLI-159,2026-04-15,email,duvida_de_uso,baixa,"2,48",7.076626000281243,4.0
TCK-02305,CLI-165,2026-04-15,chat,cobranca,critica,"1,76",3.45362499201304,5.0
TCK-02306,CLI-018,2026-04-15,email,duvida_de_uso,media,"7,57",17.32271680642638,3.0
TCK-02307,CLI-059,2026-04-15,chat,duvida_de_uso,baixa,"3,38",10.455033311411869,3.0
TCK-02308,CLI-028,2026-04-15,telefone,bug,critica,,8.185689751768033,5.0
TCK-02309,CLI-056,2026-04-15,email,cobranca,media,"7,28",14.524325797075004,3.0
TCK-02310,CLI-097,2026-04-15,chat,bug,media,"2,94",10.851466429925836,4.0
TCK-02311,CLI-051,2026-04-15,email,bug,baixa,"0,60",3.077847371103026,5.0
TCK-02312,CLI-013,2026-04-15,telefone,duvida_de_uso,baixa,"3,66",11.320519131318674,4.0
TCK-02313,CLI-092,2026-04-15,telefone,duvida_de_uso,alta,"7,45",14.143712740481941,4.0
TCK-02314,CLI-010,2026-04-15,email,elogio,media,"12,28",25.726037629252428,4.0
TCK-02315,CLI-041,2026-04-15,chat,cobranca,critica,"0,95",5.297616810770468,5.0
TCK-02316,CLI-001,2026-04-15,chat,cobranca,baixa,"4,27",11.998240290001347,4.0
TCK-02317,CLI-016,2026-04-15,chat,bug,media,"2,45",9.646375752980248,5.0
TCK-02318,CLI-079,2026-04-15,chat,duvida_de_uso,alta,"0,81",3.231662615728535,
TCK-02319,CLI-154,2026-04-15,chat,elogio,media,"0,87",5.354996434009424,4.0
TCK-02320,CLI-140,2026-04-15,chat,duvida_de_uso,media,"0,99",2.7267941635936093,5.0
TCK-02321,CLI-018,2026-04-16,email,cobranca,media,"0,97",2.6719158477850105,
TCK-02322,CLI-007,2026-04-16,email,duvida_de_uso,alta,"1,23",4.3465999547672665,5.0
TCK-02323,CLI-061,2026-04-16,telefone,bug,alta,"4,20",11.179779042341268,4.0
TCK-02324,CLI-118,2026-04-16,email,duvida_de_uso,media,"0,59",6.5685458817175455,5.0
TCK-02325,CLI-135,2026-04-16,chat,bug,media,"1,15",7.863468551768059,4.0
TCK-02326,CLI-149,2026-04-16,email,bug,media,"2,96",7.791788246183884,4.0
TCK-02327,CLI-062,2026-04-16,telefone,bug,media,"1,93",6.935437161185046,5.0
TCK-02328,CLI-031,2026-04-16,chat,bug,baixa,,5.5979794210137745,4.0
TCK-02329,CLI-005,2026-04-16,email,duvida_de_uso,critica,"3,98",11.313577422167059,5.0
TCK-02330,CLI-027,2026-04-16,email,cobranca,baixa,"1,90",6.160015698094352,5.0
TCK-02331,CLI-012,2026-04-16,email,duvida_de_uso,baixa,"2,03",6.7725672920155375,4.0
TCK-02332,CLI-155,2026-04-16,telefone,cobranca,media,"3,52",9.17845483367355,4.0
TCK-02333,CLI-049,2026-04-16,chat,duvida_de_uso,baixa,"3,71",9.370130703624657,4.0
TCK-02334,CLI-149,2026-04-16,chat,bug,baixa,"1,39",4.990924223757881,3.0
TCK-02335,CLI-100,2026-04-16,chat,bug,baixa,"1,45",5.435114041170472,4.0
TCK-02336,CLI-098,2026-04-16,email,elogio,baixa,,4.722610826236178,5.0
TCK-02337,CLI-082,2026-04-16,email,duvida_de_uso,media,"7,39",14.604892569597986,4.0
TCK-02338,CLI-148,2026-04-16,email,elogio,alta,"4,03",11.555469403363805,5.0
TCK-02339,CLI-008,2026-04-16,email,bug,media,"7,07",16.50224902960606,3.0
TCK-02340,CLI-017,2026-04-16,chat,cobranca,media,"4,72",14.319880559564025,2.0
TCK-02341,CLI-077,2026-04-16,telefone,cobranca,media,"2,29",7.677691695895346,4.0
TCK-02342,CLI-072,2026-04-16,telefone,elogio,media,"6,70",14.443190919775258,4.0
TCK-02343,CLI-099,2026-04-16,telefone,bug,media,"4,34",9.873517638812261,4.0
TCK-02344,CLI-133,2026-04-16,chat,elogio,media,"1,48",5.73698963713655,3.0
TCK-02345,CLI-106,2026-04-16,email,duvida_de_uso,media,"2,15",7.703693948162231,5.0
TCK-02346,CLI-047,2026-04-16,chat,cobranca,media,"2,37",6.897988160883724,5.0
TCK-02347,CLI-059,2026-04-16,telefone,duvida_de_uso,baixa,,9.226049973185926,4.0
TCK-02348,CLI-136,2026-04-16,chat,duvida_de_uso,alta,"0,25",2.348345968035008,4.0
TCK-02349,CLI-037,2026-04-16,chat,duvida_de_uso,critica,"1,66",6.020113040716373,4.0
TCK-02350,CLI-091,2026-04-16,chat,cobranca,alta,,9.011243324342347,3.0
TCK-02351,CLI-097,2026-04-16,chat,bug,baixa,"3,21",6.550487610257135,4.0
TCK-02352,CLI-136,2026-04-16,telefone,duvida_de_uso,alta,"3,50",9.703745493698452,5.0
TCK-02353,CLI-129,2026-04-17,chat,duvida_de_uso,media,"3,14",8.984998038844537,3.0
TCK-02354,CLI-084,2026-04-17,email,cobranca,baixa,"2,16",6.202528245478881,5.0
TCK-02355,CLI-056,2026-04-17,email,duvida_de_uso,critica,"5,14",11.36921922739831,4.0
TCK-02356,CLI-067,2026-04-17,chat,cobranca,alta,"2,79",6.909671203091106,4.0
TCK-02357,CLI-075,2026-04-17,email,duvida_de_uso,baixa,"7,79",17.230204866166634,5.0
TCK-02358,CLI-040,2026-04-17,telefone,cobranca,critica,"10,51",23.615053476325038,4.0
TCK-02359,CLI-113,2026-04-17,chat,cobranca,baixa,"4,75",13.350180733322166,3.0
TCK-02360,CLI-038,2026-04-17,chat,cobranca,media,"1,90",4.740939024355507,4.0
TCK-02361,CLI-117,2026-04-17,email,cobranca,baixa,"1,37",5.18108643446166,5.0
TCK-02362,CLI-136,2026-04-17,chat,duvida_de_uso,baixa,"1,15",1.7834654960835907,4.0
TCK-02363,CLI-174,2026-04-17,chat,bug,critica,"6,19",14.312162157840433,3.0
TCK-02364,CLI-022,2026-04-17,email,cobranca,media,"4,11",11.287315130698754,
TCK-02365,CLI-137,2026-04-17,telefone,bug,baixa,"4,78",13.957992995152575,5.0
TCK-02366,CLI-016,2026-04-17,email,bug,alta,"7,06",13.037222537114339,5.0
TCK-02367,CLI-061,2026-04-17,email,cobranca,alta,"3,92",8.425692804333334,5.0
TCK-02368,CLI-032,2026-04-17,email,duvida_de_uso,critica,"8,75",18.965685796258583,2.0
TCK-02369,CLI-030,2026-04-17,chat,duvida_de_uso,critica,"0,73",1.8831091622737572,3.0
TCK-02370,CLI-032,2026-04-17,chat,elogio,critica,"3,32",9.233177287678986,4.0
TCK-02371,CLI-008,2026-04-17,telefone,bug,media,"12,51",26.44597713702601,4.0
TCK-02372,CLI-149,2026-04-17,email,bug,media,"9,23",17.69433151778575,4.0
TCK-02373,CLI-012,2026-04-17,telefone,bug,critica,"9,60",20.476519153987223,
TCK-02374,CLI-072,2026-04-17,chat,bug,baixa,"0,66",2.367034073174218,5.0
TCK-02375,CLI-126,2026-04-17,email,cobranca,baixa,"4,59",13.318936818018315,5.0
TCK-02376,CLI-179,2026-04-17,email,cobranca,media,"3,56",9.71706904005314,5.0
TCK-02377,CLI-154,2026-04-18,email,duvida_de_uso,baixa,"1,91",5.477563052558873,4.0
TCK-02378,CLI-025,2026-04-18,telefone,bug,media,"4,64",9.49632295584001,4.0
TCK-02379,CLI-178,2026-04-18,email,duvida_de_uso,critica,"1,38",6.067981241556752,
TCK-02380,CLI-118,2026-04-18,chat,bug,media,"3,14",10.680909638029318,4.0
TCK-02381,CLI-033,2026-04-18,chat,cobranca,media,"1,07",3.7714398080276093,
TCK-02382,CLI-081,2026-04-18,telefone,duvida_de_uso,media,"5,04",11.409057018774249,4.0
TCK-02383,CLI-166,2026-04-18,chat,bug,alta,"1,19",4.021235865065412,
TCK-02384,CLI-071,2026-04-18,chat,cobranca,baixa,,8.605586249183856,5.0
TCK-02385,CLI-034,2026-04-18,email,cobranca,baixa,"2,81",5.189705835110388,4.0
TCK-02386,CLI-158,2026-04-18,telefone,bug,media,"3,50",11.235672740799584,4.0
TCK-02387,CLI-172,2026-04-18,email,duvida_de_uso,media,"3,78",9.242212174834844,4.0
TCK-02388,CLI-176,2026-04-18,email,duvida_de_uso,media,"2,82",7.963723022641267,
TCK-02389,CLI-173,2026-04-18,telefone,bug,media,"1,62",5.405877539246977,4.0
TCK-02390,CLI-158,2026-04-18,email,bug,baixa,"8,15",18.027258897147668,4.0
TCK-02391,CLI-082,2026-04-18,email,cobranca,alta,"3,91",8.936047617490887,4.0
TCK-02392,CLI-035,2026-04-19,chat,elogio,media,"2,83",9.683018084394586,4.0
TCK-02393,CLI-112,2026-04-19,email,duvida_de_uso,media,"2,82",9.721385377848712,3.0
TCK-02394,CLI-040,2026-04-19,email,duvida_de_uso,alta,"16,42",31.089269202349815,3.0
TCK-02395,CLI-086,2026-04-19,chat,duvida_de_uso,alta,"2,50",8.498807666185956,5.0
TCK-02396,CLI-119,2026-04-19,chat,duvida_de_uso,baixa,"5,06",11.574915438324368,4.0
TCK-02397,CLI-171,2026-04-19,chat,bug,alta,"1,84",6.392448589865961,4.0
TCK-02398,CLI-053,2026-04-19,email,duvida_de_uso,baixa,"5,69",15.533680625744555,5.0
TCK-02399,CLI-046,2026-04-19,chat,elogio,baixa,"2,04",5.654337961594076,5.0
TCK-02400,CLI-133,2026-04-19,telefone,cobranca,alta,"7,53",17.93580021737295,4.0
TCK-02401,CLI-002,2026-04-19,email,elogio,baixa,"2,58",8.333113177483446,5.0
TCK-02402,CLI-102,2026-04-19,email,bug,baixa,"1,45",5.320488996044441,
TCK-02403,CLI-135,2026-04-19,email,duvida_de_uso,alta,"4,71",12.023114739738356,5.0
TCK-02404,CLI-100,2026-04-19,chat,duvida_de_uso,alta,"4,73",11.877692549416947,3.0
TCK-02405,CLI-070,2026-04-19,email,bug,critica,"3,47",7.514844802296256,5.0
TCK-02406,CLI-150,2026-04-19,chat,bug,alta,"1,52",4.8176594939518385,4.0
TCK-02407,CLI-067,2026-04-19,telefone,cobranca,media,,3.616297643275647,5.0
TCK-02408,CLI-128,2026-04-19,email,cobranca,media,"7,95",16.896797486680658,4.0
TCK-02409,CLI-084,2026-04-19,chat,duvida_de_uso,media,"1,11",7.016892528158609,5.0
TCK-02410,CLI-005,2026-04-19,email,bug,alta,"2,79",8.888917275313574,5.0
TCK-02411,CLI-096,2026-04-19,email,duvida_de_uso,media,"2,74",5.778985691912167,5.0
TCK-02412,CLI-009,2026-04-20,chat,bug,baixa,"2,21",6.57548405406462,5.0
TCK-02413,CLI-168,2026-04-20,email,bug,baixa,"5,66",13.535833179678146,4.0
TCK-02414,CLI-109,2026-04-20,telefone,duvida_de_uso,alta,"13,36",28.161539663814644,4.0
TCK-02415,CLI-067,2026-04-20,chat,bug,baixa,,7.268113696051696,
TCK-02416,CLI-088,2026-04-20,email,elogio,media,"1,22",3.340314780253227,5.0
TCK-02417,CLI-112,2026-04-20,email,duvida_de_uso,alta,"3,55",9.304339570372042,5.0
TCK-02418,CLI-047,2026-04-20,email,bug,alta,"4,91",12.69027409311418,4.0
TCK-02419,CLI-052,2026-04-20,telefone,bug,media,"8,84",19.273040393947976,3.0
TCK-02420,CLI-076,2026-04-20,chat,cobranca,baixa,"4,90",10.486926810928775,3.0
TCK-02421,CLI-047,2026-04-20,email,bug,critica,"3,44",11.830438777302028,
TCK-02422,CLI-137,2026-04-20,chat,bug,media,"2,45",7.2584070253069415,
TCK-02423,CLI-019,2026-04-20,chat,duvida_de_uso,media,"2,71",8.17455080010512,4.0
TCK-02424,CLI-149,2026-04-20,chat,bug,critica,"2,46",6.427068035167196,3.0
TCK-02425,CLI-063,2026-04-20,email,duvida_de_uso,baixa,"3,54",11.03998179130565,4.0
TCK-02426,CLI-102,2026-04-20,email,duvida_de_uso,media,"10,71",23.128404028931723,3.0
TCK-02427,CLI-029,2026-04-20,email,bug,baixa,"2,18",7.39072538324065,4.0
TCK-02428,CLI-070,2026-04-20,email,cobranca,baixa,"7,21",14.246835132747428,4.0
TCK-02429,CLI-136,2026-04-20,chat,duvida_de_uso,media,"3,79",11.460863561069717,4.0
TCK-02430,CLI-049,2026-04-20,email,duvida_de_uso,alta,"3,44",10.3303728836685,4.0
TCK-02431,CLI-024,2026-04-20,email,bug,media,"2,06",8.230596719673374,5.0
TCK-02432,CLI-094,2026-04-20,email,duvida_de_uso,alta,"3,89",10.065604915086949,3.0
TCK-02433,CLI-030,2026-04-21,email,bug,alta,"5,83",13.382708378793039,5.0
TCK-02434,CLI-057,2026-04-21,telefone,duvida_de_uso,alta,"0,20",3.086860677379304,
TCK-02435,CLI-082,2026-04-21,chat,bug,baixa,"0,82",7.898871255330908,5.0
TCK-02436,CLI-102,2026-04-21,email,elogio,alta,,2.7344469588579763,5.0
TCK-02437,CLI-116,2026-04-21,chat,bug,baixa,"2,85",6.355399824021827,4.0
TCK-02438,CLI-122,2026-04-21,email,elogio,alta,"4,60",10.71620750823059,4.0
TCK-02439,CLI-152,2026-04-21,telefone,elogio,media,"1,52",4.936310271314469,4.0
TCK-02440,CLI-012,2026-04-21,chat,duvida_de_uso,alta,"1,15",6.968469710770527,
TCK-02441,CLI-066,2026-04-21,chat,bug,baixa,"2,65",5.730228816477304,4.0
TCK-02442,CLI-001,2026-04-21,telefone,duvida_de_uso,media,"0,86",3.714441380248533,
TCK-02443,CLI-002,2026-04-21,telefone,elogio,baixa,"6,08",14.232672336606312,4.0
TCK-02444,CLI-039,2026-04-21,telefone,duvida_de_uso,baixa,,10.564881863772092,4.0
TCK-02445,CLI-108,2026-04-21,email,duvida_de_uso,media,"3,70",10.727167941190126,4.0
TCK-02446,CLI-162,2026-04-21,email,bug,media,"3,94",12.524588857486586,4.0
TCK-02447,CLI-140,2026-04-21,chat,cobranca,alta,"0,75",4.860779240111356,4.0
TCK-02448,CLI-117,2026-04-21,chat,bug,alta,"2,37",6.969211355901674,4.0
TCK-02449,CLI-141,2026-04-21,chat,bug,media,"3,35",10.310496978465705,4.0
TCK-02450,CLI-031,2026-04-21,chat,bug,alta,"1,26",3.209974458893277,4.0
TCK-02451,CLI-152,2026-04-21,email,duvida_de_uso,alta,"1,90",3.8486730097552053,
TCK-02452,CLI-161,2026-04-21,email,cobranca,critica,"12,81",27.53065677648288,3.0
TCK-02453,CLI-018,2026-04-21,chat,cobranca,baixa,"1,04",5.18316172580512,
TCK-02454,CLI-085,2026-04-21,email,bug,media,,9.254635378524465,5.0
TCK-02455,CLI-150,2026-04-21,chat,duvida_de_uso,alta,"5,67",11.933212411914841,4.0
TCK-02456,CLI-086,2026-04-22,chat,cobranca,baixa,"0,48",5.7943602584352885,4.0
TCK-02457,CLI-152,2026-04-22,chat,duvida_de_uso,baixa,"2,02",7.6457114593424516,4.0
TCK-02458,CLI-169,2026-04-22,chat,bug,baixa,"3,30",8.889945329015148,4.0
TCK-02459,CLI-086,2026-04-22,chat,duvida_de_uso,media,"2,12",7.129142456784088,3.0
TCK-02460,CLI-011,2026-04-22,chat,duvida_de_uso,media,,4.251056353919002,4.0
TCK-02461,CLI-062,2026-04-22,email,elogio,alta,"1,37",4.1785251160843355,5.0
TCK-02462,CLI-039,2026-04-22,chat,cobranca,media,"0,34",3.030827697983474,4.0
TCK-02463,CLI-086,2026-04-22,chat,bug,alta,"1,92",6.949164105484254,4.0
TCK-02464,CLI-106,2026-04-22,email,cobranca,baixa,"4,92",11.219261517440989,4.0
TCK-02465,CLI-084,2026-04-22,chat,bug,alta,"1,25",3.04100493971647,5.0
TCK-02466,CLI-036,2026-04-22,telefone,cobranca,alta,"2,83",8.537689651278049,3.0
TCK-02467,CLI-055,2026-04-22,email,duvida_de_uso,baixa,"2,82",9.32752054904294,5.0
TCK-02468,CLI-123,2026-04-22,chat,bug,baixa,,13.706791882082339,4.0
TCK-02469,CLI-005,2026-04-22,telefone,duvida_de_uso,media,,11.652507777951406,4.0
TCK-02470,CLI-039,2026-04-22,telefone,bug,critica,"3,95",11.331235646328741,3.0
TCK-02471,CLI-161,2026-04-22,email,bug,media,"7,53",18.026551304286155,4.0
TCK-02472,CLI-018,2026-04-22,chat,duvida_de_uso,baixa,"0,61",4.224737226981146,3.0
TCK-02473,CLI-075,2026-04-22,telefone,cobranca,baixa,"4,32",7.598602680522711,5.0
TCK-02474,CLI-038,2026-04-22,chat,cobranca,baixa,"1,43",7.311182581519247,5.0
TCK-02475,CLI-019,2026-04-22,email,duvida_de_uso,media,"9,22",18.25795703580784,3.0
TCK-02476,CLI-077,2026-04-22,email,bug,alta,"7,57",14.92453231444848,4.0
TCK-02477,CLI-094,2026-04-22,chat,duvida_de_uso,media,"1,43",3.9143643534222443,4.0
TCK-02478,CLI-032,2026-04-22,email,duvida_de_uso,alta,"2,97",12.072776104098859,3.0
TCK-02479,CLI-015,2026-04-23,email,bug,baixa,"1,64",6.606520631009657,
TCK-02480,CLI-025,2026-04-23,email,cobranca,media,"6,76",13.5982462701417,4.0
TCK-02481,CLI-118,2026-04-23,chat,elogio,alta,"3,46",8.194800151865262,4.0
TCK-02482,CLI-155,2026-04-23,chat,bug,alta,"1,86",6.348229724761475,3.0
TCK-02483,CLI-033,2026-04-23,telefone,cobranca,alta,"3,07",9.348182599366424,5.0
TCK-02484,CLI-058,2026-04-23,chat,duvida_de_uso,baixa,"1,53",6.166321316477114,5.0
TCK-02485,CLI-062,2026-04-23,telefone,bug,media,"8,84",17.51455692569196,4.0
TCK-02486,CLI-065,2026-04-23,telefone,duvida_de_uso,alta,"3,32",9.45254171360141,4.0
TCK-02487,CLI-044,2026-04-23,email,bug,baixa,"2,63",6.809630822829875,5.0
TCK-02488,CLI-010,2026-04-23,chat,bug,alta,"3,78",11.37246500331841,4.0
TCK-02489,CLI-095,2026-04-23,email,elogio,media,"0,27",3.573501883051745,5.0
TCK-02490,CLI-065,2026-04-23,telefone,duvida_de_uso,baixa,"2,93",7.133219023364489,5.0
TCK-02491,CLI-062,2026-04-23,email,bug,alta,"6,91",16.47649908420027,4.0
TCK-02492,CLI-048,2026-04-23,chat,duvida_de_uso,alta,"6,13",14.604552089157446,3.0
TCK-02493,CLI-168,2026-04-23,telefone,elogio,alta,"2,16",6.16941137604068,
TCK-02494,CLI-110,2026-04-23,email,duvida_de_uso,alta,"5,29",13.624128869484888,4.0
TCK-02495,CLI-076,2026-04-23,telefone,elogio,baixa,"2,14",7.804505975019776,5.0
TCK-02496,CLI-037,2026-04-23,email,cobranca,media,"13,54",29.178839068956826,2.0
TCK-02497,CLI-145,2026-04-23,email,bug,critica,"4,13",11.50000770491365,4.0
TCK-02498,CLI-160,2026-04-24,chat,cobranca,baixa,"3,44",8.866998138489713,4.0
TCK-02499,CLI-006,2026-04-24,email,cobranca,media,,1.1120951087864261,
TCK-02500,CLI-168,2026-04-24,chat,cobranca,critica,"1,51",6.002250822090786,
TCK-02501,CLI-126,2026-04-24,telefone,duvida_de_uso,baixa,"6,32",14.889534454652978,5.0
TCK-02502,CLI-018,2026-04-24,email,bug,critica,"1,01",4.903183224729017,5.0
TCK-02503,CLI-136,2026-04-24,chat,bug,media,"2,47",2.9362450586993063,4.0
TCK-02504,CLI-020,2026-04-24,telefone,duvida_de_uso,alta,"10,53",22.964131685095158,
TCK-02505,CLI-010,2026-04-24,chat,cobranca,media,"3,94",8.724628700215986,4.0
TCK-02506,CLI-021,2026-04-24,email,cobranca,alta,"5,43",13.80313072347451,4.0
TCK-02507,CLI-083,2026-04-24,telefone,duvida_de_uso,alta,"2,64",10.311945399584634,4.0
TCK-02508,CLI-112,2026-04-24,email,bug,baixa,"1,30",4.961363462122791,5.0
TCK-02509,CLI-074,2026-04-24,chat,bug,media,"2,11",7.453125053593273,5.0
TCK-02510,CLI-022,2026-04-24,chat,cobranca,critica,"3,54",9.418471662860721,4.0
TCK-02511,CLI-036,2026-04-24,chat,duvida_de_uso,critica,"0,98",5.555825791467628,4.0
TCK-02512,CLI-154,2026-04-24,email,cobranca,critica,"6,53",14.902220838426269,4.0
TCK-02513,CLI-174,2026-04-24,email,bug,media,"4,29",9.953276408536412,3.0
TCK-02514,CLI-136,2026-04-24,chat,duvida_de_uso,media,"1,14",3.6972926283362773,4.0
TCK-02515,CLI-019,2026-04-24,email,elogio,media,"0,77",6.770306943172128,5.0
TCK-02516,CLI-148,2026-04-24,chat,bug,media,"0,60",4.733479395345284,4.0
TCK-02517,CLI-125,2026-04-24,chat,bug,media,"2,05",7.930302347739321,3.0
TCK-02518,CLI-095,2026-04-24,chat,cobranca,baixa,"4,83",12.291792166741185,3.0
TCK-02519,CLI-026,2026-04-24,email,duvida_de_uso,baixa,"1,93",7.931678343889222,5.0
TCK-02520,CLI-180,2026-04-24,email,elogio,media,"8,79",17.469344241833966,5.0
TCK-02521,CLI-080,2026-04-24,telefone,elogio,media,"0,67",4.333457941632714,5.0
TCK-02522,CLI-008,2026-04-24,email,cobranca,media,"3,87",10.721612051399497,4.0
TCK-02523,CLI-038,2026-04-24,email,bug,baixa,"3,58",11.380202439651576,4.0
TCK-02524,CLI-073,2026-04-24,email,duvida_de_uso,alta,"4,95",15.920097582315968,5.0
TCK-02525,CLI-012,2026-04-24,email,cobranca,critica,"4,24",11.246027022895696,4.0
TCK-02526,CLI-059,2026-04-24,telefone,duvida_de_uso,media,"2,62",6.718762702197306,5.0
TCK-02527,CLI-085,2026-04-25,email,elogio,critica,"2,63",5.94685673512309,5.0
TCK-02528,CLI-171,2026-04-25,email,cobranca,alta,"7,05",14.337368577530528,3.0
TCK-02529,CLI-016,2026-04-25,chat,bug,baixa,"2,42",6.186598486723006,5.0
TCK-02530,CLI-104,2026-04-25,email,duvida_de_uso,baixa,"0,33",0.5,
TCK-02531,CLI-165,2026-04-25,email,cobranca,baixa,"2,83",7.087706144023013,3.0
TCK-02532,CLI-146,2026-04-25,telefone,bug,baixa,"3,04",9.545742339741553,4.0
TCK-02533,CLI-167,2026-04-25,chat,bug,media,"1,82",6.38075478508552,4.0
TCK-02534,CLI-031,2026-04-25,email,cobranca,baixa,"6,35",14.049334078745858,4.0
TCK-02535,CLI-145,2026-04-25,email,bug,critica,"2,31",4.722846505566463,4.0
TCK-02536,CLI-177,2026-04-25,email,bug,media,"4,51",12.690730388224452,4.0
TCK-02537,CLI-059,2026-04-25,email,cobranca,media,"10,65",22.93413985759045,3.0
TCK-02538,CLI-090,2026-04-25,chat,cobranca,critica,"4,85",11.716279617226943,4.0
TCK-02539,CLI-096,2026-04-25,chat,duvida_de_uso,critica,"1,28",2.0045932198829766,4.0
TCK-02540,CLI-089,2026-04-25,chat,elogio,alta,"2,47",6.706327255738874,4.0
TCK-02541,CLI-053,2026-04-25,telefone,elogio,alta,"0,20",4.010577577536515,5.0
TCK-02542,CLI-175,2026-04-25,email,duvida_de_uso,critica,"5,66",13.153028501409477,4.0
TCK-02543,CLI-173,2026-04-25,telefone,bug,media,"1,21",5.46768199560573,5.0
TCK-02544,CLI-069,2026-04-25,chat,cobranca,alta,"2,22",8.016778505035827,4.0
TCK-02545,CLI-145,2026-04-25,email,bug,baixa,,9.209362968717082,4.0
TCK-02546,CLI-072,2026-04-25,telefone,cobranca,media,"7,81",18.024486726062108,
TCK-02547,CLI-144,2026-04-25,email,duvida_de_uso,media,"4,53",9.896265906313953,
TCK-02548,CLI-106,2026-04-25,chat,duvida_de_uso,baixa,,4.731068802338193,5.0
TCK-02549,CLI-085,2026-04-25,chat,duvida_de_uso,baixa,"3,56",10.132769894082053,3.0
TCK-02550,CLI-024,2026-04-25,email,duvida_de_uso,baixa,"8,68",19.647971424603476,4.0
TCK-02551,CLI-118,2026-04-25,telefone,elogio,baixa,,4.184418618799331,5.0
TCK-02552,CLI-058,2026-04-25,email,bug,baixa,"2,24",7.237126332185822,4.0
TCK-02553,CLI-040,2026-04-26,telefone,elogio,media,,22.053907890447444,3.0
TCK-02554,CLI-035,2026-04-26,email,bug,alta,"14,43",29.296287172963094,2.0
TCK-02555,CLI-177,2026-04-26,email,cobranca,media,"1,89",6.9733909008086945,5.0
TCK-02556,CLI-019,2026-04-26,email,elogio,alta,"6,97",16.201740957943496,4.0
TCK-02557,CLI-144,2026-04-26,telefone,duvida_de_uso,baixa,"1,89",10.306758743918682,5.0
TCK-02558,CLI-156,2026-04-26,email,bug,alta,"1,44",4.2195438521433974,5.0
TCK-02559,CLI-006,2026-04-26,telefone,cobranca,baixa,"3,40",13.965764793581858,
TCK-02560,CLI-107,2026-04-26,email,cobranca,media,"7,54",14.692251638806171,4.0
TCK-02561,CLI-104,2026-04-26,chat,bug,media,"1,85",6.900036673471024,4.0
TCK-02562,CLI-065,2026-04-26,email,duvida_de_uso,critica,"7,47",14.660419173054631,4.0
TCK-02563,CLI-121,2026-04-26,email,cobranca,critica,"7,96",17.78844927917523,
TCK-02564,CLI-074,2026-04-26,telefone,bug,alta,"2,54",9.04580809613348,
TCK-02565,CLI-080,2026-04-26,email,duvida_de_uso,alta,"2,48",7.511245344202904,5.0
TCK-02566,CLI-078,2026-04-26,chat,duvida_de_uso,media,"1,88",7.852550185170015,4.0
TCK-02567,CLI-145,2026-04-26,chat,bug,alta,"2,28",6.467822442652931,4.0
TCK-02568,CLI-114,2026-04-26,chat,cobranca,baixa,,3.6570732669014974,3.0
TCK-02569,CLI-069,2026-04-26,chat,bug,baixa,"2,44",8.33880618330659,3.0
TCK-02570,CLI-167,2026-04-26,telefone,elogio,critica,"2,70",7.898887366020902,5.0
TCK-02571,CLI-145,2026-04-26,chat,duvida_de_uso,critica,"0,79",3.7069656466855445,4.0
TCK-02572,CLI-168,2026-04-26,chat,duvida_de_uso,media,"7,54",15.953101625196751,2.0
TCK-02573,CLI-132,2026-04-26,chat,duvida_de_uso,baixa,"1,35",6.031652270350986,4.0
TCK-02574,CLI-071,2026-04-26,chat,duvida_de_uso,baixa,"0,45",2.580227638689467,
TCK-02575,CLI-140,2026-04-26,email,cobranca,media,"6,27",14.854648138598224,4.0
TCK-02576,CLI-060,2026-04-26,chat,cobranca,baixa,"0,94",6.471022855549024,5.0
TCK-02577,CLI-049,2026-04-27,email,cobranca,media,"5,84",16.5984047693117,4.0
TCK-02578,CLI-082,2026-04-27,chat,duvida_de_uso,baixa,"1,29",7.437644006322515,5.0
TCK-02579,CLI-175,2026-04-27,telefone,bug,baixa,"14,18",28.762276642915747,
TCK-02580,CLI-103,2026-04-27,telefone,bug,baixa,"9,62",20.70152782704855,5.0
TCK-02581,CLI-070,2026-04-27,telefone,cobranca,alta,"3,25",8.256887455242738,
TCK-02582,CLI-084,2026-04-27,chat,duvida_de_uso,media,"3,26",8.174919440004604,4.0
TCK-02583,CLI-053,2026-04-27,chat,duvida_de_uso,media,"2,80",9.356090106694158,
TCK-02584,CLI-119,2026-04-27,email,duvida_de_uso,alta,"2,09",6.30335791179353,5.0
TCK-02585,CLI-064,2026-04-27,chat,duvida_de_uso,alta,"3,67",10.154010217214887,3.0
TCK-02586,CLI-100,2026-04-27,email,cobranca,media,,8.84225548494005,5.0
TCK-02587,CLI-067,2026-04-27,email,duvida_de_uso,alta,"4,49",13.128980404909711,4.0
TCK-02588,CLI-058,2026-04-27,telefone,elogio,baixa,"5,76",12.890548386105078,4.0
TCK-02589,CLI-175,2026-04-27,telefone,bug,media,"3,53",10.984373864642654,4.0
TCK-02590,CLI-063,2026-04-27,chat,duvida_de_uso,media,"1,12",3.9605494700591337,3.0
TCK-02591,CLI-013,2026-04-27,email,bug,critica,"5,44",11.654680501189583,4.0
TCK-02592,CLI-069,2026-04-27,chat,cobranca,critica,"3,90",12.010157253282994,5.0
TCK-02593,CLI-096,2026-04-27,email,duvida_de_uso,alta,"6,52",13.800275595835286,
TCK-02594,CLI-018,2026-04-27,telefone,duvida_de_uso,critica,"6,62",12.563435745319975,5.0
TCK-02595,CLI-056,2026-04-28,telefone,cobranca,baixa,"4,95",10.35899082411528,4.0
TCK-02596,CLI-030,2026-04-28,email,duvida_de_uso,alta,"0,79",5.706740298605355,4.0
TCK-02597,CLI-091,2026-04-28,email,bug,baixa,"14,60",30.424627546202938,3.0
TCK-02598,CLI-131,2026-04-28,email,duvida_de_uso,baixa,"6,46",13.492908300630951,4.0
TCK-02599,CLI-175,2026-04-28,email,bug,media,"2,82",7.133161620972941,5.0
TCK-02600,CLI-071,2026-04-28,email,cobranca,alta,"7,14",16.869491528804883,4.0
TCK-02601,CLI-156,2026-04-28,email,cobranca,alta,"1,40",7.500713215446173,5.0
TCK-02602,CLI-039,2026-04-28,email,cobranca,alta,"5,86",13.452379403397824,4.0
TCK-02603,CLI-141,2026-04-28,email,cobranca,media,"3,06",9.344725614147748,4.0
TCK-02604,CLI-102,2026-04-28,email,cobranca,critica,"1,48",6.970951752842788,4.0
TCK-02605,CLI-137,2026-04-28,chat,duvida_de_uso,alta,,7.801598809323521,5.0
TCK-02606,CLI-136,2026-04-28,email,bug,alta,"5,23",10.676771287168716,4.0
TCK-02607,CLI-096,2026-04-28,telefone,duvida_de_uso,baixa,"5,68",12.22947119753972,4.0
TCK-02608,CLI-047,2026-04-28,email,elogio,media,"1,76",5.408073079275807,5.0
TCK-02609,CLI-095,2026-04-28,email,elogio,alta,"3,10",9.816855927645863,5.0
TCK-02610,CLI-149,2026-04-29,email,cobranca,critica,"4,86",11.370124154394095,4.0
TCK-02611,CLI-175,2026-04-29,chat,bug,baixa,"1,50",6.165149522356541,4.0
TCK-02612,CLI-167,2026-04-29,email,bug,media,"13,01",26.606349058954684,3.0
TCK-02613,CLI-033,2026-04-29,chat,cobranca,media,"3,17",8.700116829153204,
TCK-02614,CLI-108,2026-04-29,email,bug,baixa,,9.525760571397193,4.0
TCK-02615,CLI-019,2026-04-29,telefone,duvida_de_uso,alta,"7,90",18.763191975977318,
TCK-02616,CLI-121,2026-04-29,email,duvida_de_uso,baixa,"5,60",11.617176928988684,5.0
TCK-02617,CLI-179,2026-04-29,email,bug,media,"4,89",11.583503433195268,4.0
TCK-02618,CLI-010,2026-04-29,telefone,cobranca,alta,"5,35",10.801164832695404,5.0
TCK-02619,CLI-119,2026-04-30,email,elogio,media,"6,58",15.182249682609582,
TCK-02620,CLI-171,2026-04-30,email,cobranca,baixa,"2,31",6.859553779171488,4.0
TCK-02621,CLI-153,2026-04-30,telefone,duvida_de_uso,media,,5.662445847926728,5.0
TCK-02622,CLI-071,2026-04-30,email,duvida_de_uso,media,"8,35",18.028377074823272,4.0
TCK-02623,CLI-019,2026-04-30,email,elogio,critica,"4,06",9.64018483266297,4.0
TCK-02624,CLI-167,2026-04-30,email,duvida_de_uso,alta,"2,68",7.455436802181443,5.0
TCK-02625,CLI-166,2026-04-30,email,duvida_de_uso,critica,"1,86",8.932874185689485,5.0
TCK-02626,CLI-105,2026-04-30,telefone,cobranca,baixa,"1,65",3.6164667320239916,5.0
TCK-02627,CLI-177,2026-04-30,chat,bug,alta,"2,63",6.798828915569558,5.0
TCK-02628,CLI-001,2026-04-30,chat,bug,media,"2,26",7.128839857384005,4.0
TCK-02629,CLI-111,2026-04-30,email,cobranca,alta,"7,97",16.390599759166836,4.0
TCK-02630,CLI-007,2026-04-30,chat,duvida_de_uso,media,"3,47",9.98081773545715,4.0
TCK-02631,CLI-169,2026-04-30,chat,bug,baixa,"3,90",9.934749518071841,4.0
TCK-02632,CLI-123,2026-04-30,email,bug,baixa,"7,69",17.225774890905427,
TCK-02633,CLI-165,2026-04-30,telefone,elogio,alta,"4,56",11.387553125338185,4.0
TCK-02634,CLI-102,2026-04-30,chat,duvida_de_uso,alta,"6,29",14.168763159996221,3.0
TCK-02635,CLI-015,2026-04-30,chat,duvida_de_uso,baixa,"1,32",3.4466326536151084,
TCK-02636,CLI-005,2026-04-30,email,bug,media,,16.911168518158206,4.0
TCK-02637,CLI-061,2026-04-30,email,elogio,alta,"0,58",1.396730289191371,5.0
TCK-02638,CLI-134,2026-05-01,chat,cobranca,media,"0,37",2.655116273063234,4.0
TCK-02639,CLI-028,2026-05-01,chat,duvida_de_uso,media,"0,82",5.211699379971445,5.0
TCK-02640,CLI-154,2026-05-01,email,bug,alta,"3,55",11.172766851186122,
TCK-02641,CLI-044,2026-05-01,email,cobranca,media,"0,51",7.437354132207411,4.0
TCK-02642,CLI-090,2026-05-01,telefone,cobranca,alta,"3,46",8.58334690935112,4.0
TCK-02643,CLI-037,2026-05-01,email,cobranca,alta,"2,81",6.75711800413022,5.0
TCK-02644,CLI-084,2026-05-01,email,elogio,alta,"13,77",28.563031154278324,2.0
TCK-02645,CLI-082,2026-05-01,chat,duvida_de_uso,baixa,"0,63",6.936680208513726,3.0
TCK-02646,CLI-001,2026-05-01,email,bug,critica,"4,25",12.943072214885834,3.0
TCK-02647,CLI-103,2026-05-01,email,duvida_de_uso,baixa,"5,69",11.687600713319398,4.0
TCK-02648,CLI-142,2026-05-01,email,cobranca,alta,"10,02",20.819091835653783,2.0
TCK-02649,CLI-169,2026-05-01,telefone,bug,alta,"6,40",15.79036984912097,4.0
TCK-02650,CLI-060,2026-05-01,email,bug,alta,"8,42",19.537321204742685,3.0
TCK-02651,CLI-159,2026-05-01,chat,cobranca,media,"2,82",8.959842180850693,3.0
TCK-02652,CLI-159,2026-05-01,telefone,duvida_de_uso,baixa,"2,02",5.954676154301117,4.0
TCK-02653,CLI-178,2026-05-01,chat,cobranca,media,"0,56",4.887706306337382,4.0
TCK-02654,CLI-068,2026-05-01,chat,bug,media,,11.74521252015991,3.0
TCK-02655,CLI-154,2026-05-01,chat,bug,baixa,"1,62",4.5158680294703695,4.0
TCK-02656,CLI-102,2026-05-01,email,bug,baixa,"0,42",5.745959195335684,5.0
TCK-02657,CLI-011,2026-05-01,chat,cobranca,critica,"1,75",7.6413614243254475,4.0
TCK-02658,CLI-049,2026-05-01,telefone,cobranca,media,"3,75",8.64260098917785,5.0
TCK-02659,CLI-121,2026-05-01,chat,duvida_de_uso,media,"5,57",14.406970200707258,4.0
TCK-02660,CLI-029,2026-05-02,email,duvida_de_uso,baixa,"3,13",9.845996980252846,4.0
TCK-02661,CLI-079,2026-05-02,email,bug,media,"3,78",11.073571267293916,5.0
TCK-02662,CLI-140,2026-05-02,telefone,cobranca,media,"3,82",12.245257433309241,5.0
TCK-02663,CLI-027,2026-05-02,email,elogio,alta,"7,46",16.412627686657718,4.0
TCK-02664,CLI-090,2026-05-02,telefone,cobranca,media,"2,06",7.212597487448514,4.0
TCK-02665,CLI-039,2026-05-02,email,bug,baixa,"5,15",8.318976234927336,5.0
TCK-02666,CLI-097,2026-05-02,chat,duvida_de_uso,media,"1,50",7.373420981712204,3.0
TCK-02667,CLI-044,2026-05-02,telefone,bug,baixa,"9,13",20.967722333641728,4.0
TCK-02668,CLI-174,2026-05-02,chat,bug,alta,"6,35",16.455805699609467,4.0
TCK-02669,CLI-014,2026-05-02,email,bug,baixa,"4,26",9.26617295689482,4.0
TCK-02670,CLI-174,2026-05-02,telefone,bug,baixa,"4,89",13.24707595013384,4.0
TCK-02671,CLI-143,2026-05-02,email,bug,media,"3,18",10.26072919483778,4.0
TCK-02672,CLI-155,2026-05-02,email,cobranca,baixa,"0,61",3.123742003950661,5.0
TCK-02673,CLI-154,2026-05-02,chat,bug,media,"2,31",8.740591806775043,5.0
TCK-02674,CLI-034,2026-05-02,email,cobranca,media,"3,58",10.138688088280704,4.0
TCK-02675,CLI-168,2026-05-02,chat,elogio,critica,"1,72",3.54380107595937,5.0
TCK-02676,CLI-107,2026-05-02,email,duvida_de_uso,baixa,"3,14",9.521616020797508,4.0
TCK-02677,CLI-174,2026-05-02,email,duvida_de_uso,media,,11.216503016785717,5.0
TCK-02678,CLI-159,2026-05-02,telefone,cobranca,alta,"4,90",9.305447416230283,5.0
TCK-02679,CLI-105,2026-05-02,email,bug,baixa,"3,20",9.315874197819351,5.0
TCK-02680,CLI-068,2026-05-02,chat,duvida_de_uso,media,"5,82",13.371909788132365,4.0
TCK-02681,CLI-022,2026-05-02,chat,duvida_de_uso,alta,"0,30",5.650506207577184,3.0
TCK-02682,CLI-019,2026-05-02,telefone,cobranca,alta,"2,15",7.149636507050126,5.0
TCK-02683,CLI-071,2026-05-03,chat,cobranca,critica,"4,08",11.51109511943579,3.0
TCK-02684,CLI-146,2026-05-03,telefone,cobranca,alta,"0,73",5.078608340790816,5.0
TCK-02685,CLI-091,2026-05-03,email,cobranca,media,,5.418263922243487,5.0
TCK-02686,CLI-087,2026-05-03,email,duvida_de_uso,critica,"2,13",5.505434912439796,4.0
TCK-02687,CLI-045,2026-05-03,telefone,cobranca,baixa,"3,62",9.809318282477689,3.0
TCK-02688,CLI-102,2026-05-03,telefone,cobranca,media,"2,58",7.4267821200564335,5.0
TCK-02689,CLI-115,2026-05-03,chat,duvida_de_uso,alta,,8.71467562356339,
TCK-02690,CLI-177,2026-05-03,chat,elogio,alta,"0,33",3.9741710643211947,4.0
TCK-02691,CLI-132,2026-05-03,chat,cobranca,critica,"1,17",4.180903519845358,5.0
TCK-02692,CLI-110,2026-05-03,email,duvida_de_uso,baixa,"6,07",13.410658885680153,4.0
TCK-02693,CLI-164,2026-05-03,telefone,bug,alta,"5,17",14.784528117068767,4.0
TCK-02694,CLI-077,2026-05-03,telefone,bug,baixa,"2,28",4.571239022787996,5.0
TCK-02695,CLI-169,2026-05-03,chat,cobranca,alta,"2,49",8.553291774158556,5.0
TCK-02696,CLI-067,2026-05-03,email,bug,alta,"3,56",11.268256055238625,5.0
TCK-02697,CLI-024,2026-05-03,email,duvida_de_uso,baixa,"3,64",10.420536788358875,4.0
TCK-02698,CLI-076,2026-05-03,email,duvida_de_uso,alta,"4,65",14.323576633166416,4.0
TCK-02699,CLI-024,2026-05-03,chat,cobranca,media,"6,60",16.29242905160298,3.0
TCK-02700,CLI-022,2026-05-03,chat,cobranca,media,"6,70",15.63659394349446,3.0
TCK-02701,CLI-159,2026-05-03,email,cobranca,critica,"0,75",3.647431084508792,5.0
TCK-02702,CLI-144,2026-05-03,chat,duvida_de_uso,alta,"1,84",6.911531455427086,5.0
TCK-02703,CLI-040,2026-05-03,telefone,bug,media,,6.3670510452337705,4.0
TCK-02704,CLI-151,2026-05-03,email,cobranca,baixa,"4,94",11.90092632670841,4.0
TCK-02705,CLI-013,2026-05-03,chat,bug,baixa,"1,92",5.342568106894751,3.0
TCK-02706,CLI-052,2026-05-03,chat,duvida_de_uso,baixa,"4,60",9.471591443476727,4.0
TCK-02707,CLI-128,2026-05-03,email,elogio,media,"3,76",10.047256606531523,4.0
TCK-02708,CLI-055,2026-05-04,chat,duvida_de_uso,media,"5,99",11.55787076487589,4.0
TCK-02709,CLI-132,2026-05-04,chat,duvida_de_uso,media,"6,88",14.675727180753668,2.0
TCK-02710,CLI-158,2026-05-04,email,cobranca,alta,"9,73",16.87022004766066,3.0
TCK-02711,CLI-012,2026-05-04,email,cobranca,baixa,"0,34",4.869411443918699,4.0
TCK-02712,CLI-005,2026-05-04,telefone,duvida_de_uso,media,"4,61",13.027588063751054,4.0
TCK-02713,CLI-170,2026-05-04,email,duvida_de_uso,critica,"2,84",8.234254257049201,4.0
TCK-02714,CLI-094,2026-05-04,chat,bug,baixa,"1,92",9.208356083954582,
TCK-02715,CLI-092,2026-05-04,chat,duvida_de_uso,alta,"4,08",12.366344198054758,3.0
TCK-02716,CLI-084,2026-05-04,telefone,bug,baixa,"3,00",9.126811985126185,5.0
TCK-02717,CLI-079,2026-05-04,chat,duvida_de_uso,media,"2,37",7.088939500331898,5.0
TCK-02718,CLI-125,2026-05-04,telefone,cobranca,alta,"4,11",9.879501654843073,
TCK-02719,CLI-105,2026-05-04,chat,bug,baixa,"0,30",4.388505269333082,4.0
TCK-02720,CLI-030,2026-05-04,email,duvida_de_uso,media,"2,65",7.5559489389491326,5.0
TCK-02721,CLI-113,2026-05-04,email,bug,alta,"8,04",18.293237747611972,3.0
TCK-02722,CLI-121,2026-05-04,email,bug,baixa,"0,41",4.6724273295519545,
TCK-02723,CLI-021,2026-05-05,email,bug,alta,"5,63",12.78292067374457,4.0
TCK-02724,CLI-068,2026-05-05,email,bug,media,"1,77",7.828117141393081,4.0
TCK-02725,CLI-143,2026-05-05,email,elogio,baixa,,7.677611943312364,5.0
TCK-02726,CLI-112,2026-05-05,email,elogio,alta,"6,43",14.602508288689023,5.0
TCK-02727,CLI-025,2026-05-05,email,cobranca,media,"1,41",4.0627262482604545,5.0
TCK-02728,CLI-008,2026-05-05,email,duvida_de_uso,baixa,"2,99",7.978637728562292,4.0
TCK-02729,CLI-105,2026-05-05,chat,cobranca,critica,"0,45",7.048908283073151,
TCK-02730,CLI-084,2026-05-05,chat,cobranca,media,"3,05",7.14258567438375,3.0
TCK-02731,CLI-173,2026-05-05,telefone,duvida_de_uso,alta,"1,96",7.189708412140464,5.0
TCK-02732,CLI-095,2026-05-05,chat,bug,baixa,"0,59",3.380293724015611,5.0
TCK-02733,CLI-168,2026-05-05,telefone,cobranca,baixa,"3,76",6.4531044923598,4.0
TCK-02734,CLI-039,2026-05-05,chat,elogio,alta,"0,43",4.60886741223047,5.0
TCK-02735,CLI-081,2026-05-05,email,bug,alta,"2,72",7.068495402082419,5.0
TCK-02736,CLI-026,2026-05-05,telefone,duvida_de_uso,baixa,"1,81",6.733333175223516,4.0
TCK-02737,CLI-104,2026-05-05,email,duvida_de_uso,alta,"4,41",12.420274504861041,5.0
TCK-02738,CLI-034,2026-05-05,chat,duvida_de_uso,media,"2,69",8.192228490753322,4.0
TCK-02739,CLI-089,2026-05-05,chat,cobranca,media,"1,26",5.762265650133445,
TCK-02740,CLI-062,2026-05-05,email,duvida_de_uso,alta,"9,82",19.36694685019491,2.0
TCK-02741,CLI-034,2026-05-05,chat,elogio,media,"4,66",12.445411646310365,4.0
TCK-02742,CLI-018,2026-05-05,email,cobranca,media,"1,58",5.556447808743075,4.0
TCK-02743,CLI-093,2026-05-06,email,bug,alta,"15,70",28.25598341907669,3.0
TCK-02744,CLI-171,2026-05-06,email,cobranca,media,,15.428471882555442,3.0
TCK-02745,CLI-036,2026-05-06,email,cobranca,critica,"4,77",13.292636440085488,4.0
TCK-02746,CLI-073,2026-05-06,email,duvida_de_uso,alta,"5,01",14.2403057505765,3.0
TCK-02747,CLI-041,2026-05-06,chat,duvida_de_uso,media,"0,72",7.557994896678685,
TCK-02748,CLI-146,2026-05-06,chat,cobranca,media,"5,19",13.497149741049485,3.0
TCK-02749,CLI-075,2026-05-06,chat,duvida_de_uso,critica,"0,31",4.32108997031171,5.0
TCK-02750,CLI-176,2026-05-06,chat,bug,alta,"2,99",10.02582863046164,
TCK-02751,CLI-045,2026-05-06,email,bug,baixa,"7,84",15.774373209404725,3.0
TCK-02752,CLI-015,2026-05-06,email,bug,baixa,"1,70",3.5533229692464037,4.0
TCK-02753,CLI-105,2026-05-06,chat,cobranca,media,"3,92",9.337271236609608,4.0
TCK-02754,CLI-118,2026-05-06,telefone,bug,alta,"4,04",12.193236459605252,5.0
TCK-02755,CLI-179,2026-05-06,email,duvida_de_uso,critica,"6,82",14.290617067139362,4.0
TCK-02756,CLI-157,2026-05-06,email,duvida_de_uso,alta,"7,59",17.3608550565733,3.0
TCK-02757,CLI-160,2026-05-06,chat,cobranca,baixa,"6,25",15.11721531248816,4.0
TCK-02758,CLI-115,2026-05-06,telefone,duvida_de_uso,alta,"8,91",19.410985460602554,4.0
TCK-02759,CLI-065,2026-05-06,email,elogio,baixa,"0,60",2.1647268277415077,5.0
TCK-02760,CLI-078,2026-05-06,email,elogio,media,"1,61",6.420150655421571,5.0
TCK-02761,CLI-025,2026-05-06,email,bug,media,"5,38",12.048102328793469,4.0
TCK-02762,CLI-078,2026-05-06,chat,cobranca,media,"4,60",13.828800925765675,4.0
TCK-02763,CLI-066,2026-05-07,telefone,bug,media,"1,41",7.24946147967251,5.0
TCK-02764,CLI-007,2026-05-07,chat,cobranca,baixa,"3,68",9.03613816479883,
TCK-02765,CLI-037,2026-05-07,email,duvida_de_uso,baixa,"9,35",22.482509224293626,4.0
TCK-02766,CLI-097,2026-05-07,chat,bug,alta,"4,48",11.571436255927825,2.0
TCK-02767,CLI-067,2026-05-07,telefone,bug,baixa,"6,06",11.396264471945317,5.0
TCK-02768,CLI-179,2026-05-07,chat,duvida_de_uso,media,"2,14",6.72976022003777,4.0
TCK-02769,CLI-087,2026-05-07,telefone,cobranca,baixa,,11.6207535951967,5.0
TCK-02770,CLI-173,2026-05-07,email,cobranca,media,"14,03",27.031194529223097,3.0
TCK-02771,CLI-119,2026-05-07,email,bug,baixa,"2,46",7.319504271016989,3.0
TCK-02772,CLI-008,2026-05-07,chat,bug,alta,,2.7040328905032998,5.0
TCK-02773,CLI-037,2026-05-07,chat,duvida_de_uso,media,"0,59",2.2527395086225237,
TCK-02774,CLI-128,2026-05-07,telefone,duvida_de_uso,baixa,"5,80",12.180342889981976,4.0
TCK-02775,CLI-099,2026-05-07,chat,bug,alta,"3,14",6.8089957146443165,3.0
TCK-02776,CLI-055,2026-05-07,email,bug,baixa,"3,82",8.95023755843345,5.0
TCK-02777,CLI-094,2026-05-07,email,cobranca,alta,"5,23",15.019240191505684,3.0
TCK-02778,CLI-163,2026-05-07,chat,duvida_de_uso,baixa,"4,09",10.309797027533811,4.0
TCK-02779,CLI-070,2026-05-07,email,cobranca,critica,"3,17",9.883767695578943,5.0
TCK-02780,CLI-009,2026-05-07,chat,duvida_de_uso,baixa,"3,30",10.579319146230192,
TCK-02781,CLI-056,2026-05-07,email,duvida_de_uso,media,"2,94",6.631506406759813,5.0
TCK-02782,CLI-169,2026-05-07,email,duvida_de_uso,media,"5,64",11.899181707900034,4.0
TCK-02783,CLI-138,2026-05-07,chat,bug,media,"5,64",14.293696436976495,4.0
TCK-02784,CLI-151,2026-05-07,email,bug,alta,"7,31",15.200276490710653,3.0
TCK-02785,CLI-165,2026-05-07,chat,elogio,baixa,"7,01",16.663393609215326,3.0
TCK-02786,CLI-022,2026-05-07,chat,cobranca,media,"1,48",8.180466826085633,4.0
TCK-02787,CLI-051,2026-05-08,chat,cobranca,alta,,2.9872421955166697,3.0
TCK-02788,CLI-011,2026-05-08,chat,bug,alta,"3,09",8.021685809097473,
TCK-02789,CLI-001,2026-05-08,chat,bug,media,"1,52",5.43900448449601,3.0
TCK-02790,CLI-151,2026-05-08,telefone,bug,media,"5,82",12.677992301817834,
TCK-02791,CLI-169,2026-05-08,email,elogio,alta,"4,41",10.018623082264954,5.0
TCK-02792,CLI-029,2026-05-08,email,cobranca,alta,,5.211728851088053,4.0
TCK-02793,CLI-130,2026-05-08,chat,duvida_de_uso,alta,"3,19",8.718705924815325,3.0
TCK-02794,CLI-097,2026-05-08,chat,elogio,alta,"1,05",5.132591067347503,4.0
TCK-02795,CLI-013,2026-05-08,chat,bug,media,"5,91",15.073317601383568,4.0
TCK-02796,CLI-165,2026-05-08,chat,duvida_de_uso,media,"1,93",6.444397265637014,4.0
TCK-02797,CLI-157,2026-05-08,chat,bug,media,"1,19",6.827367353658456,4.0
TCK-02798,CLI-103,2026-05-08,email,bug,baixa,"4,51",10.225935681917786,
TCK-02799,CLI-128,2026-05-08,chat,elogio,alta,"2,93",6.471266922045691,4.0
TCK-02800,CLI-072,2026-05-08,email,cobranca,media,"2,40",6.8595808791319035,5.0
TCK-02801,CLI-143,2026-05-08,email,bug,baixa,,7.838059604720205,4.0
TCK-02802,CLI-081,2026-05-08,chat,bug,alta,"0,42",5.05096129622695,4.0
TCK-02803,CLI-179,2026-05-08,chat,duvida_de_uso,baixa,"4,22",12.79005992670603,4.0
TCK-02804,CLI-012,2026-05-08,email,bug,baixa,"9,67",20.836918740084982,4.0
TCK-02805,CLI-031,2026-05-08,telefone,duvida_de_uso,media,"7,81",18.182239760559217,4.0
TCK-02806,CLI-175,2026-05-09,chat,duvida_de_uso,alta,,7.144921956554167,5.0
TCK-02807,CLI-052,2026-05-09,chat,bug,media,"3,13",7.463402979948321,4.0
TCK-02808,CLI-056,2026-05-09,telefone,bug,baixa,"4,56",10.895720359407271,4.0
TCK-02809,CLI-143,2026-05-09,email,bug,media,"0,93",8.832169986870198,4.0
TCK-02810,CLI-035,2026-05-09,chat,elogio,baixa,"1,43",6.8571363566679535,4.0
TCK-02811,CLI-093,2026-05-09,email,duvida_de_uso,critica,"4,95",12.672324684356074,3.0
TCK-02812,CLI-052,2026-05-09,email,duvida_de_uso,baixa,"0,41",5.080945619218706,5.0
TCK-02813,CLI-036,2026-05-09,email,bug,alta,"1,40",3.5133856568316055,5.0
TCK-02814,CLI-174,2026-05-09,email,cobranca,baixa,"6,46",13.6650491877486,5.0
TCK-02815,CLI-036,2026-05-09,chat,bug,baixa,"1,13",3.509789023485425,3.0
TCK-02816,CLI-017,2026-05-09,email,bug,media,"0,94",5.327667664639451,5.0
TCK-02817,CLI-122,2026-05-09,chat,cobranca,alta,"4,52",10.576025968750598,
TCK-02818,CLI-157,2026-05-09,email,cobranca,critica,"1,88",6.524524706447902,5.0
TCK-02819,CLI-023,2026-05-09,email,bug,media,"6,50",14.23100944946529,4.0
TCK-02820,CLI-128,2026-05-09,telefone,duvida_de_uso,media,"11,50",21.25429482403821,
TCK-02821,CLI-098,2026-05-09,chat,elogio,baixa,,5.7924618886031665,5.0
TCK-02822,CLI-150,2026-05-09,telefone,bug,media,"3,32",6.329123591713683,5.0
TCK-02823,CLI-023,2026-05-09,chat,bug,media,,6.871676474026845,5.0
TCK-02824,CLI-176,2026-05-09,email,duvida_de_uso,critica,"7,43",14.404856841907632,4.0
TCK-02825,CLI-112,2026-05-09,chat,bug,media,"1,42",4.243737024921467,4.0
TCK-02826,CLI-152,2026-05-09,chat,duvida_de_uso,alta,,3.5187878442296157,4.0
TCK-02827,CLI-066,2026-05-09,email,cobranca,alta,"1,36",7.292486144765698,
TCK-02828,CLI-170,2026-05-09,telefone,duvida_de_uso,baixa,"2,79",5.686042564087514,5.0
TCK-02829,CLI-113,2026-05-09,chat,duvida_de_uso,media,"3,89",9.173461739474945,4.0
TCK-02830,CLI-023,2026-05-09,chat,duvida_de_uso,alta,"2,01",3.9891741584862475,4.0
TCK-02831,CLI-167,2026-05-09,chat,cobranca,media,,8.775029295998179,3.0
TCK-02832,CLI-144,2026-05-09,chat,bug,media,"1,63",6.03472740862974,
TCK-02833,CLI-055,2026-05-10,email,bug,alta,"4,27",11.842893554072775,
TCK-02834,CLI-099,2026-05-10,telefone,cobranca,baixa,"6,84",12.134274919268424,3.0
TCK-02835,CLI-070,2026-05-10,email,bug,alta,"8,15",18.49510475636952,4.0
TCK-02836,CLI-098,2026-05-10,email,bug,media,"13,24",25.377665875368873,3.0
TCK-02837,CLI-174,2026-05-10,email,bug,media,"4,72",9.674969959455336,4.0
TCK-02838,CLI-162,2026-05-10,chat,cobranca,media,"0,32",3.6828079279587502,
TCK-02839,CLI-039,2026-05-10,telefone,bug,media,"5,35",13.566356071372944,4.0
TCK-02840,CLI-175,2026-05-10,telefone,cobranca,baixa,"0,49",3.7375625144186695,5.0
TCK-02841,CLI-079,2026-05-10,chat,cobranca,baixa,"3,49",7.647947771363841,3.0
TCK-02842,CLI-127,2026-05-10,telefone,duvida_de_uso,media,"4,16",10.332353667584146,5.0
TCK-02843,CLI-138,2026-05-10,chat,bug,media,"4,71",10.386617623297838,3.0
TCK-02844,CLI-087,2026-05-10,email,cobranca,media,"2,69",8.756780020629956,
TCK-02845,CLI-083,2026-05-10,chat,bug,baixa,"2,59",9.270052390949132,
TCK-02846,CLI-083,2026-05-10,email,elogio,baixa,,14.263430193461087,
TCK-02847,CLI-156,2026-05-10,email,cobranca,baixa,"0,23",3.386666653790642,5.0
TCK-02848,CLI-070,2026-05-10,email,bug,media,,14.102547653804558,
TCK-02849,CLI-051,2026-05-10,email,cobranca,baixa,"2,00",5.061608480217531,
TCK-02850,CLI-066,2026-05-10,telefone,duvida_de_uso,baixa,,14.384834401039987,4.0
TCK-02851,CLI-036,2026-05-10,telefone,duvida_de_uso,media,"0,38",2.1453995305808906,5.0
TCK-02852,CLI-071,2026-05-10,email,duvida_de_uso,alta,,10.791802298448797,4.0
TCK-02853,CLI-021,2026-05-10,chat,duvida_de_uso,alta,,11.163490136974406,5.0
TCK-02854,CLI-017,2026-05-10,email,cobranca,baixa,"7,61",15.632265828342554,4.0
TCK-02855,CLI-131,2026-05-11,email,cobranca,alta,"0,70",4.441856722965947,5.0
TCK-02856,CLI-014,2026-05-11,email,bug,media,"12,99",24.837022539418612,3.0
TCK-02857,CLI-103,2026-05-11,email,duvida_de_uso,media,"1,12",8.566697852366431,4.0
TCK-02858,CLI-141,2026-05-11,email,cobranca,baixa,"4,29",13.45292990693021,4.0
TCK-02859,CLI-131,2026-05-11,email,cobranca,baixa,"2,84",10.429507432756008,4.0
TCK-02860,CLI-081,2026-05-11,email,duvida_de_uso,media,"3,42",9.280897371176719,4.0
TCK-02861,CLI-035,2026-05-11,email,duvida_de_uso,baixa,"11,74",25.596184078901732,
TCK-02862,CLI-168,2026-05-11,telefone,cobranca,alta,"1,30",5.263374097612841,5.0
TCK-02863,CLI-151,2026-05-11,email,bug,media,"10,53",23.6308068499319,3.0
TCK-02864,CLI-111,2026-05-11,email,bug,baixa,"6,65",14.355771195329492,
TCK-02865,CLI-016,2026-05-11,chat,duvida_de_uso,baixa,"2,24",9.402663491065804,5.0
TCK-02866,CLI-007,2026-05-11,email,bug,baixa,"3,70",8.96422370937307,3.0
TCK-02867,CLI-057,2026-05-11,chat,bug,media,"3,41",8.612643448634916,4.0
TCK-02868,CLI-029,2026-05-11,email,bug,baixa,"2,67",7.104996043303535,
TCK-02869,CLI-155,2026-05-12,chat,cobranca,media,"1,87",6.660531820224915,4.0
TCK-02870,CLI-038,2026-05-12,chat,elogio,baixa,"2,56",7.0298609474644485,4.0
TCK-02871,CLI-051,2026-05-12,chat,duvida_de_uso,media,"5,83",14.23168346875233,
TCK-02872,CLI-176,2026-05-12,chat,bug,critica,"2,03",5.925686663962065,
TCK-02873,CLI-148,2026-05-12,email,cobranca,alta,"0,61",5.278286564109964,5.0
TCK-02874,CLI-040,2026-05-12,email,bug,media,"4,41",13.213392605063085,3.0
TCK-02875,CLI-070,2026-05-12,email,elogio,media,"3,54",9.492063246035517,
TCK-02876,CLI-093,2026-05-12,chat,duvida_de_uso,alta,"1,30",8.664176846421428,4.0
TCK-02877,CLI-120,2026-05-12,email,bug,critica,"4,94",13.586360300837885,4.0
TCK-02878,CLI-169,2026-05-12,email,duvida_de_uso,media,"2,23",10.223586007811125,5.0
TCK-02879,CLI-157,2026-05-12,chat,bug,baixa,"1,99",6.482717072521417,5.0
TCK-02880,CLI-176,2026-05-12,email,cobranca,alta,,8.221591687810877,5.0
TCK-02881,CLI-008,2026-05-12,email,bug,baixa,"4,61",10.246856339074684,5.0
TCK-02882,CLI-043,2026-05-12,chat,cobranca,alta,"3,15",7.756612879657435,4.0
TCK-02883,CLI-102,2026-05-12,email,cobranca,baixa,"5,80",12.00260750742081,5.0
TCK-02884,CLI-009,2026-05-12,telefone,cobranca,baixa,"4,21",7.292591320377271,5.0
TCK-02885,CLI-064,2026-05-12,telefone,cobranca,alta,"0,79",5.960068606494617,5.0
TCK-02886,CLI-028,2026-05-12,telefone,bug,alta,"4,74",8.745697603264587,
TCK-02887,CLI-168,2026-05-12,email,duvida_de_uso,media,"7,47",17.83130641809194,4.0
TCK-02888,CLI-012,2026-05-12,email,cobranca,alta,,7.332849190479701,
TCK-02889,CLI-027,2026-05-12,chat,duvida_de_uso,alta,"0,48",2.6970071478364237,5.0
TCK-02890,CLI-036,2026-05-12,chat,bug,media,"1,15",5.653405317867801,3.0
TCK-02891,CLI-027,2026-05-12,chat,bug,critica,"4,29",10.115132315780102,3.0
TCK-02892,CLI-103,2026-05-12,email,bug,media,"1,82",7.511353581660703,4.0
TCK-02893,CLI-066,2026-05-12,email,cobranca,baixa,"7,21",14.191843547783273,4.0
TCK-02894,CLI-165,2026-05-13,email,duvida_de_uso,alta,"4,53",10.949575695562201,4.0
TCK-02895,CLI-047,2026-05-13,email,cobranca,media,"2,32",8.85597005735303,5.0
TCK-02896,CLI-097,2026-05-13,email,elogio,alta,"20,58",39.96863138971928,2.0
TCK-02897,CLI-119,2026-05-13,telefone,bug,baixa,"1,14",2.6140166147651405,5.0
TCK-02898,CLI-113,2026-05-13,email,cobranca,baixa,"3,86",11.806045537644849,
TCK-02899,CLI-144,2026-05-13,chat,bug,baixa,"0,97",2.802707899980722,5.0
TCK-02900,CLI-037,2026-05-13,telefone,bug,media,"4,91",11.954013683501927,4.0
TCK-02901,CLI-092,2026-05-13,email,bug,alta,"1,69",6.915005809877015,5.0
TCK-02902,CLI-145,2026-05-13,chat,bug,media,"1,57",6.0011256299735845,
TCK-02903,CLI-156,2026-05-13,chat,duvida_de_uso,baixa,"1,20",8.968996268358062,
TCK-02904,CLI-112,2026-05-13,email,duvida_de_uso,media,"3,05",9.591876476615994,5.0
TCK-02905,CLI-118,2026-05-13,chat,bug,media,"4,45",10.70581174576643,3.0
TCK-02906,CLI-156,2026-05-13,telefone,bug,media,"0,97",5.65757926464777,5.0
TCK-02907,CLI-113,2026-05-13,chat,cobranca,alta,,5.308271513864421,4.0
TCK-02908,CLI-171,2026-05-13,telefone,bug,baixa,"2,71",7.943035815790301,4.0
TCK-02909,CLI-023,2026-05-13,telefone,cobranca,media,"3,16",9.044934378780946,5.0
TCK-02910,CLI-063,2026-05-13,email,elogio,media,"9,28",19.056270097854465,
TCK-02911,CLI-021,2026-05-13,chat,cobranca,baixa,"1,16",5.400766085086828,
TCK-02912,CLI-017,2026-05-13,chat,duvida_de_uso,media,"4,31",10.004316239098085,4.0
TCK-02913,CLI-085,2026-05-13,chat,cobranca,media,"6,06",11.06746567612061,4.0
TCK-02914,CLI-041,2026-05-13,chat,cobranca,media,"1,99",8.295896099013923,5.0
TCK-02915,CLI-074,2026-05-13,chat,elogio,baixa,,3.7862030044297565,3.0
TCK-02916,CLI-079,2026-05-13,telefone,elogio,baixa,"8,48",18.470306475560374,4.0
TCK-02917,CLI-112,2026-05-13,email,duvida_de_uso,alta,,14.022128839529804,4.0
TCK-02918,CLI-171,2026-05-14,chat,duvida_de_uso,baixa,"0,82",3.388224697274323,4.0
TCK-02919,CLI-153,2026-05-14,email,cobranca,alta,"11,19",21.582272515187707,3.0
TCK-02920,CLI-069,2026-05-14,chat,bug,media,"1,26",6.682750810914253,
TCK-02921,CLI-059,2026-05-14,chat,duvida_de_uso,media,"1,97",8.326335310950128,5.0
TCK-02922,CLI-139,2026-05-14,chat,cobranca,alta,"3,59",9.495469246893203,4.0
TCK-02923,CLI-023,2026-05-14,email,cobranca,media,"10,28",20.702348324836485,3.0
TCK-02924,CLI-098,2026-05-14,chat,duvida_de_uso,baixa,"2,82",5.536241910037324,4.0
TCK-02925,CLI-077,2026-05-14,email,bug,baixa,"3,01",9.607323228507695,4.0
TCK-02926,CLI-033,2026-05-14,email,bug,alta,"2,66",6.7730064474902605,5.0
TCK-02927,CLI-111,2026-05-14,email,duvida_de_uso,media,"3,01",6.7339677413168815,4.0
TCK-02928,CLI-058,2026-05-14,telefone,elogio,alta,"15,51",30.9551325222353,2.0
TCK-02929,CLI-034,2026-05-14,email,cobranca,media,,11.84904029900963,4.0
TCK-02930,CLI-118,2026-05-14,telefone,duvida_de_uso,media,"4,23",8.332732765490253,4.0
TCK-02931,CLI-032,2026-05-14,email,bug,baixa,"6,81",13.181197962318704,4.0
TCK-02932,CLI-122,2026-05-14,chat,cobranca,baixa,"1,91",6.938962326234067,4.0
TCK-02933,CLI-030,2026-05-14,chat,cobranca,alta,"5,95",12.725366481987443,3.0
TCK-02934,CLI-079,2026-05-14,chat,duvida_de_uso,baixa,"3,31",9.725649797390366,4.0
TCK-02935,CLI-146,2026-05-14,chat,duvida_de_uso,critica,"1,77",6.402208327442569,5.0
TCK-02936,CLI-042,2026-05-14,chat,bug,baixa,"1,48",7.23781492629,4.0
TCK-02937,CLI-139,2026-05-14,telefone,cobranca,media,"0,68",2.9824060076128402,5.0
TCK-02938,CLI-130,2026-05-14,chat,duvida_de_uso,baixa,,11.344585327962168,4.0
TCK-02939,CLI-163,2026-05-14,email,duvida_de_uso,alta,"0,96",5.689421999868195,5.0
TCK-02940,CLI-031,2026-05-14,email,elogio,baixa,"9,53",19.21391609342654,4.0
TCK-02941,CLI-129,2026-05-15,chat,cobranca,media,"1,08",6.637433030779864,4.0
TCK-02942,CLI-169,2026-05-15,chat,elogio,critica,"1,21",2.674137972493318,3.0
TCK-02943,CLI-138,2026-05-15,chat,duvida_de_uso,media,"7,80",15.788546648931987,4.0
TCK-02944,CLI-034,2026-05-15,chat,duvida_de_uso,baixa,"4,21",8.017296688915419,4.0
TCK-02945,CLI-148,2026-05-15,email,elogio,alta,"4,15",9.357832347520649,5.0
TCK-02946,CLI-020,2026-05-15,chat,elogio,media,"7,31",15.919321675801958,2.0
TCK-02947,CLI-106,2026-05-15,chat,elogio,baixa,"2,14",8.09990339214032,4.0
TCK-02948,CLI-090,2026-05-15,chat,cobranca,media,"1,55",5.5508549474196345,5.0
TCK-02949,CLI-096,2026-05-15,chat,duvida_de_uso,alta,"2,67",6.908338064223004,4.0
TCK-02950,CLI-094,2026-05-15,telefone,bug,media,"7,76",14.65039483540501,4.0
TCK-02951,CLI-006,2026-05-15,chat,duvida_de_uso,alta,"0,72",2.4817619096143755,5.0
TCK-02952,CLI-092,2026-05-15,telefone,elogio,alta,"1,97",7.01381695211147,5.0
TCK-02953,CLI-169,2026-05-15,email,duvida_de_uso,media,"1,55",7.109633970004866,5.0
TCK-02954,CLI-079,2026-05-15,chat,cobranca,media,"0,79",3.791294866618654,4.0
TCK-02955,CLI-050,2026-05-15,chat,elogio,alta,"1,97",8.356065185965058,4.0
TCK-02956,CLI-180,2026-05-15,chat,elogio,media,"0,77",2.9656365014141404,5.0
TCK-02957,CLI-018,2026-05-15,email,elogio,baixa,"0,58",3.4652815827127434,5.0
TCK-02958,CLI-088,2026-05-15,chat,duvida_de_uso,media,"1,17",4.654343084123068,
TCK-02959,CLI-093,2026-05-15,email,duvida_de_uso,alta,"1,84",8.613197706598124,5.0
TCK-02960,CLI-087,2026-05-16,telefone,elogio,baixa,"5,29",12.721881500935115,4.0
TCK-02961,CLI-166,2026-05-16,email,bug,baixa,"7,29",13.429020395877044,4.0
TCK-02962,CLI-076,2026-05-16,email,bug,baixa,"2,23",8.445757710293284,5.0
TCK-02963,CLI-176,2026-05-16,chat,elogio,baixa,"1,19",7.919560457303005,
TCK-02964,CLI-013,2026-05-16,email,cobranca,critica,"12,51",25.150297996825074,3.0
TCK-02965,CLI-133,2026-05-16,email,duvida_de_uso,media,"7,11",14.44675019306478,3.0
TCK-02966,CLI-107,2026-05-16,chat,bug,alta,"2,92",9.551175454276375,4.0
TCK-02967,CLI-044,2026-05-16,chat,duvida_de_uso,alta,"1,72",9.048531946718056,
TCK-02968,CLI-042,2026-05-16,email,elogio,media,"7,00",16.864238544143657,4.0
TCK-02969,CLI-130,2026-05-16,chat,duvida_de_uso,alta,"0,86",2.1057188798161444,5.0
TCK-02970,CLI-115,2026-05-16,chat,duvida_de_uso,critica,"4,33",11.930073782284888,3.0
TCK-02971,CLI-111,2026-05-16,chat,duvida_de_uso,alta,"3,29",9.52410230240567,4.0
TCK-02972,CLI-010,2026-05-16,email,cobranca,alta,"6,25",12.820285718863412,4.0
TCK-02973,CLI-108,2026-05-16,email,elogio,media,"4,18",12.460861292752904,5.0
TCK-02974,CLI-177,2026-05-16,telefone,duvida_de_uso,alta,"1,05",5.545759516834707,4.0
TCK-02975,CLI-004,2026-05-16,chat,duvida_de_uso,baixa,"0,88",6.554978684741146,5.0
TCK-02976,CLI-085,2026-05-16,email,bug,alta,"5,70",11.662878817088377,4.0
TCK-02977,CLI-089,2026-05-16,telefone,duvida_de_uso,media,"5,28",13.096637417763162,3.0
TCK-02978,CLI-162,2026-05-16,email,bug,media,"2,44",6.051705316461501,5.0
TCK-02979,CLI-051,2026-05-16,chat,duvida_de_uso,alta,"1,44",5.962407977539391,5.0
TCK-02980,CLI-086,2026-05-17,chat,duvida_de_uso,media,"5,17",14.519013941473926,3.0
TCK-02981,CLI-130,2026-05-17,telefone,bug,baixa,"3,78",7.658432213936991,4.0
TCK-02982,CLI-011,2026-05-17,telefone,bug,alta,"1,87",4.303828441638411,4.0
TCK-02983,CLI-145,2026-05-17,email,bug,critica,"9,58",21.672748233164306,2.0
TCK-02984,CLI-148,2026-05-17,chat,bug,media,"5,39",12.674595088057162,4.0
TCK-02985,CLI-130,2026-05-17,email,cobranca,alta,"3,77",11.545299760859903,5.0
TCK-02986,CLI-117,2026-05-17,chat,bug,alta,"2,63",6.529839710761457,4.0
TCK-02987,CLI-135,2026-05-17,chat,bug,alta,"4,27",10.770933638211657,4.0
TCK-02988,CLI-141,2026-05-17,email,elogio,media,"5,99",14.818222925558485,4.0
TCK-02989,CLI-163,2026-05-17,email,bug,media,"1,01",5.135117263476299,5.0
TCK-02990,CLI-078,2026-05-17,email,cobranca,alta,"9,79",17.94393916949654,
TCK-02991,CLI-083,2026-05-17,email,duvida_de_uso,critica,"0,81",8.699996160791995,5.0
TCK-02992,CLI-115,2026-05-17,email,cobranca,baixa,"5,24",12.749967547202607,3.0
TCK-02993,CLI-035,2026-05-17,telefone,duvida_de_uso,baixa,"1,25",3.237987434046513,5.0
TCK-02994,CLI-155,2026-05-17,chat,bug,media,,9.934014317019274,3.0
TCK-02995,CLI-139,2026-05-18,chat,cobranca,alta,"1,23",5.862906680124972,
TCK-02996,CLI-114,2026-05-18,telefone,cobranca,alta,,8.415987656784445,
TCK-02997,CLI-055,2026-05-18,chat,bug,media,"4,10",11.778737142439022,4.0
TCK-02998,CLI-063,2026-05-18,email,cobranca,baixa,"1,25",4.926603279776412,5.0
TCK-02999,CLI-079,2026-05-18,telefone,duvida_de_uso,media,"2,44",4.804420753763659,4.0
TCK-03000,CLI-120,2026-05-18,chat,elogio,alta,"0,78",5.090822580964042,4.0
TCK-03001,CLI-141,2026-05-18,chat,cobranca,media,"2,49",5.01660178653818,4.0
TCK-03002,CLI-121,2026-05-18,telefone,bug,baixa,"1,27",7.112314175585176,5.0
TCK-03003,CLI-168,2026-05-18,chat,cobranca,media,"2,95",7.212082099668585,4.0
TCK-03004,CLI-173,2026-05-18,chat,elogio,alta,,13.561588796700672,
TCK-03005,CLI-127,2026-05-18,telefone,cobranca,media,,2.7833055156453175,4.0
TCK-03006,CLI-067,2026-05-18,chat,bug,baixa,,4.490750995946919,3.0
TCK-03007,CLI-108,2026-05-18,telefone,cobranca,media,"1,42",4.346906887860874,
TCK-03008,CLI-077,2026-05-18,email,duvida_de_uso,critica,"1,03",5.928861922704289,5.0
TCK-03009,CLI-114,2026-05-18,email,bug,media,,10.746166592753761,4.0
TCK-03010,CLI-147,2026-05-18,chat,cobranca,media,"2,65",8.91484976492865,4.0
TCK-03011,CLI-067,2026-05-18,email,duvida_de_uso,baixa,"9,75",19.660412130383065,3.0
TCK-03012,CLI-092,2026-05-18,telefone,cobranca,media,"6,33",14.050092409298074,4.0
TCK-03013,CLI-009,2026-05-18,email,cobranca,alta,,10.128399260183853,5.0
TCK-03014,CLI-133,2026-05-18,chat,bug,alta,"2,80",8.263765146090906,3.0
TCK-03015,CLI-089,2026-05-18,email,elogio,media,"2,43",5.993520696428046,5.0
TCK-03016,CLI-083,2026-05-18,telefone,duvida_de_uso,alta,"4,78",12.653109384856357,4.0
TCK-03017,CLI-096,2026-05-19,email,duvida_de_uso,media,"0,82",4.076881238876258,5.0
TCK-03018,CLI-039,2026-05-19,email,duvida_de_uso,alta,"3,37",9.88043508335814,
TCK-03019,CLI-108,2026-05-19,email,bug,baixa,"5,35",12.614017638891136,4.0
TCK-03020,CLI-135,2026-05-19,chat,cobranca,media,"1,94",7.366068630670524,4.0
TCK-03021,CLI-063,2026-05-19,telefone,duvida_de_uso,alta,"2,14",6.227018006637353,4.0
TCK-03022,CLI-024,2026-05-19,telefone,elogio,critica,"4,07",9.137787213993317,4.0
TCK-03023,CLI-070,2026-05-19,email,elogio,alta,"1,86",6.987557187649638,4.0
TCK-03024,CLI-036,2026-05-19,chat,cobranca,alta,"1,84",5.577670533918018,5.0
TCK-03025,CLI-068,2026-05-19,email,bug,alta,,17.381552173911697,4.0
TCK-03026,CLI-113,2026-05-19,chat,cobranca,alta,"4,25",10.7470635602583,5.0
TCK-03027,CLI-021,2026-05-19,chat,bug,baixa,"2,69",5.778966016419229,4.0
TCK-03028,CLI-135,2026-05-19,email,cobranca,media,"1,54",4.898489355191006,5.0
TCK-03029,CLI-041,2026-05-19,chat,duvida_de_uso,alta,"1,70",4.561815575545674,3.0
TCK-03030,CLI-162,2026-05-19,telefone,elogio,media,"4,13",12.035310938362315,4.0
TCK-03031,CLI-132,2026-05-19,email,duvida_de_uso,alta,"2,05",7.84141265216972,5.0
TCK-03032,CLI-050,2026-05-19,email,bug,media,"11,58",23.75205064608908,3.0
TCK-03033,CLI-102,2026-05-19,email,elogio,baixa,"2,09",7.1904064061965265,4.0
TCK-03034,CLI-020,2026-05-19,email,duvida_de_uso,baixa,"3,91",9.915134451201286,5.0
TCK-03035,CLI-018,2026-05-19,email,cobranca,alta,"7,39",17.60062860037887,4.0
TCK-03036,CLI-173,2026-05-19,chat,elogio,baixa,"6,21",14.953637486859906,3.0
TCK-03037,CLI-145,2026-05-19,email,duvida_de_uso,alta,"1,51",6.769683367125443,5.0
TCK-03038,CLI-028,2026-05-19,chat,duvida_de_uso,baixa,"0,51",3.633024892579675,5.0
TCK-03039,CLI-051,2026-05-19,telefone,duvida_de_uso,media,,10.045549097268788,4.0
TCK-03040,CLI-036,2026-05-20,telefone,cobranca,alta,"12,52",26.52524593102037,2.0
TCK-03041,CLI-072,2026-05-20,chat,elogio,media,"0,60",6.411559605568996,5.0
TCK-03042,CLI-053,2026-05-20,email,bug,alta,"2,92",9.917742377510173,3.0
TCK-03043,CLI-060,2026-05-20,email,cobranca,baixa,"4,73",13.890442802260857,4.0
TCK-03044,CLI-096,2026-05-20,email,bug,media,"4,05",10.534149980930291,5.0
TCK-03045,CLI-035,2026-05-20,telefone,duvida_de_uso,media,"5,29",11.068509669899038,
TCK-03046,CLI-159,2026-05-20,telefone,cobranca,alta,"9,36",18.52217452560129,4.0
TCK-03047,CLI-131,2026-05-20,email,cobranca,baixa,"7,50",18.56737822356632,
TCK-03048,CLI-137,2026-05-20,email,duvida_de_uso,media,,5.370471280635515,
TCK-03049,CLI-031,2026-05-20,chat,duvida_de_uso,alta,"0,59",6.323994418941812,5.0
TCK-03050,CLI-128,2026-05-20,email,bug,critica,"7,90",16.03167186356812,4.0
TCK-03051,CLI-151,2026-05-20,telefone,bug,alta,"2,91",11.130014658521919,4.0
TCK-03052,CLI-032,2026-05-20,email,duvida_de_uso,alta,"4,01",10.111315839704929,4.0
TCK-03053,CLI-136,2026-05-20,email,cobranca,media,"6,97",16.626080412654854,4.0
TCK-03054,CLI-065,2026-05-20,email,duvida_de_uso,media,"7,73",20.48549642171344,4.0
TCK-03055,CLI-142,2026-05-20,email,bug,alta,"6,69",14.543205629155596,4.0
TCK-03056,CLI-087,2026-05-20,email,cobranca,alta,"11,15",22.554451241892696,3.0
TCK-03057,CLI-145,2026-05-20,telefone,bug,alta,"3,68",8.583617462139614,4.0
TCK-03058,CLI-027,2026-05-20,email,bug,alta,,5.459870005482442,5.0
TCK-03059,CLI-071,2026-05-20,chat,elogio,alta,"1,01",4.317497495156162,5.0
TCK-03060,CLI-050,2026-05-20,email,bug,baixa,"2,31",6.325529164224251,5.0
TCK-03061,CLI-045,2026-05-20,email,duvida_de_uso,baixa,"2,39",5.425539443932804,
TCK-03062,CLI-056,2026-05-21,email,duvida_de_uso,critica,"4,49",10.769289798609252,4.0
TCK-03063,CLI-069,2026-05-21,email,bug,media,"5,69",13.914290241678895,4.0
TCK-03064,CLI-023,2026-05-21,email,bug,baixa,"1,47",4.293465895123264,4.0
TCK-03065,CLI-128,2026-05-21,email,bug,media,"6,98",15.324475270545184,
TCK-03066,CLI-100,2026-05-21,telefone,bug,media,"7,46",18.5372131064957,5.0
TCK-03067,CLI-150,2026-05-21,chat,cobranca,alta,"3,47",7.121638954735622,3.0
TCK-03068,CLI-127,2026-05-21,telefone,duvida_de_uso,alta,,10.57536010917092,5.0
TCK-03069,CLI-027,2026-05-21,email,duvida_de_uso,baixa,"9,13",18.41769975922829,4.0
TCK-03070,CLI-013,2026-05-21,chat,duvida_de_uso,media,"2,18",7.221225871809607,3.0
TCK-03071,CLI-077,2026-05-21,chat,elogio,baixa,,7.046448147817757,4.0
TCK-03072,CLI-087,2026-05-21,email,bug,alta,"1,45",7.9894125556962905,4.0
TCK-03073,CLI-044,2026-05-21,email,cobranca,baixa,"4,22",11.299667405635452,5.0
TCK-03074,CLI-141,2026-05-21,chat,bug,media,"1,58",4.806969119540701,5.0
TCK-03075,CLI-105,2026-05-21,chat,elogio,media,"0,66",3.015999681643522,4.0
TCK-03076,CLI-135,2026-05-21,chat,bug,media,"0,48",3.0040084110359837,3.0
TCK-03077,CLI-020,2026-05-21,email,bug,media,"4,71",14.30827759365162,5.0
TCK-03078,CLI-147,2026-05-21,telefone,duvida_de_uso,alta,"0,94",4.122312488503995,5.0
TCK-03079,CLI-038,2026-05-21,email,bug,media,"0,28",3.9852288736148775,5.0
TCK-03080,CLI-081,2026-05-21,telefone,cobranca,baixa,"7,53",14.996225648681358,
TCK-03081,CLI-080,2026-05-21,telefone,cobranca,media,"1,63",4.1965565121726005,5.0
TCK-03082,CLI-148,2026-05-21,telefone,cobranca,media,"5,27",12.519583235825415,4.0
TCK-03083,CLI-050,2026-05-21,chat,bug,media,"2,49",7.000046835919422,4.0
TCK-03084,CLI-044,2026-05-21,email,cobranca,alta,"2,16",6.5057776653528885,5.0
TCK-03085,CLI-062,2026-05-21,chat,bug,media,"5,90",11.39914539726132,
TCK-03086,CLI-065,2026-05-21,chat,elogio,alta,"3,53",9.242455106468967,4.0
TCK-03087,CLI-033,2026-05-21,chat,cobranca,baixa,"2,07",9.057596367191891,4.0
TCK-03088,CLI-032,2026-05-21,email,duvida_de_uso,alta,"1,77",4.904244337429849,5.0
TCK-03089,CLI-042,2026-05-21,email,cobranca,baixa,"5,55",14.342147171506232,
TCK-03090,CLI-085,2026-05-21,email,duvida_de_uso,media,"6,18",8.93062047386557,3.0
TCK-03091,CLI-062,2026-05-21,chat,duvida_de_uso,media,"2,33",5.982286093524985,5.0
TCK-03092,CLI-071,2026-05-21,chat,bug,media,"2,12",3.943215914206296,5.0
TCK-03093,CLI-130,2026-05-21,telefone,cobranca,baixa,"5,87",15.421122547511299,4.0
TCK-03094,CLI-044,2026-05-21,chat,duvida_de_uso,alta,"2,04",7.983554338049387,4.0
TCK-03095,CLI-164,2026-05-21,chat,bug,media,"1,16",3.542503604473782,5.0
TCK-03096,CLI-136,2026-05-22,email,cobranca,critica,"1,02",5.2636619757765075,5.0
TCK-03097,CLI-032,2026-05-22,chat,bug,alta,"2,05",8.49023310930842,
TCK-03098,CLI-057,2026-05-22,email,cobranca,media,"0,98",6.807944341568152,5.0
TCK-03099,CLI-034,2026-05-22,email,bug,alta,"6,24",13.616319002161532,3.0
TCK-03100,CLI-050,2026-05-22,email,duvida_de_uso,baixa,,5.833303058481078,5.0
TCK-03101,CLI-066,2026-05-22,email,cobranca,media,"6,92",14.105046305703576,5.0
TCK-03102,CLI-024,2026-05-22,email,bug,media,"4,39",12.057609990725034,5.0
TCK-03103,CLI-003,2026-05-22,chat,cobranca,alta,"3,17",11.854452761697383,4.0
TCK-03104,CLI-079,2026-05-22,email,duvida_de_uso,baixa,"2,10",6.691793022259968,5.0
TCK-03105,CLI-127,2026-05-22,email,cobranca,media,"3,24",7.921385489476449,4.0
TCK-03106,CLI-055,2026-05-22,email,bug,alta,,14.427142785677653,4.0
TCK-03107,CLI-155,2026-05-22,chat,cobranca,media,,7.912918367509348,4.0
TCK-03108,CLI-067,2026-05-22,chat,duvida_de_uso,baixa,"2,31",5.324484052396365,
TCK-03109,CLI-163,2026-05-22,email,duvida_de_uso,media,"1,44",5.404741476489038,4.0
TCK-03110,CLI-043,2026-05-22,email,duvida_de_uso,alta,"0,60",5.5788925407547065,5.0
TCK-03111,CLI-098,2026-05-22,telefone,duvida_de_uso,baixa,"1,34",5.3096575490093665,5.0
TCK-03112,CLI-138,2026-05-22,chat,duvida_de_uso,media,"0,12",4.407540878507834,5.0
TCK-03113,CLI-011,2026-05-22,chat,bug,critica,"0,42",1.3522366312739313,5.0
TCK-03114,CLI-168,2026-05-22,chat,duvida_de_uso,critica,"2,75",5.798722934974169,4.0
TCK-03115,CLI-066,2026-05-22,telefone,cobranca,baixa,"2,92",7.152374009811907,5.0
TCK-03116,CLI-090,2026-05-22,telefone,duvida_de_uso,media,"1,84",5.8845749116968795,5.0
TCK-03117,CLI-114,2026-05-22,email,bug,baixa,"2,87",8.673918527679747,5.0
TCK-03118,CLI-116,2026-05-22,chat,duvida_de_uso,critica,"0,28",4.451916288229368,5.0
TCK-03119,CLI-005,2026-05-22,email,duvida_de_uso,media,"3,35",12.728501631587259,5.0
TCK-03120,CLI-157,2026-05-22,chat,cobranca,media,"0,66",3.0723962781372602,3.0
TCK-03121,CLI-113,2026-05-22,email,elogio,baixa,"8,26",17.39157894707423,3.0
TCK-03122,CLI-180,2026-05-22,email,duvida_de_uso,media,"5,46",11.759869171217563,5.0
TCK-03123,CLI-085,2026-05-22,telefone,cobranca,baixa,"5,13",13.84751577153278,4.0
TCK-03124,CLI-111,2026-05-22,telefone,bug,alta,"3,93",11.780060715050945,5.0
TCK-03125,CLI-080,2026-05-23,email,elogio,media,"5,80",12.762521507407047,5.0
TCK-03126,CLI-161,2026-05-23,telefone,bug,media,,12.152386515643089,4.0
TCK-03127,CLI-150,2026-05-23,email,duvida_de_uso,alta,"1,79",5.1651624302621695,4.0
TCK-03128,CLI-164,2026-05-23,chat,bug,baixa,"3,11",10.151174645712343,4.0
TCK-03129,CLI-091,2026-05-23,telefone,bug,baixa,"7,18",18.11350674687329,
TCK-03130,CLI-143,2026-05-23,email,cobranca,media,"1,51",3.6812619762363212,5.0
TCK-03131,CLI-065,2026-05-23,chat,bug,alta,"0,49",4.742924332475842,4.0
TCK-03132,CLI-083,2026-05-23,chat,bug,baixa,"7,10",11.699279148901828,4.0
TCK-03133,CLI-137,2026-05-23,email,bug,alta,"8,98",20.39318583499191,
TCK-03134,CLI-015,2026-05-23,email,elogio,media,"3,65",7.9108412245579816,5.0
TCK-03135,CLI-128,2026-05-23,email,cobranca,media,"0,34",4.463904085349399,5.0
TCK-03136,CLI-003,2026-05-23,chat,elogio,media,"2,62",8.848353232341207,4.0
TCK-03137,CLI-105,2026-05-23,email,cobranca,baixa,"16,08",33.61609797745893,3.0
TCK-03138,CLI-086,2026-05-23,email,elogio,baixa,"5,76",14.709415510108766,4.0
TCK-03139,CLI-085,2026-05-23,chat,duvida_de_uso,alta,"3,26",8.943917308476832,4.0
TCK-03140,CLI-089,2026-05-24,email,bug,media,,8.62286788837471,4.0
TCK-03141,CLI-089,2026-05-24,email,bug,media,"5,08",12.029797942854792,3.0
TCK-03142,CLI-074,2026-05-24,chat,bug,critica,"3,45",7.528878043106312,4.0
TCK-03143,CLI-082,2026-05-24,chat,cobranca,baixa,"2,46",7.110206366975254,4.0
TCK-03144,CLI-103,2026-05-24,email,bug,media,"3,06",8.080919251922714,4.0
TCK-03145,CLI-138,2026-05-24,telefone,bug,media,"4,15",9.290274744683718,4.0
TCK-03146,CLI-100,2026-05-24,chat,cobranca,baixa,"2,40",4.7168053043207685,4.0
TCK-03147,CLI-116,2026-05-24,email,bug,critica,"0,43",1.8545495821940479,5.0
TCK-03148,CLI-151,2026-05-24,chat,bug,critica,"8,45",13.48732347759578,3.0
TCK-03149,CLI-179,2026-05-24,chat,bug,media,"3,26",8.401521547835223,4.0
TCK-03150,CLI-020,2026-05-24,chat,cobranca,critica,"4,82",12.21960067996914,3.0
TCK-03151,CLI-129,2026-05-24,chat,bug,baixa,,3.813677000845499,4.0
TCK-03152,CLI-041,2026-05-24,chat,bug,critica,"1,42",5.903177689588532,5.0
TCK-03153,CLI-036,2026-05-24,telefone,bug,alta,"6,89",15.225492320239526,5.0
TCK-03154,CLI-143,2026-05-24,chat,cobranca,baixa,"0,46",2.057537613248189,4.0
TCK-03155,CLI-013,2026-05-24,telefone,bug,media,"5,59",12.412547729220885,5.0
TCK-03156,CLI-153,2026-05-25,chat,bug,alta,"4,10",11.9629181155503,
TCK-03157,CLI-139,2026-05-25,telefone,elogio,media,"3,39",7.648286800825714,4.0
TCK-03158,CLI-180,2026-05-25,telefone,cobranca,media,"5,21",12.491907809518013,3.0
TCK-03159,CLI-121,2026-05-25,email,bug,media,"0,44",4.306804871086516,4.0
TCK-03160,CLI-158,2026-05-25,email,bug,baixa,"5,37",11.440362681018557,4.0
TCK-03161,CLI-022,2026-05-25,chat,bug,baixa,"1,64",7.47126106255521,4.0
TCK-03162,CLI-161,2026-05-25,email,cobranca,baixa,"5,23",13.013712631967788,4.0
TCK-03163,CLI-029,2026-05-25,chat,bug,alta,"2,11",6.414654675038511,
TCK-03164,CLI-057,2026-05-25,chat,elogio,media,"2,09",10.30092576447058,3.0
TCK-03165,CLI-024,2026-05-25,telefone,cobranca,media,"5,34",14.138313427995605,4.0
TCK-03166,CLI-073,2026-05-25,email,duvida_de_uso,baixa,"2,85",5.600559199401728,
TCK-03167,CLI-135,2026-05-25,chat,bug,baixa,,6.065495373086356,
TCK-03168,CLI-049,2026-05-25,email,cobranca,alta,"12,18",28.62977854350212,4.0
TCK-03169,CLI-148,2026-05-25,chat,cobranca,baixa,"5,04",10.601504660477602,
TCK-03170,CLI-110,2026-05-25,email,cobranca,alta,"3,06",8.614000607309817,4.0
TCK-03171,CLI-114,2026-05-26,chat,bug,media,"2,14",8.695705899064839,4.0
TCK-03172,CLI-169,2026-05-26,chat,cobranca,alta,"1,33",6.380414930314617,5.0
TCK-03173,CLI-078,2026-05-26,chat,cobranca,media,"1,65",7.161969998930876,4.0
TCK-03174,CLI-063,2026-05-26,chat,elogio,alta,"1,71",7.187609923856513,4.0
TCK-03175,CLI-180,2026-05-26,email,duvida_de_uso,baixa,"3,95",10.14999667106651,5.0
TCK-03176,CLI-101,2026-05-26,email,duvida_de_uso,alta,"0,51",2.728829078637689,5.0
TCK-03177,CLI-111,2026-05-26,email,duvida_de_uso,baixa,"2,69",8.489851530858406,5.0
TCK-03178,CLI-054,2026-05-26,telefone,cobranca,baixa,,6.6051115818584245,4.0
TCK-03179,CLI-039,2026-05-26,telefone,elogio,media,"9,16",18.771836309761838,4.0
TCK-03180,CLI-031,2026-05-26,email,duvida_de_uso,baixa,"3,53",11.58385176576985,
TCK-03181,CLI-041,2026-05-26,email,bug,media,"4,36",10.269681105916213,4.0
TCK-03182,CLI-036,2026-05-26,email,bug,alta,"2,63",10.288431821100499,5.0
TCK-03183,CLI-135,2026-05-26,chat,duvida_de_uso,alta,"2,13",7.224790057624829,
TCK-03184,CLI-011,2026-05-26,email,cobranca,media,"2,75",7.706687950023302,5.0
TCK-03185,CLI-114,2026-05-26,email,bug,critica,"3,99",7.464261210592565,5.0
TCK-03186,CLI-171,2026-05-26,email,duvida_de_uso,media,"5,20",15.53831663027548,
TCK-03187,CLI-138,2026-05-26,email,elogio,baixa,"1,14",5.045905653863459,5.0
TCK-03188,CLI-073,2026-05-26,email,duvida_de_uso,alta,,9.901835686401018,4.0
TCK-03189,CLI-011,2026-05-26,email,bug,baixa,"1,65",7.459576568095861,5.0
TCK-03190,CLI-151,2026-05-26,chat,duvida_de_uso,baixa,"7,48",16.389989583751007,3.0
TCK-03191,CLI-001,2026-05-27,chat,duvida_de_uso,baixa,"2,36",5.850262376471661,
TCK-03192,CLI-123,2026-05-27,email,bug,media,"4,31",12.159328291594703,4.0
TCK-03193,CLI-121,2026-05-27,chat,cobranca,media,"2,66",3.9695077255362854,5.0
TCK-03194,CLI-035,2026-05-27,chat,duvida_de_uso,media,"2,25",5.9784293618301625,5.0
TCK-03195,CLI-134,2026-05-27,chat,duvida_de_uso,media,"1,23",4.763109096187394,3.0
TCK-03196,CLI-032,2026-05-27,telefone,duvida_de_uso,alta,"4,32",12.055463013034775,4.0
TCK-03197,CLI-041,2026-05-27,email,bug,critica,"4,14",13.81821426156046,3.0
TCK-03198,CLI-147,2026-05-27,telefone,bug,baixa,"1,85",5.963065952245923,5.0
TCK-03199,CLI-177,2026-05-27,chat,bug,baixa,"0,69",4.936801938451007,5.0
TCK-03200,CLI-048,2026-05-27,chat,bug,media,"4,12",14.535217528489008,3.0
TCK-03201,CLI-166,2026-05-27,email,cobranca,baixa,"2,68",7.838236872076389,5.0
TCK-03202,CLI-165,2026-05-27,email,bug,media,"3,21",9.475156936420321,4.0
TCK-03203,CLI-139,2026-05-27,email,cobranca,media,"4,16",8.626749676481591,4.0
TCK-03204,CLI-026,2026-05-27,telefone,bug,alta,"2,00",9.543665293527406,5.0
TCK-03205,CLI-054,2026-05-27,chat,bug,baixa,"2,76",6.89178549260204,5.0
TCK-03206,CLI-122,2026-05-27,email,bug,alta,"3,32",9.386658949982696,5.0
TCK-03207,CLI-180,2026-05-27,chat,duvida_de_uso,media,,7.210274866928087,4.0
TCK-03208,CLI-147,2026-05-27,email,duvida_de_uso,alta,"7,80",17.159505461651342,
TCK-03209,CLI-076,2026-05-27,email,cobranca,media,"4,05",9.631435044949527,4.0
TCK-03210,CLI-043,2026-05-27,chat,bug,alta,"1,85",6.697953637974974,4.0
TCK-03211,CLI-173,2026-05-27,chat,duvida_de_uso,alta,"0,92",7.288122156451626,4.0
TCK-03212,CLI-050,2026-05-27,chat,cobranca,baixa,"2,65",11.197168869862542,4.0
TCK-03213,CLI-062,2026-05-27,chat,bug,media,"4,00",9.942879339514636,3.0
TCK-03214,CLI-174,2026-05-28,chat,bug,alta,"1,88",5.706020919549901,4.0
TCK-03215,CLI-102,2026-05-28,telefone,bug,baixa,"6,64",13.730642461788797,4.0
TCK-03216,CLI-048,2026-05-28,email,bug,media,,15.068806769186374,5.0
TCK-03217,CLI-001,2026-05-28,chat,cobranca,media,,7.315662001737287,5.0
TCK-03218,CLI-078,2026-05-28,chat,duvida_de_uso,alta,"2,92",9.921956765339448,4.0
TCK-03219,CLI-178,2026-05-28,email,duvida_de_uso,baixa,"1,20",6.201999299942798,5.0
TCK-03220,CLI-078,2026-05-28,email,cobranca,media,"2,72",11.203378378770687,4.0
TCK-03221,CLI-126,2026-05-28,email,duvida_de_uso,baixa,"2,80",7.666317516793634,5.0
TCK-03222,CLI-046,2026-05-28,email,duvida_de_uso,media,"3,23",7.160182293420876,5.0
TCK-03223,CLI-140,2026-05-28,chat,bug,alta,"6,69",17.836819510774387,4.0
TCK-03224,CLI-140,2026-05-28,email,duvida_de_uso,media,"3,91",11.39315222274678,4.0
TCK-03225,CLI-110,2026-05-28,chat,bug,media,"0,62",4.796147780963768,4.0
TCK-03226,CLI-139,2026-05-28,email,bug,media,"2,23",9.30978450859119,5.0
TCK-03227,CLI-105,2026-05-28,email,bug,media,"3,57",10.190504391873443,5.0
TCK-03228,CLI-069,2026-05-28,email,cobranca,alta,"4,03",12.617321577917679,5.0
TCK-03229,CLI-133,2026-05-28,email,cobranca,baixa,"0,20",3.729887843263509,4.0
TCK-03230,CLI-151,2026-05-28,telefone,cobranca,alta,"5,16",13.648887788115433,4.0
TCK-03231,CLI-152,2026-05-28,email,bug,alta,"5,32",13.36702051426723,4.0
TCK-03232,CLI-039,2026-05-28,email,elogio,alta,"1,47",5.156582527161467,5.0
TCK-03233,CLI-122,2026-05-28,email,bug,baixa,"6,54",14.471743518132993,5.0
TCK-03234,CLI-001,2026-05-28,email,cobranca,media,"3,11",8.013455681673543,5.0
TCK-03235,CLI-103,2026-05-28,chat,cobranca,baixa,"1,04",5.267070287963718,3.0
TCK-03236,CLI-103,2026-05-28,chat,duvida_de_uso,critica,"0,83",3.8027132291539933,5.0
TCK-03237,CLI-066,2026-05-28,email,duvida_de_uso,alta,"5,09",12.81122100505522,5.0
TCK-03238,CLI-179,2026-05-29,chat,cobranca,media,"1,41",6.139586658439545,4.0
TCK-03239,CLI-159,2026-05-29,chat,cobranca,alta,"2,61",8.001667668203895,3.0
TCK-03240,CLI-007,2026-05-29,telefone,bug,baixa,"1,34",5.744206204721106,5.0
TCK-03241,CLI-038,2026-05-29,chat,cobranca,media,"1,70",5.2018519563496755,4.0
TCK-03242,CLI-038,2026-05-29,email,bug,alta,"4,86",11.317941413538493,
TCK-03243,CLI-162,2026-05-29,chat,duvida_de_uso,baixa,"4,58",8.73927916627319,3.0
TCK-03244,CLI-094,2026-05-29,telefone,duvida_de_uso,critica,"8,19",17.568543476908882,3.0
TCK-03245,CLI-132,2026-05-29,chat,cobranca,alta,"4,52",9.65471338935581,4.0
TCK-03246,CLI-146,2026-05-29,telefone,duvida_de_uso,critica,"16,70",33.21225921618711,3.0
TCK-03247,CLI-139,2026-05-29,telefone,bug,alta,"4,39",9.838922717547439,5.0
TCK-03248,CLI-017,2026-05-29,email,duvida_de_uso,baixa,"1,30",2.269231787498734,5.0
TCK-03249,CLI-026,2026-05-29,chat,bug,media,"1,36",8.82958401680889,4.0
TCK-03250,CLI-072,2026-05-29,chat,duvida_de_uso,baixa,"4,83",11.340841408438687,4.0
TCK-03251,CLI-061,2026-05-29,chat,duvida_de_uso,alta,"1,22",7.364679973103611,4.0
TCK-03252,CLI-135,2026-05-29,chat,cobranca,baixa,"0,12",2.425515452146972,5.0
TCK-03253,CLI-029,2026-05-29,telefone,bug,alta,"2,91",10.7818835841666,4.0
TCK-03254,CLI-067,2026-05-29,chat,bug,baixa,"3,87",8.240264986220168,4.0
TCK-03255,CLI-043,2026-05-29,chat,duvida_de_uso,baixa,"1,34",5.675798385530926,3.0
TCK-03256,CLI-034,2026-05-29,email,bug,baixa,,16.32867072683364,4.0
TCK-03257,CLI-032,2026-05-29,email,bug,alta,"11,88",28.284449280645866,3.0
TCK-03258,CLI-036,2026-05-29,telefone,duvida_de_uso,baixa,"4,32",10.400125038504523,5.0
TCK-03259,CLI-102,2026-05-29,chat,duvida_de_uso,baixa,"7,97",18.582872772110345,3.0
TCK-03260,CLI-074,2026-05-29,email,bug,baixa,"9,94",21.570550471823086,3.0
TCK-03261,CLI-079,2026-05-29,telefone,duvida_de_uso,media,"6,59",14.829517520819671,4.0
TCK-03262,CLI-087,2026-05-29,telefone,cobranca,critica,"4,75",12.322832487523646,5.0
TCK-03263,CLI-134,2026-05-30,chat,duvida_de_uso,media,"2,67",9.840886056237235,
TCK-03264,CLI-156,2026-05-30,email,bug,baixa,"3,41",10.13291421935816,4.0
TCK-03265,CLI-095,2026-05-30,chat,bug,baixa,"3,27",9.131894521898888,3.0
TCK-03266,CLI-116,2026-05-30,email,bug,baixa,"0,49",4.653650802497178,4.0
TCK-03267,CLI-133,2026-05-30,email,duvida_de_uso,media,"10,24",24.305555269659276,3.0
TCK-03268,CLI-125,2026-05-30,chat,cobranca,baixa,"8,06",16.881391212774812,
TCK-03269,CLI-025,2026-05-30,telefone,bug,baixa,"0,44",1.0161178746935362,5.0
TCK-03270,CLI-177,2026-05-30,email,bug,baixa,"6,32",12.725868788918435,3.0
TCK-03271,CLI-030,2026-05-30,telefone,bug,media,"9,69",18.91439404596103,4.0
TCK-03272,CLI-075,2026-05-30,telefone,bug,alta,"4,01",8.902589168359306,5.0
TCK-03273,CLI-118,2026-05-30,email,elogio,baixa,"3,28",7.625166794432424,3.0
TCK-03274,CLI-073,2026-05-30,email,bug,alta,"2,73",7.878585334462311,4.0
TCK-03275,CLI-044,2026-05-30,chat,bug,media,"1,40",5.8823666258044485,3.0
TCK-03276,CLI-167,2026-05-30,chat,duvida_de_uso,alta,"2,76",8.317545617643205,4.0
TCK-03277,CLI-013,2026-05-30,email,bug,baixa,"8,27",16.789081712877973,4.0
TCK-03278,CLI-045,2026-05-30,chat,bug,alta,"0,33",5.087860352464327,4.0
TCK-03279,CLI-179,2026-05-30,chat,duvida_de_uso,alta,"0,95",5.515326375275679,3.0
TCK-03280,CLI-132,2026-05-30,chat,bug,critica,"1,31",7.735509883882811,3.0
TCK-03281,CLI-016,2026-05-30,chat,bug,alta,"0,53",5.229891871654735,4.0
TCK-03282,CLI-136,2026-05-30,email,duvida_de_uso,baixa,"5,84",12.982958516046402,4.0
TCK-03283,CLI-175,2026-05-30,email,duvida_de_uso,critica,"5,29",14.48800809658978,3.0
TCK-03284,CLI-018,2026-05-30,email,bug,alta,"6,88",15.785613822286098,3.0
TCK-03285,CLI-075,2026-05-30,telefone,cobranca,baixa,"0,35",4.821015111209805,5.0
TCK-03286,CLI-085,2026-05-31,telefone,bug,baixa,,15.432434618503981,3.0
TCK-03287,CLI-024,2026-05-31,chat,elogio,critica,"4,94",11.708495388302392,4.0
TCK-03288,CLI-037,2026-05-31,email,elogio,baixa,"5,92",13.81200229453909,3.0
TCK-03289,CLI-032,2026-05-31,chat,duvida_de_uso,alta,"2,26",6.876678693421532,5.0
TCK-03290,CLI-034,2026-05-31,email,bug,media,"3,37",7.794956972807485,3.0
TCK-03291,CLI-073,2026-05-31,email,cobranca,alta,"4,93",8.663690792907714,
TCK-03292,CLI-084,2026-05-31,email,duvida_de_uso,baixa,"4,52",10.092328485703717,5.0
TCK-03293,CLI-043,2026-05-31,telefone,bug,alta,"2,25",7.342527145548204,5.0
TCK-03294,CLI-053,2026-05-31,email,duvida_de_uso,media,"0,39",5.3265167220630865,5.0
TCK-03295,CLI-035,2026-05-31,chat,duvida_de_uso,critica,"1,52",6.921124059190088,4.0
TCK-03296,CLI-144,2026-05-31,telefone,cobranca,baixa,"12,41",24.91690654951823,3.0
TCK-03297,CLI-039,2026-05-31,chat,cobranca,baixa,"0,28",2.485418528769797,4.0
TCK-03298,CLI-164,2026-05-31,email,cobranca,baixa,"4,46",10.763952160624298,
TCK-03299,CLI-097,2026-05-31,telefone,cobranca,baixa,"10,49",20.412547359912676,3.0
TCK-03300,CLI-145,2026-05-31,chat,duvida_de_uso,critica,"4,20",7.380154318583861,3.0
TCK-03301,CLI-115,2026-05-31,chat,duvida_de_uso,baixa,"4,65",9.061028768961558,
TCK-03302,CLI-048,2026-05-31,chat,elogio,baixa,"4,30",12.796719360544383,3.0
TCK-03303,CLI-109,2026-05-31,telefone,elogio,alta,"0,90",7.406008888688766,
TCK-03304,CLI-050,2026-05-31,chat,cobranca,baixa,,14.110678789160602,3.0
TCK-03305,CLI-022,2026-05-31,chat,cobranca,baixa,"6,08",13.860790141824456,3.0
TCK-03306,CLI-046,2026-05-31,chat,duvida_de_uso,alta,"0,73",2.217028740776634,4.0
TCK-03307,CLI-050,2026-05-31,email,bug,media,"2,71",7.638496309612587,4.0
TCK-03308,CLI-025,2026-05-31,chat,cobranca,alta,"2,44",8.30211794037779,3.0
TCK-03309,CLI-005,2026-05-31,email,bug,media,"2,74",9.174465684847492,4.0
TCK-03310,CLI-170,2026-05-31,email,bug,baixa,"2,08",7.774948090877787,4.0
TCK-03311,CLI-093,2026-05-31,email,duvida_de_uso,media,"2,12",8.633648070017792,4.0
TCK-03312,CLI-073,2026-06-01,email,duvida_de_uso,alta,"6,29",17.239213526586546,5.0
TCK-03313,CLI-168,2026-06-01,email,duvida_de_uso,media,"7,60",16.067958981551214,
TCK-03314,CLI-041,2026-06-01,chat,bug,alta,"1,28",9.50809920273361,4.0
TCK-03315,CLI-073,2026-06-01,email,bug,media,"7,56",13.582942523096785,4.0
TCK-03316,CLI-153,2026-06-01,email,bug,media,,6.744162537857304,5.0
TCK-03317,CLI-114,2026-06-01,telefone,bug,alta,"1,29",5.6234728499138384,4.0
TCK-03318,CLI-072,2026-06-01,telefone,bug,baixa,"4,84",12.544521936298063,2.0
TCK-03319,CLI-047,2026-06-01,chat,cobranca,media,,6.960379903329622,3.0
TCK-03320,CLI-007,2026-06-01,email,bug,baixa,"4,98",11.220315045983549,5.0
TCK-03321,CLI-016,2026-06-01,email,duvida_de_uso,alta,,15.16068297123882,5.0
TCK-03322,CLI-030,2026-06-01,email,bug,media,"4,55",10.37441179820298,3.0
TCK-03323,CLI-142,2026-06-01,email,duvida_de_uso,media,"3,58",7.914970530905983,5.0
TCK-03324,CLI-116,2026-06-01,telefone,cobranca,baixa,"7,45",18.93908777589543,4.0
TCK-03325,CLI-079,2026-06-01,chat,bug,critica,,10.708918355397584,5.0
TCK-03326,CLI-141,2026-06-01,email,bug,media,"2,81",9.694765985785292,5.0
TCK-03327,CLI-029,2026-06-01,telefone,cobranca,baixa,"2,75",8.246093398159143,5.0
TCK-03328,CLI-038,2026-06-01,email,bug,baixa,,2.4092754437205963,5.0
TCK-03329,CLI-071,2026-06-01,email,cobranca,media,"0,96",4.855266925649047,5.0
TCK-03330,CLI-166,2026-06-01,email,elogio,baixa,"3,39",6.822980594578576,4.0
TCK-03331,CLI-111,2026-06-01,email,duvida_de_uso,alta,"6,80",15.605518331982157,4.0
TCK-03332,CLI-154,2026-06-01,telefone,elogio,alta,"1,83",7.281797899188073,4.0
TCK-03333,CLI-045,2026-06-02,email,duvida_de_uso,baixa,"6,15",15.68403422220973,4.0
TCK-03334,CLI-153,2026-06-02,chat,duvida_de_uso,media,"2,66",7.646717228877606,4.0
TCK-03335,CLI-014,2026-06-02,email,bug,baixa,"1,94",7.610992098416294,5.0
TCK-03336,CLI-041,2026-06-02,telefone,bug,baixa,"4,03",8.900152324176437,4.0
TCK-03337,CLI-095,2026-06-02,chat,bug,media,"2,35",8.676284237767138,5.0
TCK-03338,CLI-010,2026-06-02,chat,duvida_de_uso,baixa,,6.1860828786805095,4.0
TCK-03339,CLI-155,2026-06-02,email,duvida_de_uso,alta,"5,87",12.35811706758495,5.0
TCK-03340,CLI-157,2026-06-02,telefone,bug,media,"7,26",16.86694586530614,3.0
TCK-03341,CLI-098,2026-06-02,chat,duvida_de_uso,baixa,"1,81",7.887541986965932,5.0
TCK-03342,CLI-056,2026-06-02,email,bug,critica,"1,41",5.656856541770377,5.0
TCK-03343,CLI-018,2026-06-02,telefone,bug,media,"7,51",15.275273898652365,
TCK-03344,CLI-112,2026-06-02,email,bug,baixa,"0,90",4.884722089702415,5.0
TCK-03345,CLI-097,2026-06-02,email,cobranca,media,"4,72",12.323157424954251,5.0
TCK-03346,CLI-137,2026-06-02,chat,duvida_de_uso,critica,"1,10",3.7339676093467737,4.0
TCK-03347,CLI-109,2026-06-02,email,cobranca,media,"1,30",3.8297220776097896,4.0
TCK-03348,CLI-024,2026-06-02,chat,bug,media,"1,49",6.4569112259822905,
TCK-03349,CLI-022,2026-06-02,email,duvida_de_uso,media,"3,91",11.271898165797799,3.0
TCK-03350,CLI-141,2026-06-02,email,elogio,baixa,"1,57",9.05463426011438,5.0
TCK-03351,CLI-029,2026-06-02,email,bug,baixa,"1,10",5.982166031839249,5.0
TCK-03352,CLI-169,2026-06-02,email,duvida_de_uso,media,"0,63",2.3276002129195543,5.0
TCK-03353,CLI-020,2026-06-02,telefone,bug,alta,"10,49",24.94484594923228,3.0
TCK-03354,CLI-132,2026-06-03,chat,bug,alta,"3,00",9.98023211130437,5.0
TCK-03355,CLI-176,2026-06-03,chat,duvida_de_uso,baixa,"1,17",2.0987449336250044,5.0
TCK-03356,CLI-080,2026-06-03,email,bug,media,"5,18",10.77579427084618,4.0
TCK-03357,CLI-011,2026-06-03,chat,duvida_de_uso,baixa,"2,33",6.4533579652621365,5.0
TCK-03358,CLI-158,2026-06-03,email,elogio,media,,15.603631063283537,3.0
TCK-03359,CLI-034,2026-06-03,email,bug,alta,"3,20",5.199496869226129,4.0
TCK-03360,CLI-095,2026-06-03,chat,bug,baixa,"4,26",10.487192484143383,3.0
TCK-03361,CLI-178,2026-06-03,chat,cobranca,alta,,6.547836519330109,4.0
TCK-03362,CLI-135,2026-06-03,chat,duvida_de_uso,media,"2,64",3.5047705230668615,4.0
TCK-03363,CLI-009,2026-06-03,telefone,cobranca,alta,,16.348641888127162,4.0
TCK-03364,CLI-148,2026-06-03,telefone,bug,alta,"4,57",12.518498821684474,4.0
TCK-03365,CLI-030,2026-06-03,email,duvida_de_uso,alta,"12,68",24.55205285611929,
TCK-03366,CLI-135,2026-06-03,email,elogio,alta,"6,22",12.465435008857881,4.0
TCK-03367,CLI-112,2026-06-03,email,bug,alta,"5,12",10.914819770720829,5.0
TCK-03368,CLI-052,2026-06-03,chat,cobranca,media,"1,71",2.070943009132475,
TCK-03369,CLI-077,2026-06-03,telefone,duvida_de_uso,baixa,"4,47",10.563548582397392,
TCK-03370,CLI-022,2026-06-03,telefone,cobranca,baixa,"8,53",18.676765681499173,4.0
TCK-03371,CLI-178,2026-06-04,email,bug,alta,"2,57",5.78936671260913,5.0
TCK-03372,CLI-043,2026-06-04,telefone,duvida_de_uso,baixa,"1,78",7.654744294255535,5.0
TCK-03373,CLI-056,2026-06-04,chat,bug,critica,"1,55",5.9377707290677995,4.0
TCK-03374,CLI-091,2026-06-04,telefone,elogio,media,"2,47",7.82891081445797,5.0
TCK-03375,CLI-122,2026-06-04,chat,bug,alta,"3,38",8.474652399678689,
TCK-03376,CLI-091,2026-06-04,email,bug,media,"11,71",25.18380432969065,3.0
TCK-03377,CLI-091,2026-06-04,email,cobranca,critica,"0,94",6.635308682917325,4.0
TCK-03378,CLI-105,2026-06-04,telefone,bug,baixa,"3,96",9.522709022038741,4.0
TCK-03379,CLI-155,2026-06-04,email,duvida_de_uso,media,"1,58",6.983195911129152,5.0
TCK-03380,CLI-072,2026-06-04,email,bug,alta,"4,87",12.915356245520087,5.0
TCK-03381,CLI-150,2026-06-04,email,duvida_de_uso,baixa,"5,29",13.140797716207475,5.0
TCK-03382,CLI-142,2026-06-04,email,bug,baixa,"2,48",9.971437378916406,5.0
TCK-03383,CLI-173,2026-06-04,telefone,duvida_de_uso,alta,"5,74",12.23857627282989,4.0
TCK-03384,CLI-165,2026-06-04,email,duvida_de_uso,alta,"2,15",6.228878024009154,5.0
TCK-03385,CLI-144,2026-06-04,email,bug,baixa,"2,14",5.690225486535361,4.0
TCK-03386,CLI-045,2026-06-04,chat,bug,media,"1,12",6.107811205591517,4.0
TCK-03387,CLI-140,2026-06-04,chat,bug,baixa,"1,56",5.400057708613371,4.0
TCK-03388,CLI-133,2026-06-04,email,cobranca,baixa,"3,68",8.57149461186075,4.0
TCK-03389,CLI-053,2026-06-04,email,bug,media,"3,37",11.562691299313439,4.0
TCK-03390,CLI-123,2026-06-04,email,bug,baixa,"4,24",13.341254347608414,3.0
TCK-03391,CLI-046,2026-06-04,email,bug,media,"5,53",12.465235593120882,3.0
TCK-03392,CLI-095,2026-06-04,email,duvida_de_uso,baixa,"4,28",8.650645333276602,
TCK-03393,CLI-144,2026-06-04,email,cobranca,alta,"10,36",24.435335434080045,3.0
TCK-03394,CLI-034,2026-06-04,chat,duvida_de_uso,media,"2,33",7.8949605094473005,4.0
TCK-03395,CLI-061,2026-06-04,telefone,cobranca,baixa,"6,45",15.241681515764368,4.0
TCK-03396,CLI-144,2026-06-04,telefone,cobranca,critica,"0,82",4.627191131238438,
TCK-03397,CLI-082,2026-06-05,email,cobranca,alta,"4,24",9.427683881137831,5.0
TCK-03398,CLI-173,2026-06-05,email,cobranca,baixa,,8.394142523237228,4.0
TCK-03399,CLI-002,2026-06-05,telefone,bug,critica,"3,11",9.614382006455472,4.0
TCK-03400,CLI-130,2026-06-05,chat,elogio,baixa,"5,05",11.411367714167346,3.0
TCK-03401,CLI-147,2026-06-05,chat,cobranca,baixa,"7,80",17.69739334046607,3.0
TCK-03402,CLI-166,2026-06-05,email,duvida_de_uso,media,"5,57",13.052846231429497,4.0
TCK-03403,CLI-029,2026-06-05,email,bug,baixa,"0,62",2.538960620316356,5.0
TCK-03404,CLI-178,2026-06-05,chat,bug,alta,"1,42",7.991401035030265,5.0
TCK-03405,CLI-071,2026-06-05,chat,duvida_de_uso,media,"0,58",4.941694775869304,4.0
TCK-03406,CLI-064,2026-06-05,email,duvida_de_uso,alta,"4,16",10.97512574348695,4.0
TCK-03407,CLI-064,2026-06-05,telefone,cobranca,baixa,"5,07",12.964451130486422,4.0
TCK-03408,CLI-115,2026-06-05,chat,duvida_de_uso,baixa,"0,45",1.1132601367686625,5.0
TCK-03409,CLI-119,2026-06-05,chat,duvida_de_uso,media,"5,66",12.443479953114164,3.0
TCK-03410,CLI-086,2026-06-05,email,bug,baixa,"1,28",3.016231521564012,5.0
TCK-03411,CLI-013,2026-06-05,chat,bug,critica,,8.482935072917419,4.0
TCK-03412,CLI-178,2026-06-05,chat,bug,alta,"5,57",13.523553152787933,
TCK-03413,CLI-040,2026-06-05,email,cobranca,alta,"4,22",10.799972657633473,
TCK-03414,CLI-017,2026-06-05,chat,duvida_de_uso,alta,"1,22",6.96136788024457,
TCK-03415,CLI-108,2026-06-05,chat,elogio,baixa,"1,16",2.8369191747943923,3.0
TCK-03416,CLI-075,2026-06-05,telefone,cobranca,baixa,"4,30",9.542175108728124,
TCK-03417,CLI-111,2026-06-05,email,cobranca,media,"6,46",15.24861405537336,5.0
TCK-03418,CLI-158,2026-06-05,telefone,duvida_de_uso,alta,"4,78",11.998323496004438,5.0
TCK-03419,CLI-018,2026-06-05,chat,cobranca,media,"1,13",3.0693835412971406,5.0
TCK-03420,CLI-052,2026-06-06,email,elogio,baixa,,10.696113480105993,4.0
TCK-03421,CLI-093,2026-06-06,email,cobranca,alta,,8.31842437930515,5.0
TCK-03422,CLI-142,2026-06-06,email,bug,baixa,"1,65",6.611671003460005,
TCK-03423,CLI-109,2026-06-06,email,cobranca,media,"1,57",3.568231103864743,4.0
TCK-03424,CLI-069,2026-06-06,chat,bug,baixa,"1,64",6.18874767128801,
TCK-03425,CLI-110,2026-06-06,chat,bug,media,"2,13",7.347503294103392,4.0
TCK-03426,CLI-177,2026-06-06,email,cobranca,media,"3,88",9.572644239023873,4.0
TCK-03427,CLI-087,2026-06-06,telefone,cobranca,alta,"4,60",13.291927540980918,4.0
TCK-03428,CLI-160,2026-06-06,email,bug,alta,"1,99",6.403786267727512,
TCK-03429,CLI-141,2026-06-06,chat,bug,baixa,"2,17",10.056261870757236,
TCK-03430,CLI-055,2026-06-06,telefone,cobranca,alta,,11.299008687932522,5.0
TCK-03431,CLI-045,2026-06-06,telefone,bug,alta,"7,91",17.65089706326473,4.0
TCK-03432,CLI-139,2026-06-06,chat,bug,alta,"0,46",5.212662186935463,4.0
TCK-03433,CLI-038,2026-06-06,chat,cobranca,critica,"0,61",6.395228594955519,4.0
TCK-03434,CLI-061,2026-06-06,email,cobranca,alta,"5,37",14.022595535679436,4.0
TCK-03435,CLI-043,2026-06-06,email,duvida_de_uso,baixa,"5,78",13.28994487463193,3.0
TCK-03436,CLI-110,2026-06-07,email,duvida_de_uso,media,"5,39",11.713034098398579,4.0
TCK-03437,CLI-053,2026-06-07,email,bug,media,"5,35",10.947390488725217,3.0
TCK-03438,CLI-119,2026-06-07,email,bug,media,"0,85",0.8764949457106823,5.0
TCK-03439,CLI-169,2026-06-07,email,cobranca,critica,"11,72",24.355932851882752,2.0
TCK-03440,CLI-150,2026-06-07,telefone,cobranca,media,"7,31",15.573346301316656,4.0
TCK-03441,CLI-171,2026-06-07,telefone,bug,media,"0,87",4.061746401802472,4.0
TCK-03442,CLI-005,2026-06-07,telefone,bug,critica,"2,95",9.851126974349732,4.0
TCK-03443,CLI-082,2026-06-07,chat,bug,alta,"1,69",5.876416908962208,4.0
TCK-03444,CLI-040,2026-06-07,email,bug,baixa,"3,36",11.885888671592058,3.0
TCK-03445,CLI-166,2026-06-07,email,bug,critica,"2,54",6.711234852268728,3.0
TCK-03446,CLI-129,2026-06-07,chat,bug,media,"0,83",3.0294404377658615,5.0
TCK-03447,CLI-058,2026-06-07,chat,cobranca,media,"2,41",5.4455627776992,4.0
TCK-03448,CLI-102,2026-06-07,email,bug,media,"8,26",18.951501271940845,3.0
TCK-03449,CLI-109,2026-06-07,chat,cobranca,critica,"1,49",7.4028546698271125,5.0
TCK-03450,CLI-090,2026-06-07,chat,duvida_de_uso,baixa,"2,74",7.042142608716574,4.0
TCK-03451,CLI-086,2026-06-07,email,cobranca,media,"3,43",7.582283998196447,4.0
TCK-03452,CLI-010,2026-06-07,email,elogio,alta,"5,35",14.922714591927193,
TCK-03453,CLI-082,2026-06-07,email,duvida_de_uso,alta,"3,20",6.5904686043172225,5.0
TCK-03454,CLI-063,2026-06-07,chat,bug,baixa,"1,31",6.877387726181351,4.0
TCK-03455,CLI-148,2026-06-07,telefone,cobranca,baixa,"2,59",6.806218919139082,5.0
TCK-03456,CLI-156,2026-06-07,chat,bug,critica,"4,83",12.28374023410106,4.0
TCK-03457,CLI-136,2026-06-07,chat,bug,alta,"2,26",8.684486581436609,3.0
TCK-03458,CLI-006,2026-06-07,telefone,bug,media,"3,68",10.33085138441533,
TCK-03459,CLI-152,2026-06-07,email,cobranca,media,"7,88",16.732250621374497,4.0
TCK-03460,CLI-072,2026-06-07,chat,bug,media,"5,32",14.675561154484203,4.0
TCK-03461,CLI-075,2026-06-07,chat,duvida_de_uso,alta,"0,20",3.798338674780919,5.0
TCK-03462,CLI-171,2026-06-07,chat,duvida_de_uso,media,"0,63",9.650215889694415,4.0
TCK-03463,CLI-157,2026-06-07,email,cobranca,alta,"6,37",11.900752479995706,5.0
TCK-03464,CLI-010,2026-06-08,telefone,bug,baixa,"3,90",7.439387576283991,5.0
TCK-03465,CLI-065,2026-06-08,telefone,cobranca,alta,,20.5009314847641,4.0
TCK-03466,CLI-135,2026-06-08,email,cobranca,baixa,"0,78",4.347596698038018,5.0
TCK-03467,CLI-097,2026-06-08,email,duvida_de_uso,alta,"4,33",11.974644434270882,4.0
TCK-03468,CLI-047,2026-06-08,email,duvida_de_uso,baixa,"5,55",11.333525299030505,3.0
TCK-03469,CLI-095,2026-06-08,chat,cobranca,baixa,"1,71",6.16446193934171,4.0
TCK-03470,CLI-156,2026-06-08,chat,cobranca,baixa,"3,67",10.289790754113207,4.0
TCK-03471,CLI-041,2026-06-08,email,duvida_de_uso,baixa,"6,45",13.79691333109042,
TCK-03472,CLI-135,2026-06-08,telefone,bug,media,"3,46",9.582600721319634,4.0
TCK-03473,CLI-133,2026-06-08,email,bug,alta,"3,29",6.871271730228738,5.0
TCK-03474,CLI-160,2026-06-08,chat,bug,alta,"4,13",11.032669464890567,3.0
TCK-03475,CLI-054,2026-06-08,email,bug,media,"4,27",12.845900054598234,5.0
TCK-03476,CLI-039,2026-06-08,chat,bug,media,"3,17",6.8452793846565925,3.0
TCK-03477,CLI-099,2026-06-08,chat,bug,media,"2,55",5.64218622436805,4.0
TCK-03478,CLI-096,2026-06-08,email,cobranca,alta,"4,09",12.153555623820065,5.0
TCK-03479,CLI-074,2026-06-08,email,cobranca,baixa,"3,28",6.928981918157891,4.0
TCK-03480,CLI-141,2026-06-08,telefone,cobranca,media,"5,53",14.212481627568945,5.0
TCK-03481,CLI-144,2026-06-08,chat,duvida_de_uso,baixa,,5.072176479730842,
TCK-03482,CLI-045,2026-06-08,telefone,duvida_de_uso,baixa,"0,82",3.8421369231155786,5.0
TCK-03483,CLI-144,2026-06-08,chat,bug,media,"2,20",9.163794215630478,4.0
TCK-03484,CLI-042,2026-06-09,chat,cobranca,baixa,"5,39",14.095713147410311,
TCK-03485,CLI-074,2026-06-09,email,bug,baixa,"4,27",11.105758498129713,5.0
TCK-03486,CLI-005,2026-06-09,chat,duvida_de_uso,alta,"1,83",3.065378228878727,4.0
TCK-03487,CLI-062,2026-06-09,email,elogio,baixa,"2,75",9.01920230650001,3.0
TCK-03488,CLI-173,2026-06-09,email,cobranca,media,"2,61",6.0864822253471935,4.0
TCK-03489,CLI-080,2026-06-09,email,bug,media,,3.027927076155138,5.0
TCK-03490,CLI-128,2026-06-09,email,cobranca,alta,"8,16",17.70524568065349,3.0
TCK-03491,CLI-020,2026-06-09,telefone,bug,alta,"2,40",10.159616882206663,
TCK-03492,CLI-115,2026-06-09,telefone,bug,baixa,"3,72",9.320127306847532,5.0
TCK-03493,CLI-067,2026-06-09,chat,bug,alta,"1,75",4.008488614932517,
TCK-03494,CLI-134,2026-06-09,email,bug,media,"2,07",8.938486865461282,4.0
TCK-03495,CLI-168,2026-06-09,telefone,cobranca,baixa,"8,45",19.29128480067904,3.0
TCK-03496,CLI-096,2026-06-09,chat,duvida_de_uso,alta,"0,86",5.693532412584604,4.0
TCK-03497,CLI-019,2026-06-09,email,bug,alta,"5,66",15.426648984918414,3.0
TCK-03498,CLI-086,2026-06-09,chat,elogio,media,"0,57",6.609983436633444,4.0
TCK-03499,CLI-023,2026-06-09,chat,duvida_de_uso,media,"1,98",5.22742641253515,5.0
TCK-03500,CLI-081,2026-06-09,email,duvida_de_uso,baixa,"7,66",14.708817176286267,4.0
TCK-03501,CLI-012,2026-06-10,chat,duvida_de_uso,media,"1,51",6.985002960544209,4.0
TCK-03502,CLI-116,2026-06-10,chat,duvida_de_uso,critica,"3,19",8.346380691669927,3.0
TCK-03503,CLI-056,2026-06-10,email,duvida_de_uso,media,"2,43",7.1109967766166795,5.0
TCK-03504,CLI-037,2026-06-10,email,duvida_de_uso,critica,"2,85",6.443707388917299,4.0
TCK-03505,CLI-004,2026-06-10,chat,cobranca,baixa,"3,72",10.570945993602527,4.0
TCK-03506,CLI-160,2026-06-10,chat,bug,alta,"3,24",9.434720549961558,4.0
TCK-03507,CLI-151,2026-06-10,telefone,duvida_de_uso,critica,"9,05",19.056907556804074,4.0
TCK-03508,CLI-147,2026-06-10,telefone,bug,alta,"2,51",5.437642213485712,5.0
TCK-03509,CLI-011,2026-06-10,chat,cobranca,baixa,"2,82",9.896094474400561,4.0
TCK-03510,CLI-063,2026-06-10,chat,bug,media,,7.576991647733711,4.0
TCK-03511,CLI-175,2026-06-10,chat,bug,baixa,"2,88",9.861760172865115,5.0
TCK-03512,CLI-105,2026-06-10,chat,elogio,media,"4,36",7.693935813201977,3.0
TCK-03513,CLI-024,2026-06-10,email,duvida_de_uso,critica,"2,16",6.97603704664291,5.0
TCK-03514,CLI-026,2026-06-10,chat,bug,media,"2,74",6.8618733841760085,5.0
TCK-03515,CLI-048,2026-06-10,chat,bug,baixa,"5,03",12.104665446485393,3.0
TCK-03516,CLI-176,2026-06-10,chat,duvida_de_uso,baixa,"2,33",8.61145232799504,3.0
TCK-03517,CLI-031,2026-06-10,telefone,elogio,media,"6,17",14.655548504657652,4.0
TCK-03518,CLI-163,2026-06-10,chat,duvida_de_uso,media,"0,33",3.6260781939572793,5.0
TCK-03519,CLI-123,2026-06-10,email,bug,baixa,"4,02",10.250090737710815,3.0
TCK-03520,CLI-166,2026-06-10,email,duvida_de_uso,alta,"2,63",5.394954875205469,5.0
TCK-03521,CLI-149,2026-06-10,email,duvida_de_uso,baixa,"5,34",11.253680166016661,4.0
TCK-03522,CLI-060,2026-06-10,email,bug,media,,12.949204897812825,4.0
TCK-03523,CLI-150,2026-06-11,chat,cobranca,media,"1,12",4.250568461766397,4.0
TCK-03524,CLI-031,2026-06-11,email,bug,baixa,"1,06",6.621570041994406,5.0
TCK-03525,CLI-053,2026-06-11,email,cobranca,media,"11,99",25.826378036622444,3.0
TCK-03526,CLI-039,2026-06-11,email,cobranca,alta,"4,86",13.062663193629167,5.0
TCK-03527,CLI-024,2026-06-11,chat,bug,media,"2,86",8.656083820836827,5.0
TCK-03528,CLI-017,2026-06-11,chat,cobranca,alta,"1,27",4.626428362432517,4.0
TCK-03529,CLI-034,2026-06-11,email,cobranca,media,"2,92",8.02551030516964,4.0
TCK-03530,CLI-022,2026-06-11,email,duvida_de_uso,baixa,"8,44",19.154016682469646,4.0
TCK-03531,CLI-069,2026-06-11,email,duvida_de_uso,critica,"3,95",6.912704132953346,5.0
TCK-03532,CLI-013,2026-06-11,email,bug,critica,"8,64",20.408970432127866,3.0
TCK-03533,CLI-012,2026-06-11,email,bug,baixa,"4,87",11.01586315328262,4.0
TCK-03534,CLI-179,2026-06-11,email,cobranca,critica,"7,41",16.20400473566638,4.0
TCK-03535,CLI-016,2026-06-11,email,bug,alta,"0,51",3.7959568268279837,5.0
TCK-03536,CLI-014,2026-06-11,telefone,bug,baixa,"2,01",6.567184756045925,4.0
TCK-03537,CLI-006,2026-06-11,chat,duvida_de_uso,media,"2,33",5.23224686231865,4.0
TCK-03538,CLI-024,2026-06-11,telefone,bug,baixa,"3,11",8.827094764035293,5.0
TCK-03539,CLI-096,2026-06-11,email,cobranca,media,"5,36",13.548064748830761,4.0
TCK-03540,CLI-149,2026-06-11,email,cobranca,critica,"1,06",1.84730551869505,
TCK-03541,CLI-133,2026-06-11,telefone,cobranca,media,"1,08",3.0010800319392033,5.0
TCK-03542,CLI-105,2026-06-11,email,bug,media,,13.747382615221738,3.0
TCK-03543,CLI-016,2026-06-11,chat,duvida_de_uso,baixa,,11.833609771392977,4.0
TCK-03544,CLI-140,2026-06-11,telefone,cobranca,media,"2,90",8.676379192554169,4.0
TCK-03545,CLI-007,2026-06-11,chat,duvida_de_uso,alta,"5,54",11.942982365062775,4.0
TCK-03546,CLI-114,2026-06-12,email,cobranca,baixa,"10,67",23.2790846054195,3.0
TCK-03547,CLI-074,2026-06-12,chat,duvida_de_uso,media,"2,16",5.089590528625842,5.0
TCK-03548,CLI-159,2026-06-12,email,bug,media,"2,82",7.878861188995668,5.0
TCK-03549,CLI-056,2026-06-12,email,bug,alta,"2,33",5.241267746884901,4.0
TCK-03550,CLI-115,2026-06-12,email,cobranca,alta,"2,00",6.3613535281739555,4.0
TCK-03551,CLI-080,2026-06-12,telefone,bug,alta,"5,95",12.170810166576691,3.0
TCK-03552,CLI-094,2026-06-12,chat,cobranca,media,"1,08",6.0712023541998565,5.0
TCK-03553,CLI-169,2026-06-12,email,duvida_de_uso,media,,6.394824520629403,4.0
TCK-03554,CLI-129,2026-06-12,email,bug,alta,"1,93",5.610895474421765,4.0
TCK-03555,CLI-075,2026-06-12,chat,cobranca,alta,"2,18",8.558092819198318,5.0
TCK-03556,CLI-081,2026-06-12,telefone,duvida_de_uso,media,"3,83",8.453233060673623,4.0
TCK-03557,CLI-127,2026-06-12,email,bug,alta,"5,73",13.264274540544825,
TCK-03558,CLI-063,2026-06-12,email,elogio,baixa,"3,38",8.168211767969881,4.0
TCK-03559,CLI-031,2026-06-12,telefone,cobranca,baixa,"1,00",5.904941605515449,
TCK-03560,CLI-085,2026-06-12,telefone,duvida_de_uso,critica,"2,73",8.870715934978719,5.0
TCK-03561,CLI-013,2026-06-12,telefone,cobranca,baixa,,11.61470990051031,4.0
TCK-03562,CLI-031,2026-06-12,email,duvida_de_uso,critica,"2,22",7.117474059383424,
TCK-03563,CLI-076,2026-06-12,email,duvida_de_uso,media,"4,58",6.807403413826346,4.0
TCK-03564,CLI-144,2026-06-12,email,bug,critica,"0,28",2.86644015042201,5.0
TCK-03565,CLI-141,2026-06-12,email,bug,media,"3,36",11.395796877108431,5.0
TCK-03566,CLI-047,2026-06-12,telefone,duvida_de_uso,alta,"8,17",17.217987284112528,3.0
TCK-03567,CLI-076,2026-06-12,email,duvida_de_uso,alta,"7,06",12.82402222449081,4.0
TCK-03568,CLI-028,2026-06-12,chat,cobranca,media,"2,42",8.038432638379541,4.0
TCK-03569,CLI-136,2026-06-12,telefone,duvida_de_uso,media,"3,80",10.625523764782193,5.0
TCK-03570,CLI-045,2026-06-12,telefone,duvida_de_uso,baixa,"5,05",11.004115432778187,3.0
TCK-03571,CLI-144,2026-06-12,chat,cobranca,baixa,,4.294278555289731,5.0
TCK-03572,CLI-152,2026-06-12,telefone,elogio,critica,"6,67",13.742719055358071,4.0
TCK-03573,CLI-125,2026-06-12,email,bug,baixa,"9,05",20.06754840893045,3.0
TCK-03574,CLI-060,2026-06-12,email,elogio,alta,"3,35",9.108034942674609,3.0
TCK-03575,CLI-172,2026-06-13,email,cobranca,media,"4,04",8.51989357324439,5.0
TCK-03576,CLI-124,2026-06-13,telefone,bug,media,"5,79",13.399608281456308,5.0
TCK-03577,CLI-117,2026-06-13,telefone,bug,critica,,5.591789820686083,4.0
TCK-03578,CLI-155,2026-06-13,email,bug,baixa,,21.821193559128794,3.0
TCK-03579,CLI-159,2026-06-13,email,cobranca,media,"11,81",25.606518591465345,2.0
TCK-03580,CLI-014,2026-06-13,email,duvida_de_uso,media,"5,35",12.443248529909562,
TCK-03581,CLI-159,2026-06-13,email,duvida_de_uso,baixa,"9,73",20.627394500718342,3.0
TCK-03582,CLI-138,2026-06-13,telefone,cobranca,baixa,"1,37",6.982927548936491,4.0
TCK-03583,CLI-038,2026-06-13,email,bug,alta,"4,47",10.791245885160444,4.0
TCK-03584,CLI-056,2026-06-13,chat,duvida_de_uso,baixa,"0,35",4.76890915640323,4.0
TCK-03585,CLI-136,2026-06-13,chat,cobranca,alta,"1,64",8.16001766159146,4.0
TCK-03586,CLI-039,2026-06-13,email,elogio,media,"2,77",7.257643712324165,4.0
TCK-03587,CLI-082,2026-06-13,email,cobranca,baixa,"2,25",9.522410067714869,5.0
TCK-03588,CLI-125,2026-06-13,telefone,bug,baixa,"1,39",7.534696216597014,4.0
TCK-03589,CLI-118,2026-06-13,chat,bug,baixa,"3,18",9.104933055503231,
TCK-03590,CLI-164,2026-06-13,email,bug,alta,"1,92",5.788183956426737,5.0
TCK-03591,CLI-021,2026-06-13,email,duvida_de_uso,media,"5,31",12.914721738465412,5.0
TCK-03592,CLI-054,2026-06-13,telefone,bug,baixa,"3,53",8.982353270317299,4.0
TCK-03593,CLI-178,2026-06-13,telefone,elogio,media,"4,66",10.202682601841618,4.0
TCK-03594,CLI-103,2026-06-13,telefone,cobranca,media,"2,43",8.175213800468743,5.0
TCK-03595,CLI-045,2026-06-13,chat,duvida_de_uso,media,"2,10",5.24649403079486,4.0
TCK-03596,CLI-053,2026-06-13,telefone,bug,baixa,,26.226458022612114,4.0
TCK-03597,CLI-062,2026-06-14,email,duvida_de_uso,baixa,"4,55",10.706281548879174,4.0
TCK-03598,CLI-100,2026-06-14,chat,duvida_de_uso,media,"5,55",10.948819469319714,
TCK-03599,CLI-052,2026-06-14,email,cobranca,alta,"8,94",20.078522907667548,4.0
TCK-03600,CLI-112,2026-06-14,chat,bug,alta,"0,70",3.917489518262149,4.0
TCK-03601,CLI-081,2026-06-14,telefone,cobranca,baixa,"8,92",21.007813207342497,3.0
TCK-03602,CLI-110,2026-06-14,telefone,bug,baixa,"3,50",8.932864024962115,5.0
TCK-03603,CLI-028,2026-06-14,chat,bug,alta,"1,66",5.383327863308139,4.0
TCK-03604,CLI-113,2026-06-14,chat,elogio,baixa,"0,95",3.3546621501094966,3.0
TCK-03605,CLI-167,2026-06-14,telefone,bug,media,"1,18",5.173627634897168,4.0
TCK-03606,CLI-025,2026-06-14,telefone,bug,media,"5,21",12.436886102329575,5.0
TCK-03607,CLI-059,2026-06-14,chat,duvida_de_uso,baixa,"0,68",5.337336127688287,3.0
TCK-03608,CLI-125,2026-06-14,email,duvida_de_uso,media,"5,36",12.748410384000918,4.0
TCK-03609,CLI-112,2026-06-14,email,bug,baixa,"0,37",6.804502979676181,5.0
TCK-03610,CLI-122,2026-06-14,telefone,bug,media,"1,70",6.753225738902998,5.0
TCK-03611,CLI-101,2026-06-14,chat,bug,baixa,"1,87",4.892927809880644,5.0
TCK-03612,CLI-123,2026-06-14,chat,duvida_de_uso,media,"2,29",5.515191983310094,5.0
TCK-03613,CLI-110,2026-06-14,chat,bug,media,"1,07",5.731507807543006,4.0
TCK-03614,CLI-014,2026-06-15,email,cobranca,baixa,"1,28",3.7805618632072973,5.0
TCK-03615,CLI-136,2026-06-15,email,cobranca,media,,9.042257996149203,5.0
TCK-03616,CLI-081,2026-06-15,telefone,bug,alta,"2,30",8.478183461536203,5.0
TCK-03617,CLI-010,2026-06-15,email,bug,critica,,8.951638715714763,5.0
TCK-03618,CLI-074,2026-06-15,chat,bug,baixa,"3,33",7.690891546793522,3.0
TCK-03619,CLI-079,2026-06-15,chat,bug,baixa,"4,80",13.02413383666239,5.0
TCK-03620,CLI-016,2026-06-15,telefone,bug,media,"2,74",8.40823590690662,5.0
TCK-03621,CLI-180,2026-06-15,email,cobranca,alta,"5,55",12.086288860832154,4.0
TCK-03622,CLI-041,2026-06-15,chat,bug,media,"1,41",5.304638934079703,5.0
TCK-03623,CLI-060,2026-06-15,email,duvida_de_uso,media,"2,21",7.681911097932636,5.0
TCK-03624,CLI-080,2026-06-15,email,cobranca,alta,"2,85",7.116371831412883,4.0
TCK-03625,CLI-150,2026-06-15,email,cobranca,baixa,"7,22",16.453802039226638,4.0
TCK-03626,CLI-134,2026-06-15,email,bug,media,"0,90",6.786808757657189,4.0
TCK-03627,CLI-139,2026-06-15,telefone,bug,media,"0,78",5.8423277094313395,4.0
TCK-03628,CLI-043,2026-06-15,telefone,elogio,media,"10,43",21.89165826410503,4.0
TCK-03629,CLI-153,2026-06-16,email,bug,alta,"1,74",6.481426000985523,5.0
TCK-03630,CLI-150,2026-06-16,telefone,cobranca,media,"3,16",7.877933661594239,5.0
TCK-03631,CLI-084,2026-06-16,chat,cobranca,media,"1,51",4.960036355377827,4.0
TCK-03632,CLI-099,2026-06-16,chat,duvida_de_uso,media,"5,46",10.520967479913342,4.0
TCK-03633,CLI-007,2026-06-16,telefone,bug,baixa,"7,17",16.289338450585344,4.0
TCK-03634,CLI-137,2026-06-16,chat,bug,alta,"0,76",5.394515721522914,3.0
TCK-03635,CLI-173,2026-06-16,email,duvida_de_uso,alta,"3,84",9.809054763169064,4.0
TCK-03636,CLI-086,2026-06-16,email,duvida_de_uso,critica,"4,60",9.963243944260462,4.0
TCK-03637,CLI-098,2026-06-16,chat,cobranca,alta,"3,27",8.978584134511872,4.0
TCK-03638,CLI-090,2026-06-16,telefone,cobranca,baixa,"0,51",5.930672576326801,4.0
TCK-03639,CLI-015,2026-06-16,chat,elogio,media,"0,46",5.1824005579559,4.0
TCK-03640,CLI-112,2026-06-16,email,elogio,media,"5,72",13.249904486097146,4.0
TCK-03641,CLI-130,2026-06-16,email,cobranca,baixa,,8.056751006037135,5.0
TCK-03642,CLI-168,2026-06-16,telefone,bug,media,"4,54",15.22715168902598,4.0
TCK-03643,CLI-168,2026-06-16,email,duvida_de_uso,media,"1,34",4.683372309963278,4.0
TCK-03644,CLI-089,2026-06-16,chat,duvida_de_uso,baixa,"0,50",3.5245387658443854,5.0
TCK-03645,CLI-173,2026-06-16,chat,duvida_de_uso,alta,"1,01",5.860526489983269,4.0
TCK-03646,CLI-096,2026-06-17,email,bug,baixa,"3,42",7.793735693605561,5.0
TCK-03647,CLI-116,2026-06-17,email,duvida_de_uso,media,"4,40",12.190552173874451,4.0
TCK-03648,CLI-109,2026-06-17,email,bug,alta,"4,79",11.76652862766329,4.0
TCK-03649,CLI-180,2026-06-17,email,bug,media,"6,20",14.71034787633383,5.0
TCK-03650,CLI-133,2026-06-17,chat,cobranca,baixa,"1,06",4.050698869452061,
TCK-03651,CLI-022,2026-06-17,telefone,duvida_de_uso,media,"5,96",12.54087464366843,3.0
TCK-03652,CLI-013,2026-06-17,email,duvida_de_uso,alta,"3,67",6.635557201674234,5.0
TCK-03653,CLI-074,2026-06-17,chat,duvida_de_uso,alta,"2,47",9.666630613586852,4.0
TCK-03654,CLI-093,2026-06-17,email,duvida_de_uso,media,,29.580369841938417,
TCK-03655,CLI-121,2026-06-17,email,bug,baixa,"5,28",13.51807879076075,4.0
TCK-03656,CLI-087,2026-06-17,chat,duvida_de_uso,media,"1,78",6.7187101389059745,5.0
TCK-03657,CLI-093,2026-06-17,chat,bug,baixa,"1,55",2.341385944346877,
TCK-03658,CLI-166,2026-06-17,chat,cobranca,alta,"2,07",5.598928368206678,3.0
TCK-03659,CLI-061,2026-06-17,email,bug,alta,"0,95",4.320474710772123,5.0
TCK-03660,CLI-089,2026-06-17,chat,elogio,alta,"2,72",6.28119855345127,5.0
TCK-03661,CLI-101,2026-06-18,email,cobranca,critica,"3,42",6.611755945957146,4.0
TCK-03662,CLI-085,2026-06-18,telefone,duvida_de_uso,media,"4,07",8.86715284825032,4.0
TCK-03663,CLI-175,2026-06-18,chat,bug,critica,"2,20",7.02814552327394,4.0
TCK-03664,CLI-174,2026-06-18,telefone,duvida_de_uso,media,,4.962022107627073,5.0
TCK-03665,CLI-093,2026-06-18,email,cobranca,baixa,"5,41",14.096229554629094,3.0
TCK-03666,CLI-082,2026-06-18,chat,cobranca,alta,"1,30",8.43152545505656,4.0
TCK-03667,CLI-107,2026-06-18,chat,cobranca,alta,"4,02",11.255666260737769,5.0
TCK-03668,CLI-033,2026-06-18,email,cobranca,critica,,13.04813513314226,5.0
TCK-03669,CLI-077,2026-06-18,chat,duvida_de_uso,baixa,"6,03",16.552676545700432,3.0
TCK-03670,CLI-040,2026-06-18,chat,cobranca,media,"2,06",4.343611475766565,4.0
TCK-03671,CLI-026,2026-06-18,telefone,duvida_de_uso,alta,"6,20",11.041019751226326,4.0
TCK-03672,CLI-018,2026-06-18,email,duvida_de_uso,baixa,"10,79",21.10006646963195,4.0
TCK-03673,CLI-106,2026-06-18,telefone,duvida_de_uso,media,"2,01",7.833419027053797,5.0
TCK-03674,CLI-001,2026-06-18,email,cobranca,media,"7,25",16.294642086318543,5.0
TCK-03675,CLI-117,2026-06-18,chat,bug,baixa,"3,13",6.9399671403966074,4.0
TCK-03676,CLI-078,2026-06-18,chat,bug,baixa,"0,90",3.521164238166029,3.0
TCK-03677,CLI-066,2026-06-18,email,bug,alta,"3,13",6.778539251553623,
TCK-03678,CLI-139,2026-06-18,telefone,elogio,baixa,"15,41",28.87376054894077,2.0
TCK-03679,CLI-097,2026-06-18,telefone,duvida_de_uso,alta,"6,98",17.888691843447404,4.0
TCK-03680,CLI-133,2026-06-18,telefone,duvida_de_uso,alta,"4,87",11.552604991108666,4.0
TCK-03681,CLI-128,2026-06-18,telefone,duvida_de_uso,media,"2,06",9.3553843779662,4.0
TCK-03682,CLI-006,2026-06-18,chat,duvida_de_uso,media,"0,23",2.0799082946854583,5.0
TCK-03683,CLI-039,2026-06-18,chat,cobranca,baixa,"0,67",4.943146895474014,4.0
TCK-03684,CLI-103,2026-06-18,telefone,elogio,alta,"3,55",9.723095033588601,
TCK-03685,CLI-176,2026-06-18,email,cobranca,baixa,"3,55",10.705283994205764,5.0
TCK-03686,CLI-028,2026-06-18,telefone,cobranca,baixa,"8,29",18.296716501789817,3.0
TCK-03687,CLI-020,2026-06-19,chat,bug,critica,"1,00",6.270591312962647,4.0
TCK-03688,CLI-170,2026-06-19,chat,bug,media,"0,92",5.491024817491786,3.0
TCK-03689,CLI-175,2026-06-19,email,duvida_de_uso,baixa,,10.852711366181005,3.0
TCK-03690,CLI-031,2026-06-19,email,cobranca,critica,"2,63",8.83719219082698,5.0
TCK-03691,CLI-073,2026-06-19,email,bug,baixa,"2,61",7.54020272288674,5.0
TCK-03692,CLI-113,2026-06-19,email,cobranca,baixa,"7,74",15.765052457185151,
TCK-03693,CLI-036,2026-06-19,email,bug,media,"1,45",6.6581127017109445,5.0
TCK-03694,CLI-059,2026-06-19,email,bug,alta,"6,97",16.9359926920931,3.0
TCK-03695,CLI-072,2026-06-19,email,bug,alta,"4,83",10.965106139866336,5.0
TCK-03696,CLI-116,2026-06-19,chat,cobranca,alta,"1,45",5.086902968444579,4.0
TCK-03697,CLI-056,2026-06-19,email,cobranca,critica,"3,46",7.154647162243801,5.0
TCK-03698,CLI-075,2026-06-19,telefone,duvida_de_uso,baixa,"1,82",3.563370689715589,5.0
TCK-03699,CLI-053,2026-06-19,email,cobranca,media,,8.109307250894553,4.0
TCK-03700,CLI-137,2026-06-19,chat,cobranca,baixa,"6,24",15.428508246400625,3.0
TCK-03701,CLI-028,2026-06-19,email,duvida_de_uso,critica,"1,99",5.727862725541905,5.0
TCK-03702,CLI-042,2026-06-19,chat,cobranca,critica,"0,41",5.871162246852965,4.0
TCK-03703,CLI-045,2026-06-19,chat,bug,media,"2,13",6.51920985746727,4.0
TCK-03704,CLI-164,2026-06-19,chat,duvida_de_uso,alta,"5,54",12.66391646512075,5.0
TCK-03705,CLI-171,2026-06-20,email,bug,media,,10.06123784254041,4.0
TCK-03706,CLI-091,2026-06-20,chat,duvida_de_uso,baixa,"1,74",7.599059704783672,3.0
TCK-03707,CLI-029,2026-06-20,email,duvida_de_uso,media,"2,80",6.593318500308475,4.0
TCK-03708,CLI-137,2026-06-20,chat,bug,critica,"4,27",10.488459079152742,3.0
TCK-03709,CLI-089,2026-06-20,email,duvida_de_uso,media,"4,55",10.367509482485023,4.0
TCK-03710,CLI-153,2026-06-20,chat,cobranca,baixa,"3,16",7.841075345094589,3.0
TCK-03711,CLI-065,2026-06-20,email,duvida_de_uso,critica,"3,91",10.09714982781852,
TCK-03712,CLI-180,2026-06-20,chat,bug,media,"3,79",9.660507483642744,4.0
TCK-03713,CLI-146,2026-06-20,email,bug,media,"10,41",23.31227679828192,3.0
TCK-03714,CLI-041,2026-06-20,email,duvida_de_uso,alta,"3,50",9.281174886519633,5.0
TCK-03715,CLI-131,2026-06-20,email,cobranca,media,"4,49",11.914831955186065,4.0
TCK-03716,CLI-052,2026-06-20,email,cobranca,media,,21.462724158739572,
TCK-03717,CLI-063,2026-06-20,chat,bug,baixa,"2,34",9.324008550223155,4.0
TCK-03718,CLI-046,2026-06-20,telefone,cobranca,alta,"7,05",15.229529915038121,4.0
TCK-03719,CLI-123,2026-06-20,chat,duvida_de_uso,media,"1,03",4.397717397633418,4.0
TCK-03720,CLI-048,2026-06-20,email,elogio,alta,"1,93",7.599904663901106,
TCK-03721,CLI-115,2026-06-20,email,bug,alta,"12,04",24.19572106562141,4.0
TCK-03722,CLI-105,2026-06-20,telefone,duvida_de_uso,baixa,"5,96",14.472645643160426,4.0
TCK-03723,CLI-136,2026-06-20,email,duvida_de_uso,alta,"3,16",12.200781379174202,5.0
TCK-03724,CLI-179,2026-06-20,email,bug,alta,"2,31",5.6880302262238605,5.0
TCK-03725,CLI-002,2026-06-20,telefone,bug,critica,"2,80",10.340582812757583,5.0
TCK-03726,CLI-179,2026-06-20,email,bug,baixa,"1,16",4.3534092792092505,5.0
TCK-03727,CLI-020,2026-06-20,email,duvida_de_uso,media,"5,62",15.1145119795356,3.0
TCK-03728,CLI-095,2026-06-20,email,cobranca,alta,"5,23",13.435215280409706,4.0
TCK-03729,CLI-062,2026-06-20,chat,cobranca,critica,"3,08",9.451604611000418,4.0
TCK-03730,CLI-116,2026-06-20,email,bug,critica,"8,65",18.344854076307413,4.0
TCK-03731,CLI-130,2026-06-20,chat,cobranca,media,"2,25",6.667108276668633,4.0
TCK-03732,CLI-155,2026-06-21,email,duvida_de_uso,media,"4,83",10.619536726411361,4.0
TCK-03733,CLI-073,2026-06-21,email,elogio,baixa,"0,71",4.2893411610569965,5.0
TCK-03734,CLI-168,2026-06-21,email,bug,alta,"6,00",13.52269263124632,3.0
TCK-03735,CLI-059,2026-06-21,telefone,cobranca,alta,"5,32",12.856649568244228,4.0
TCK-03736,CLI-037,2026-06-21,email,elogio,alta,"1,31",3.234720718594289,5.0
TCK-03737,CLI-069,2026-06-21,chat,cobranca,media,"1,90",6.461572913003411,4.0
TCK-03738,CLI-096,2026-06-21,email,cobranca,critica,"7,86",19.043264675391836,3.0
TCK-03739,CLI-121,2026-06-21,email,duvida_de_uso,baixa,"4,73",12.924147064899593,4.0
TCK-03740,CLI-150,2026-06-21,email,cobranca,media,"2,16",6.92823052998992,4.0
TCK-03741,CLI-041,2026-06-21,chat,duvida_de_uso,media,"3,20",12.596833106689433,4.0
TCK-03742,CLI-055,2026-06-21,chat,duvida_de_uso,media,"6,78",14.338311431579456,4.0
TCK-03743,CLI-169,2026-06-21,telefone,elogio,alta,"0,97",4.611135815171811,5.0
TCK-03744,CLI-080,2026-06-21,telefone,bug,media,"5,85",11.357217796020922,4.0
TCK-03745,CLI-044,2026-06-21,chat,duvida_de_uso,baixa,"2,76",7.35572448561743,4.0
TCK-03746,CLI-178,2026-06-21,chat,elogio,baixa,"0,72",6.970519841996214,5.0
TCK-03747,CLI-081,2026-06-21,chat,bug,media,"2,85",7.581559553778757,4.0
TCK-03748,CLI-178,2026-06-21,chat,bug,alta,,3.23483275435838,4.0
TCK-03749,CLI-166,2026-06-21,email,bug,media,"2,92",9.560237792804964,5.0
TCK-03750,CLI-164,2026-06-21,telefone,cobranca,media,"5,35",13.211276708322464,4.0
TCK-03751,CLI-105,2026-06-21,telefone,cobranca,baixa,"5,20",13.606537313513629,3.0
TCK-03752,CLI-144,2026-06-21,email,bug,alta,"5,13",11.779598772060107,4.0
TCK-03753,CLI-173,2026-06-21,telefone,duvida_de_uso,media,"15,36",29.14611641453828,2.0
TCK-03754,CLI-049,2026-06-21,telefone,duvida_de_uso,media,"3,28",8.628375455912659,5.0
TCK-03755,CLI-007,2026-06-21,email,cobranca,media,"1,45",6.435034562733343,3.0
TCK-03756,CLI-058,2026-06-21,telefone,cobranca,baixa,"5,90",13.5090677865905,4.0
TCK-03757,CLI-115,2026-06-21,email,elogio,baixa,"4,57",11.811887929300486,
TCK-03758,CLI-099,2026-06-21,email,bug,baixa,"2,44",6.580141891459107,5.0
TCK-03759,CLI-015,2026-06-21,email,bug,alta,"2,30",7.780390073025066,4.0
TCK-03760,CLI-101,2026-06-21,chat,duvida_de_uso,baixa,"5,42",12.751506656825201,5.0
TCK-03761,CLI-032,2026-06-21,email,duvida_de_uso,baixa,"0,46",2.7669931991997734,5.0
TCK-03762,CLI-091,2026-06-21,telefone,duvida_de_uso,critica,,11.304478764188021,4.0
TCK-03763,CLI-104,2026-06-22,email,bug,media,"2,23",6.42976924838225,4.0
TCK-03764,CLI-115,2026-06-22,email,bug,media,"4,96",12.854511668573835,3.0
TCK-03765,CLI-075,2026-06-22,chat,elogio,media,"1,17",6.4109325734434215,4.0
TCK-03766,CLI-074,2026-06-22,email,bug,baixa,"5,05",12.834704551579064,3.0
TCK-03767,CLI-123,2026-06-22,chat,duvida_de_uso,baixa,"4,53",8.703197984134144,4.0
TCK-03768,CLI-135,2026-06-22,email,cobranca,alta,"2,49",6.035603182017843,5.0
TCK-03769,CLI-146,2026-06-22,telefone,bug,media,"2,80",7.087567384249416,4.0
TCK-03770,CLI-061,2026-06-22,chat,bug,alta,"2,95",7.1095302493676105,3.0
TCK-03771,CLI-077,2026-06-22,email,duvida_de_uso,critica,"6,26",13.446771339373782,5.0
TCK-03772,CLI-060,2026-06-22,email,duvida_de_uso,baixa,"13,51",28.7030955388579,3.0
TCK-03773,CLI-095,2026-06-22,email,bug,alta,"2,85",9.178026795647831,5.0
TCK-03774,CLI-023,2026-06-22,telefone,duvida_de_uso,baixa,"2,80",7.403788730147459,4.0
TCK-03775,CLI-078,2026-06-22,chat,bug,media,"0,92",5.551953365534317,4.0
TCK-03776,CLI-034,2026-06-22,email,bug,alta,"0,31",4.056967799636752,5.0
TCK-03777,CLI-096,2026-06-22,email,bug,baixa,"7,60",16.627759716711168,3.0
TCK-03778,CLI-154,2026-06-22,telefone,bug,critica,"3,40",10.842829879583459,5.0
TCK-03779,CLI-178,2026-06-22,email,duvida_de_uso,media,"1,49",4.695820653299764,5.0
TCK-03780,CLI-081,2026-06-22,chat,elogio,media,"4,09",10.446053553426296,4.0
TCK-03781,CLI-011,2026-06-22,chat,bug,baixa,"3,53",7.783676114225967,4.0
TCK-03782,CLI-042,2026-06-22,email,duvida_de_uso,media,"2,77",6.487965842510951,5.0
TCK-03783,CLI-019,2026-06-22,chat,duvida_de_uso,media,"2,78",5.962819426518271,3.0
TCK-03784,CLI-137,2026-06-22,email,cobranca,baixa,"1,73",4.628740642363033,4.0
TCK-03785,CLI-178,2026-06-22,email,duvida_de_uso,media,"6,10",14.106173306954194,4.0
TCK-03786,CLI-100,2026-06-22,telefone,bug,baixa,"2,38",6.8311946944420106,
TCK-03787,CLI-032,2026-06-22,chat,duvida_de_uso,critica,"4,92",11.451393309393476,3.0
TCK-03788,CLI-004,2026-06-22,telefone,bug,media,"5,40",12.275215410441273,3.0
TCK-03789,CLI-176,2026-06-23,chat,cobranca,media,"0,74",6.985874520436661,4.0
TCK-03790,CLI-057,2026-06-23,email,bug,alta,,14.998287803220334,4.0
TCK-03791,CLI-021,2026-06-23,chat,cobranca,alta,"4,32",8.912327270264909,4.0
TCK-03792,CLI-032,2026-06-23,chat,duvida_de_uso,alta,"3,93",8.811874300664346,4.0
TCK-03793,CLI-046,2026-06-23,email,cobranca,critica,"6,81",15.1414191665112,3.0
TCK-03794,CLI-119,2026-06-23,email,bug,baixa,"3,76",10.54306343443165,5.0
TCK-03795,CLI-161,2026-06-23,chat,cobranca,media,,8.868056973664176,5.0
TCK-03796,CLI-050,2026-06-23,chat,cobranca,alta,"1,94",7.9143544012487705,4.0
TCK-03797,CLI-124,2026-06-23,email,duvida_de_uso,baixa,"0,70",4.1041355928323195,5.0
TCK-03798,CLI-012,2026-06-23,telefone,bug,alta,"5,34",12.016296431221246,4.0
TCK-03799,CLI-002,2026-06-23,email,bug,baixa,"0,96",7.170076899241153,5.0
TCK-03800,CLI-010,2026-06-23,email,bug,critica,,1.5903428147293646,4.0
TCK-03801,CLI-167,2026-06-23,email,cobranca,alta,"2,28",7.192337139452484,4.0
TCK-03802,CLI-105,2026-06-23,telefone,duvida_de_uso,media,"3,94",10.737728826715097,4.0
TCK-03803,CLI-145,2026-06-23,email,cobranca,media,"11,79",27.036288465956435,3.0
TCK-03804,CLI-004,2026-06-23,chat,cobranca,critica,"1,36",2.9505564419895745,4.0
TCK-03805,CLI-005,2026-06-23,email,cobranca,alta,"12,43",24.744412650016294,2.0
TCK-03806,CLI-153,2026-06-24,chat,cobranca,alta,"4,24",8.590373736560725,4.0
TCK-03807,CLI-019,2026-06-24,chat,duvida_de_uso,alta,"2,93",5.571787729109296,4.0
TCK-03808,CLI-028,2026-06-24,email,duvida_de_uso,baixa,"2,05",6.391033926885288,5.0
TCK-03809,CLI-094,2026-06-24,telefone,bug,baixa,"3,98",11.420737688108709,5.0
TCK-03810,CLI-110,2026-06-24,email,cobranca,baixa,"4,23",12.420089850914016,4.0
TCK-03811,CLI-042,2026-06-24,email,elogio,alta,"6,05",13.083986739617625,4.0
TCK-03812,CLI-081,2026-06-24,chat,duvida_de_uso,media,"1,29",6.3188244963732005,4.0
TCK-03813,CLI-122,2026-06-24,chat,elogio,media,"4,33",10.491322151525635,
TCK-03814,CLI-080,2026-06-24,email,elogio,critica,"3,65",10.403804037628609,5.0
TCK-03815,CLI-069,2026-06-24,chat,duvida_de_uso,baixa,,10.485787223366154,5.0
TCK-03816,CLI-013,2026-06-24,email,cobranca,alta,"3,43",8.877521359748911,5.0
TCK-03817,CLI-082,2026-06-24,chat,duvida_de_uso,media,"5,34",14.233220441656199,4.0
TCK-03818,CLI-145,2026-06-24,chat,bug,media,"0,97",2.9335468388301953,5.0
TCK-03819,CLI-113,2026-06-24,telefone,bug,baixa,"4,67",12.393908859869615,3.0
TCK-03820,CLI-161,2026-06-24,chat,duvida_de_uso,alta,"0,72",5.84957939656706,4.0
TCK-03821,CLI-023,2026-06-24,chat,cobranca,alta,"3,38",10.485543534720108,4.0
TCK-03822,CLI-002,2026-06-24,chat,bug,media,,2.8480572465021523,4.0
TCK-03823,CLI-099,2026-06-24,email,cobranca,media,"3,10",8.26452272764799,4.0
TCK-03824,CLI-033,2026-06-24,email,cobranca,media,"2,82",8.520927968489202,4.0
TCK-03825,CLI-107,2026-06-24,telefone,cobranca,media,"14,46",29.695091502140475,2.0
TCK-03826,CLI-163,2026-06-25,email,bug,media,"2,11",6.966706958990611,4.0
TCK-03827,CLI-061,2026-06-25,chat,duvida_de_uso,media,"4,35",12.97342806336189,4.0
TCK-03828,CLI-099,2026-06-25,email,bug,alta,"0,30",1.5879620875463485,5.0
TCK-03829,CLI-123,2026-06-25,telefone,bug,alta,"3,95",9.748020937792353,5.0
TCK-03830,CLI-028,2026-06-25,email,bug,baixa,"9,17",16.971619027174484,3.0
TCK-03831,CLI-162,2026-06-25,telefone,bug,alta,"0,75",5.284231410388138,4.0
TCK-03832,CLI-037,2026-06-25,chat,bug,media,"4,22",11.428720842042631,3.0
TCK-03833,CLI-146,2026-06-25,email,duvida_de_uso,critica,"3,45",14.229950868359419,
TCK-03834,CLI-119,2026-06-25,chat,duvida_de_uso,media,"0,26",5.008166923544932,4.0
TCK-03835,CLI-026,2026-06-25,chat,bug,baixa,"4,64",11.846952854232958,3.0
TCK-03836,CLI-131,2026-06-25,email,cobranca,alta,"5,83",13.879695037031315,5.0
TCK-03837,CLI-036,2026-06-25,email,duvida_de_uso,baixa,"1,86",5.873482484392917,4.0
TCK-03838,CLI-108,2026-06-25,chat,elogio,alta,"3,65",9.765521502120873,
TCK-03839,CLI-173,2026-06-25,chat,duvida_de_uso,critica,"0,49",4.297200932973437,5.0
TCK-03840,CLI-172,2026-06-25,email,bug,alta,"2,39",4.361963732201577,5.0
TCK-03841,CLI-157,2026-06-25,telefone,elogio,media,"3,87",10.269004430834247,5.0
TCK-03842,CLI-089,2026-06-25,email,cobranca,media,"3,72",9.855065174359579,4.0
TCK-03843,CLI-101,2026-06-26,email,duvida_de_uso,media,"5,21",15.01328659229647,4.0
TCK-03844,CLI-055,2026-06-26,chat,duvida_de_uso,baixa,"8,54",18.16838837308921,3.0
TCK-03845,CLI-166,2026-06-26,email,duvida_de_uso,critica,"4,44",9.851898674063216,4.0
TCK-03846,CLI-086,2026-06-26,email,duvida_de_uso,media,"4,53",11.562564309684968,5.0
TCK-03847,CLI-139,2026-06-26,chat,cobranca,media,"4,93",11.988926178917717,3.0
TCK-03848,CLI-065,2026-06-26,email,duvida_de_uso,baixa,"3,71",9.474474781802508,4.0
TCK-03849,CLI-134,2026-06-26,email,bug,critica,"0,62",2.1997233589737255,5.0
TCK-03850,CLI-041,2026-06-26,chat,bug,critica,"2,47",7.219465185420774,4.0
TCK-03851,CLI-133,2026-06-26,chat,bug,media,"0,32",2.704953941741471,4.0
TCK-03852,CLI-009,2026-06-26,telefone,bug,baixa,"7,70",16.537661106245075,3.0
TCK-03853,CLI-019,2026-06-26,chat,duvida_de_uso,alta,"2,30",8.244544601457156,4.0
TCK-03854,CLI-064,2026-06-26,chat,cobranca,media,"3,04",7.453331696885114,5.0
TCK-03855,CLI-087,2026-06-26,email,bug,critica,"1,65",5.638026642448206,4.0
TCK-03856,CLI-129,2026-06-26,chat,bug,critica,"1,03",5.674712869230973,5.0
TCK-03857,CLI-065,2026-06-26,email,bug,alta,"5,78",12.999947859805388,5.0
TCK-03858,CLI-004,2026-06-26,email,duvida_de_uso,baixa,"3,09",12.477544054825223,4.0
TCK-03859,CLI-059,2026-06-26,telefone,duvida_de_uso,alta,"2,12",7.1901099345262285,
TCK-03860,CLI-080,2026-06-26,chat,duvida_de_uso,critica,"5,50",11.03554945601491,4.0
TCK-03861,CLI-098,2026-06-26,chat,elogio,media,"2,52",6.280594443633336,4.0
TCK-03862,CLI-116,2026-06-27,email,elogio,alta,"2,37",5.864066245696775,5.0
TCK-03863,CLI-045,2026-06-27,email,cobranca,media,"4,39",9.671923306664318,4.0
TCK-03864,CLI-110,2026-06-27,chat,cobranca,critica,"1,64",6.7555982933857734,5.0
TCK-03865,CLI-114,2026-06-27,chat,duvida_de_uso,alta,"3,26",7.2121177585963165,
TCK-03866,CLI-140,2026-06-27,chat,duvida_de_uso,baixa,"0,94",4.190786820149489,4.0
TCK-03867,CLI-094,2026-06-27,email,duvida_de_uso,media,"7,79",18.73109858225724,4.0
TCK-03868,CLI-146,2026-06-27,email,cobranca,baixa,"2,73",7.133697199643833,5.0
TCK-03869,CLI-040,2026-06-27,chat,bug,media,"0,70",5.262656800639302,5.0
TCK-03870,CLI-129,2026-06-27,chat,bug,critica,"0,78",1.8857283417666553,4.0
TCK-03871,CLI-009,2026-06-27,email,bug,baixa,"3,26",8.319677426636112,4.0
TCK-03872,CLI-019,2026-06-27,email,duvida_de_uso,critica,"2,13",5.510050424468411,4.0
TCK-03873,CLI-156,2026-06-27,email,cobranca,baixa,"0,95",5.16381195705903,5.0
TCK-03874,CLI-086,2026-06-27,email,bug,alta,"1,01",3.2620947270024496,5.0
TCK-03875,CLI-112,2026-06-27,chat,duvida_de_uso,critica,"2,32",10.282442693446242,
TCK-03876,CLI-109,2026-06-27,email,duvida_de_uso,alta,"4,58",8.780502467449226,4.0
TCK-03877,CLI-126,2026-06-27,chat,cobranca,alta,"2,44",9.101813942224215,4.0
TCK-03878,CLI-045,2026-06-28,chat,bug,critica,"5,39",14.023354044155562,3.0
TCK-03879,CLI-033,2026-06-28,telefone,bug,media,"5,06",12.572355159757203,5.0
TCK-03880,CLI-008,2026-06-28,telefone,duvida_de_uso,alta,"2,35",7.313791013003996,5.0
TCK-03881,CLI-156,2026-06-28,email,duvida_de_uso,baixa,"20,32",42.367376396256276,2.0
TCK-03882,CLI-041,2026-06-28,email,cobranca,media,"1,79",9.934399831398062,4.0
TCK-03883,CLI-104,2026-06-28,email,duvida_de_uso,baixa,"0,84",4.198217728136176,4.0
TCK-03884,CLI-082,2026-06-28,chat,elogio,alta,,9.714281623148052,4.0
TCK-03885,CLI-030,2026-06-28,email,bug,alta,"11,84",23.4783776890147,4.0
TCK-03886,CLI-075,2026-06-28,email,duvida_de_uso,media,"6,88",13.625618162957428,4.0
TCK-03887,CLI-015,2026-06-28,email,elogio,critica,,9.308739449808996,4.0
TCK-03888,CLI-032,2026-06-28,email,bug,baixa,"1,97",6.917483991192551,5.0
TCK-03889,CLI-026,2026-06-28,chat,cobranca,critica,"3,42",6.748295404804855,3.0
TCK-03890,CLI-149,2026-06-28,chat,bug,baixa,"1,95",7.198412948837694,4.0
TCK-03891,CLI-103,2026-06-28,chat,duvida_de_uso,media,"1,79",6.645890362159286,4.0
TCK-03892,CLI-167,2026-06-28,telefone,bug,media,"9,47",19.151092489863796,3.0
TCK-03893,CLI-079,2026-06-28,email,duvida_de_uso,media,"0,64",3.1611162717274066,4.0
TCK-03894,CLI-037,2026-06-28,email,cobranca,alta,"4,88",12.419920720206726,5.0
TCK-03895,CLI-110,2026-06-28,email,bug,alta,"2,09",9.179685661474682,5.0
TCK-03896,CLI-168,2026-06-28,chat,bug,alta,"2,25",7.641605896033544,5.0
TCK-03897,CLI-096,2026-06-28,chat,bug,baixa,"1,05",6.053908062087039,4.0
TCK-03898,CLI-004,2026-06-29,email,bug,baixa,"3,26",7.612806725879193,5.0
TCK-03899,CLI-055,2026-06-29,telefone,duvida_de_uso,baixa,"16,01",31.202466848786084,2.0
TCK-03900,CLI-167,2026-06-29,email,elogio,media,"6,44",15.496160467347822,4.0
TCK-03901,CLI-094,2026-06-29,email,bug,baixa,"5,70",11.228564765388475,5.0
TCK-03902,CLI-172,2026-06-29,chat,duvida_de_uso,media,"2,29",7.439787716524142,5.0
TCK-03903,CLI-092,2026-06-29,telefone,duvida_de_uso,alta,"3,57",10.16704384647452,5.0
TCK-03904,CLI-003,2026-06-29,chat,bug,critica,"2,41",7.280886346265231,3.0
TCK-03905,CLI-158,2026-06-29,telefone,bug,alta,"5,29",13.007989302910495,4.0
TCK-03906,CLI-138,2026-06-29,email,cobranca,baixa,"6,52",14.820924035361406,3.0
TCK-03907,CLI-129,2026-06-29,chat,duvida_de_uso,media,"7,67",15.875182932946453,3.0
TCK-03908,CLI-175,2026-06-29,telefone,cobranca,baixa,"3,11",6.828985196505962,5.0
TCK-03909,CLI-036,2026-06-29,chat,duvida_de_uso,media,"5,59",12.93063038858329,3.0
TCK-03910,CLI-164,2026-06-29,email,duvida_de_uso,media,"12,88",28.138122674301258,4.0
TCK-03911,CLI-042,2026-06-29,telefone,cobranca,critica,,16.89183357536837,4.0
TCK-03912,CLI-175,2026-06-29,email,cobranca,media,"3,52",8.825027126419776,4.0
TCK-03913,CLI-035,2026-06-30,email,elogio,baixa,"6,90",14.862292756637881,4.0
TCK-03914,CLI-100,2026-06-30,telefone,bug,media,"0,91",3.9710039658200618,4.0
TCK-03915,CLI-143,2026-06-30,telefone,elogio,critica,"11,46",22.968388313030978,3.0
TCK-03916,CLI-015,2026-06-30,telefone,cobranca,baixa,"7,32",16.602749168405584,4.0
TCK-03917,CLI-013,2026-06-30,telefone,cobranca,alta,,10.729316391591858,4.0
TCK-03918,CLI-153,2026-06-30,email,cobranca,baixa,"3,22",12.192563626436053,4.0
TCK-03919,CLI-011,2026-06-30,telefone,elogio,baixa,"1,13",3.7965893276419136,5.0
TCK-03920,CLI-111,2026-06-30,email,duvida_de_uso,alta,"8,09",18.538832885987745,3.0
TCK-03921,CLI-169,2026-06-30,chat,cobranca,baixa,"1,97",7.352404735866906,3.0
TCK-03922,CLI-111,2026-06-30,email,cobranca,alta,"12,13",24.332780201547116,2.0
TCK-03923,CLI-087,2026-06-30,telefone,cobranca,baixa,"0,89",3.0657602666908534,5.0
TCK-03924,CLI-076,2026-06-30,chat,cobranca,media,"1,06",5.328863834819555,4.0
TCK-03925,CLI-115,2026-06-30,telefone,bug,media,,9.057083370513384,5.0
TCK-03926,CLI-103,2026-06-30,email,bug,alta,"0,26",3.8780137666900525,5.0
TCK-03927,CLI-091,2026-06-30,email,duvida_de_uso,alta,"6,01",12.643670804954539,4.0
TCK-03928,CLI-028,2026-06-30,email,cobranca,alta,"1,37",5.226495474574954,5.0
TCK-03929,CLI-120,2026-07-01,email,cobranca,media,"1,78",4.495289979536088,5.0
TCK-03930,CLI-134,2026-07-01,chat,cobranca,baixa,"0,87",4.589415504799111,
TCK-03931,CLI-128,2026-07-01,email,cobranca,media,"2,77",9.007778865684571,5.0
TCK-03932,CLI-014,2026-07-01,chat,duvida_de_uso,media,"6,33",13.352366337344392,4.0
TCK-03933,CLI-127,2026-07-01,email,bug,baixa,"5,29",7.645949102277474,5.0
TCK-03934,CLI-132,2026-07-01,email,duvida_de_uso,critica,"4,34",11.223741421804265,4.0
TCK-03935,CLI-034,2026-07-01,chat,cobranca,media,"2,25",6.299336508784042,4.0
TCK-03936,CLI-153,2026-07-01,email,duvida_de_uso,baixa,"2,42",6.232718637485073,
TCK-03937,CLI-095,2026-07-01,email,cobranca,critica,"2,45",6.273567814726825,5.0
TCK-03938,CLI-086,2026-07-01,email,elogio,media,"4,18",11.126219361508978,4.0
TCK-03939,CLI-131,2026-07-01,email,duvida_de_uso,alta,"9,78",19.98997343093745,3.0
TCK-03940,CLI-092,2026-07-01,chat,cobranca,baixa,"1,37",6.8565396029311385,4.0
TCK-03941,CLI-099,2026-07-01,email,duvida_de_uso,media,"7,48",17.884629866035812,4.0
TCK-03942,CLI-057,2026-07-01,email,duvida_de_uso,media,"1,51",5.303915914151418,4.0
TCK-03943,CLI-168,2026-07-01,chat,bug,baixa,"3,59",8.678325429795974,
TCK-03944,CLI-175,2026-07-01,chat,bug,alta,"5,71",13.475312014681748,
TCK-03945,CLI-024,2026-07-01,chat,bug,baixa,"2,12",6.596686487398426,
TCK-03946,CLI-132,2026-07-01,email,duvida_de_uso,baixa,"2,44",4.7567671184518,5.0
TCK-03947,CLI-005,2026-07-01,telefone,bug,baixa,"5,97",16.60837749926677,
TCK-03948,CLI-067,2026-07-01,email,duvida_de_uso,baixa,"11,32",24.448473435454755,3.0
TCK-03949,CLI-175,2026-07-01,email,duvida_de_uso,baixa,"7,25",15.349957355760818,3.0
TCK-03950,CLI-032,2026-07-01,telefone,duvida_de_uso,alta,"12,35",22.35974589173303,4.0
TCK-03951,CLI-068,2026-07-02,chat,cobranca,media,"2,28",6.832636145978733,4.0
TCK-03952,CLI-040,2026-07-02,chat,duvida_de_uso,baixa,"2,17",6.031068029886379,3.0
TCK-03953,CLI-132,2026-07-02,telefone,bug,media,"0,99",4.697668925480311,5.0
TCK-03954,CLI-084,2026-07-02,email,elogio,baixa,"2,35",3.985142101565457,4.0
TCK-03955,CLI-107,2026-07-02,telefone,cobranca,media,"3,42",8.4477872748597,
TCK-03956,CLI-170,2026-07-02,chat,cobranca,alta,"2,21",6.3656854615493605,3.0
TCK-03957,CLI-094,2026-07-02,email,cobranca,alta,"5,89",13.310056521682498,4.0
TCK-03958,CLI-133,2026-07-02,email,bug,alta,"2,56",7.24619080428025,4.0
TCK-03959,CLI-018,2026-07-02,email,cobranca,baixa,"2,68",7.905885242856108,4.0
TCK-03960,CLI-039,2026-07-02,telefone,bug,baixa,"13,76",30.048997599080945,3.0
TCK-03961,CLI-171,2026-07-02,email,duvida_de_uso,alta,,2.729741206037769,
TCK-03962,CLI-155,2026-07-02,email,bug,media,"0,41",2.36981909781675,5.0
TCK-03963,CLI-119,2026-07-02,chat,cobranca,media,"1,04",2.275922433023453,5.0
TCK-03964,CLI-069,2026-07-02,chat,bug,critica,"0,23",2.6465659433472415,4.0
TCK-03965,CLI-036,2026-07-02,email,bug,media,"0,50",1.8031909805353998,5.0
TCK-03966,CLI-154,2026-07-02,telefone,bug,alta,"2,82",9.51778666343885,4.0
TCK-03967,CLI-142,2026-07-02,chat,cobranca,media,"2,86",7.995004944981791,3.0
TCK-03968,CLI-044,2026-07-02,telefone,bug,baixa,"2,73",9.328417143849572,
TCK-03969,CLI-107,2026-07-02,email,duvida_de_uso,baixa,"4,97",14.141786811255043,5.0
TCK-03970,CLI-112,2026-07-02,email,bug,media,"6,54",13.48282922569493,3.0
TCK-03971,CLI-086,2026-07-02,chat,cobranca,baixa,"2,62",7.196360884741553,4.0
TCK-03972,CLI-167,2026-07-02,email,bug,alta,,13.922874125917685,4.0
TCK-03973,CLI-023,2026-07-02,chat,elogio,alta,"1,81",6.545385894655319,3.0
TCK-03974,CLI-047,2026-07-02,email,bug,media,,8.374470820826073,5.0
TCK-03975,CLI-018,2026-07-02,chat,bug,media,,4.915561419924197,5.0
TCK-03976,CLI-125,2026-07-02,telefone,bug,media,"6,78",16.548238863786068,3.0
TCK-03977,CLI-116,2026-07-02,telefone,bug,media,"4,22",11.216789271540206,5.0
TCK-03978,CLI-178,2026-07-02,telefone,duvida_de_uso,alta,"4,69",13.539080446570269,4.0
TCK-03979,CLI-098,2026-07-02,telefone,bug,baixa,"0,94",4.595286057717281,4.0
TCK-03980,CLI-028,2026-07-02,email,cobranca,critica,"1,82",7.063585912564071,5.0
TCK-03981,CLI-082,2026-07-02,email,duvida_de_uso,baixa,"2,89",7.940529071809931,5.0
TCK-03982,CLI-016,2026-07-02,telefone,bug,baixa,"1,36",6.976033144088165,5.0
TCK-03983,CLI-121,2026-07-03,telefone,duvida_de_uso,alta,"4,32",9.72302254803271,4.0
TCK-03984,CLI-122,2026-07-03,telefone,bug,baixa,"4,10",7.855041396746639,5.0
TCK-03985,CLI-155,2026-07-03,chat,bug,baixa,"2,35",8.203411479419463,4.0
TCK-03986,CLI-062,2026-07-03,email,bug,baixa,"6,71",13.54634007265742,5.0
TCK-03987,CLI-056,2026-07-03,telefone,bug,alta,"4,39",9.230569729408227,5.0
TCK-03988,CLI-013,2026-07-03,telefone,bug,media,"9,01",21.1064352511269,4.0
TCK-03989,CLI-075,2026-07-03,chat,elogio,baixa,"2,70",9.315435941029614,
TCK-03990,CLI-086,2026-07-03,telefone,cobranca,media,"2,16",6.367445445182079,4.0
TCK-03991,CLI-136,2026-07-03,chat,elogio,baixa,"2,18",2.358653719730854,4.0
TCK-03992,CLI-136,2026-07-03,telefone,bug,critica,"0,20",4.1598602088616845,5.0
TCK-03993,CLI-026,2026-07-03,email,cobranca,baixa,"4,73",12.51071572924939,4.0
TCK-03994,CLI-052,2026-07-03,telefone,duvida_de_uso,media,"1,87",7.148319429560869,4.0
TCK-03995,CLI-093,2026-07-03,email,bug,media,"4,03",10.955673955634666,5.0
TCK-03996,CLI-061,2026-07-03,email,cobranca,media,"2,13",6.561567056396965,
TCK-03997,CLI-005,2026-07-03,email,bug,critica,"1,36",4.831317976531904,4.0
TCK-03998,CLI-153,2026-07-03,chat,duvida_de_uso,media,"6,55",13.132720983393938,3.0
TCK-03999,CLI-132,2026-07-03,email,cobranca,alta,"2,10",5.726430941928528,5.0
TCK-04000,CLI-094,2026-07-03,telefone,duvida_de_uso,media,"1,78",6.692009994703482,5.0
TCK-00556,CLI-091,2026-01-29,chat,bug,media,"4,43",8.84381951243795,4.0
TCK-03492,CLI-115,2026-06-09,telefone,bug,baixa,"3,72",9.320127306847532,5.0
TCK-00528,CLI-026,2026-01-28,chat,cobranca,baixa,"2,20",8.68688606229535,4.0
TCK-03926,CLI-103,2026-06-30,email,bug,alta,"0,26",3.8780137666900525,5.0
TCK-02990,CLI-078,2026-05-17,email,cobranca,alta,"9,79",17.94393916949654,
TCK-00071,CLI-144,2026-01-07,email,duvida_de_uso,alta,,4.235047829432826,5.0
TCK-01757,CLI-063,2026-03-22,email,cobranca,critica,"9,76",21.132107013458686,4.0
TCK-00212,CLI-130,2026-01-14,email,elogio,baixa,"5,46",15.625742294127209,4.0
TCK-00197,CLI-062,2026-01-13,email,duvida_de_uso,baixa,"2,58",8.849553183087128,5.0
TCK-00804,CLI-166,2026-02-08,chat,bug,baixa,"4,06",10.01901331505069,4.0
TCK-03410,CLI-086,2026-06-05,email,bug,baixa,"1,28",3.016231521564012,5.0
TCK-03837,CLI-036,2026-06-25,email,duvida_de_uso,baixa,"1,86",5.873482484392917,4.0
TCK-01147,CLI-096,2026-02-23,telefone,bug,critica,"2,13",10.153903327471085,5.0
TCK-01499,CLI-085,2026-03-09,email,elogio,baixa,"8,54",16.10142367311883,4.0
TCK-03859,CLI-059,2026-06-26,telefone,duvida_de_uso,alta,"2,12",7.1901099345262285,
TCK-03483,CLI-144,2026-06-08,chat,bug,media,"2,20",9.163794215630478,4.0
TCK-01186,CLI-056,2026-02-25,telefone,elogio,baixa,"7,36",17.62064428692462,4.0
TCK-00472,CLI-145,2026-01-24,email,cobranca,baixa,"3,12",11.168176919165566,5.0
TCK-00595,CLI-058,2026-01-30,email,bug,media,"3,39",8.861919947062074,5.0
TCK-00322,CLI-020,2026-01-18,chat,duvida_de_uso,media,,4.9215496433623365,5.0
TCK-01418,CLI-079,2026-03-06,telefone,cobranca,media,"3,00",8.882003714765759,4.0
TCK-01675,CLI-130,2026-03-18,chat,duvida_de_uso,media,"1,81",6.926642859192923,4.0
TCK-03591,CLI-021,2026-06-13,email,duvida_de_uso,media,"5,31",12.914721738465412,5.0
TCK-01704,CLI-036,2026-03-20,chat,bug,media,"4,00",11.319615672354532,5.0
TCK-02541,CLI-053,2026-04-25,telefone,elogio,alta,"0,20",4.010577577536515,5.0
TCK-00206,CLI-048,2026-01-13,chat,duvida_de_uso,media,,4.449936018629657,4.0
TCK-03888,CLI-032,2026-06-28,email,bug,baixa,"1,97",6.917483991192551,5.0
TCK-03249,CLI-026,2026-05-29,chat,bug,media,"1,36",8.82958401680889,4.0
TCK-02132,CLI-176,2026-04-08,chat,bug,critica,"4,53",13.102835337968305,4.0
TCK-01256,CLI-016,2026-02-27,telefone,bug,baixa,"4,88",10.27975401372979,4.0
TCK-02300,CLI-161,2026-04-15,telefone,elogio,media,"4,10",11.515769106324612,4.0
TCK-01227,CLI-020,2026-02-26,email,elogio,media,"4,79",11.09607239901361,3.0
TCK-03919,CLI-011,2026-06-30,telefone,elogio,baixa,"1,13",3.7965893276419136,5.0
TCK-02465,CLI-084,2026-04-22,chat,bug,alta,"1,25",3.04100493971647,5.0
TCK-02384,CLI-071,2026-04-18,chat,cobranca,baixa,,8.605586249183856,5.0
TCK-00150,CLI-011,2026-01-11,email,bug,media,"3,49",7.568966861449106,
TCK-00870,CLI-008,2026-02-11,chat,duvida_de_uso,baixa,"1,84",7.109010597647507,4.0
TCK-01979,CLI-011,2026-04-01,email,bug,critica,"1,03",4.293506418627823,5.0
TCK-02457,CLI-152,2026-04-22,chat,duvida_de_uso,baixa,"2,02",7.6457114593424516,4.0
TCK-03866,CLI-140,2026-06-27,chat,duvida_de_uso,baixa,"0,94",4.190786820149489,4.0
TCK-02213,CLI-109,2026-04-11,email,bug,baixa,"2,46",8.15343737067011,5.0
TCK-01007,CLI-154,2026-02-18,chat,bug,media,"3,30",9.716575285180703,3.0
TCK-03048,CLI-137,2026-05-20,email,duvida_de_uso,media,,5.370471280635515,
TCK-00706,CLI-102,2026-02-04,email,duvida_de_uso,alta,"1,53",6.028422596761708,5.0
TCK-03144,CLI-103,2026-05-24,email,bug,media,"3,06",8.080919251922714,4.0
TCK-03597,CLI-062,2026-06-14,email,duvida_de_uso,baixa,"4,55",10.706281548879174,4.0
TCK-01988,CLI-039,2026-04-01,email,cobranca,critica,"6,25",13.142938017206852,4.0
TCK-00180,CLI-091,2026-01-12,telefone,duvida_de_uso,media,,7.268582327776204,5.0
TCK-00110,CLI-127,2026-01-09,chat,duvida_de_uso,baixa,"0,63",4.554954017298828,4.0
TCK-03079,CLI-038,2026-05-21,email,bug,media,"0,28",3.9852288736148775,5.0
TCK-01056,CLI-180,2026-02-20,email,elogio,baixa,,8.337979709500749,4.0
TCK-03953,CLI-132,2026-07-02,telefone,bug,media,"0,99",4.697668925480311,5.0
TCK-00315,CLI-044,2026-01-18,email,bug,alta,"4,74",12.016189142373008,3.0
TCK-01823,CLI-055,2026-03-25,chat,duvida_de_uso,media,"0,48",2.961446559917331,
TCK-00568,CLI-045,2026-01-29,email,duvida_de_uso,media,"2,51",7.46333169758995,4.0
TCK-00880,CLI-114,2026-02-12,email,duvida_de_uso,media,"10,32",22.125662336998204,4.0
TCK-02231,CLI-114,2026-04-12,telefone,duvida_de_uso,critica,"2,27",6.217531078932074,3.0
TCK-01412,CLI-102,2026-03-06,chat,duvida_de_uso,baixa,,13.072315646080792,
TCK-03225,CLI-110,2026-05-28,chat,bug,media,"0,62",4.796147780963768,4.0
TCK-03937,CLI-095,2026-07-01,email,cobranca,critica,"2,45",6.273567814726825,5.0
TCK-03250,CLI-072,2026-05-29,chat,duvida_de_uso,baixa,"4,83",11.340841408438687,4.0
TCK-00930,CLI-105,2026-02-14,email,duvida_de_uso,media,"5,95",14.029448942583844,3.0
TCK-02579,CLI-175,2026-04-27,telefone,bug,baixa,"14,18",28.762276642915747,
TCK-03380,CLI-072,2026-06-04,email,bug,alta,"4,87",12.915356245520087,5.0
TCK-02293,CLI-043,2026-04-14,telefone,cobranca,media,"4,22",11.347103879095503,4.0
TCK-01503,CLI-042,2026-03-09,email,duvida_de_uso,media,"5,22",11.775560316664434,5.0
TCK-03783,CLI-019,2026-06-22,chat,duvida_de_uso,media,"2,78",5.962819426518271,3.0
TCK-00606,CLI-097,2026-01-30,email,duvida_de_uso,alta,"2,83",8.62370465575251,3.0
TCK-01989,CLI-038,2026-04-01,telefone,bug,alta,"5,45",13.74233520056026,4.0
TCK-00015,CLI-130,2026-01-05,chat,bug,media,"0,63",3.607603028823217,4.0
TCK-01262,CLI-167,2026-02-28,chat,bug,baixa,"1,02",4.042421642574146,4.0
TCK-03239,CLI-159,2026-05-29,chat,cobranca,alta,"2,61",8.001667668203895,3.0
TCK-03319,CLI-047,2026-06-01,chat,cobranca,media,,6.960379903329622,3.0
TCK-00009,CLI-037,2026-01-05,email,cobranca,alta,"6,75",15.088345465371388,5.0
TCK-00890,CLI-049,2026-02-12,telefone,bug,media,"2,75",9.185225085674496,4.0
TCK-03149,CLI-179,2026-05-24,chat,bug,media,"3,26",8.401521547835223,4.0
TCK-03552,CLI-094,2026-06-12,chat,cobranca,media,"1,08",6.0712023541998565,5.0
TCK-01445,CLI-026,2026-03-07,telefone,cobranca,media,"6,90",14.740412993932047,4.0
TCK-00394,CLI-108,2026-01-21,chat,cobranca,baixa,"1,03",4.428726563563967,4.0
TCK-01583,CLI-093,2026-03-14,email,bug,alta,"7,34",16.325833241670836,3.0
